/*
SQLyog Ultimate v11.11 (64 bit)
MySQL - 5.7.14-log : Database - gimnasio
*********************************************************************
*/

/*!40101 SET NAMES utf8 */;

/*!40101 SET SQL_MODE=''*/;

/*!40014 SET @OLD_UNIQUE_CHECKS=@@UNIQUE_CHECKS, UNIQUE_CHECKS=0 */;
/*!40014 SET @OLD_FOREIGN_KEY_CHECKS=@@FOREIGN_KEY_CHECKS, FOREIGN_KEY_CHECKS=0 */;
/*!40101 SET @OLD_SQL_MODE=@@SQL_MODE, SQL_MODE='NO_AUTO_VALUE_ON_ZERO' */;
/*!40111 SET @OLD_SQL_NOTES=@@SQL_NOTES, SQL_NOTES=0 */;
CREATE DATABASE /*!32312 IF NOT EXISTS*/`gimnasio` /*!40100 DEFAULT CHARACTER SET utf8 */;

USE `gimnasio`;

/*Table structure for table `cliente_ingresos` */

DROP TABLE IF EXISTS `cliente_ingresos`;

CREATE TABLE `cliente_ingresos` (
  `id` bigint(20) unsigned NOT NULL AUTO_INCREMENT COMMENT 'Id del ingreso del cliente',
  `cliente_paquete_id` bigint(20) unsigned NOT NULL COMMENT 'Id del cliente relacionado con el paquete',
  `cliente_id` bigint(20) unsigned NOT NULL COMMENT 'Id del cliente',
  `fecha_ingreso` datetime NOT NULL COMMENT 'Fecha de ingreso',
  `usuario_id` bigint(20) unsigned NOT NULL COMMENT 'Id del usuario que registra',
  PRIMARY KEY (`id`)
) ENGINE=InnoDB AUTO_INCREMENT=1190 DEFAULT CHARSET=utf8 COLLATE=utf8_unicode_ci;

/*Data for the table `cliente_ingresos` */

insert  into `cliente_ingresos`(`id`,`cliente_paquete_id`,`cliente_id`,`fecha_ingreso`,`usuario_id`) values (1,5,1,'2016-08-30 20:35:03',1),(2,8,7,'2016-08-31 06:45:10',1),(3,20,19,'2016-08-31 06:46:13',1),(4,11,10,'2016-08-31 06:46:19',1),(5,21,20,'2016-08-31 08:55:04',1),(6,19,18,'2016-08-31 20:49:28',1),(7,5,1,'2016-08-31 20:49:39',1),(8,8,7,'2016-09-01 06:45:41',1),(9,20,19,'2016-09-01 06:45:47',1),(10,22,21,'2016-09-01 18:44:22',1),(11,23,22,'2016-09-01 18:44:30',1),(12,24,23,'2016-09-01 19:19:48',1),(13,4,4,'2016-09-01 20:23:25',1),(14,16,15,'2016-09-01 20:23:30',1),(15,15,14,'2016-09-01 20:23:40',1),(16,8,7,'2016-09-02 08:03:24',1),(17,21,20,'2016-09-02 08:03:34',1),(18,4,4,'2016-09-02 20:38:49',1),(19,15,14,'2016-09-02 20:38:59',1),(20,12,11,'2016-09-05 06:59:57',1),(21,8,7,'2016-09-05 07:03:15',1),(22,21,20,'2016-09-05 08:47:10',1),(23,15,14,'2016-09-05 19:26:01',1),(24,33,31,'2016-09-05 19:26:21',1),(25,24,23,'2016-09-05 19:26:29',1),(26,4,4,'2016-09-05 19:34:34',1),(27,5,1,'2016-09-05 19:35:28',1),(28,19,18,'2016-09-05 20:24:19',1),(29,8,7,'2016-09-06 06:05:17',1),(30,12,11,'2016-09-06 06:10:23',1),(31,1,2,'2016-09-06 06:19:58',1),(32,20,19,'2016-09-06 06:31:00',1),(33,11,10,'2016-09-06 06:31:55',1),(34,30,28,'2016-09-06 06:55:05',1),(35,23,22,'2016-09-06 08:18:55',1),(36,22,21,'2016-09-06 08:22:44',1),(37,2,3,'2016-09-06 08:49:32',1),(38,21,20,'2016-09-06 08:58:07',1),(39,32,30,'2016-09-06 16:23:20',1),(40,28,26,'2016-09-06 16:23:26',1),(41,13,12,'2016-09-06 16:36:03',1),(42,37,34,'2016-09-06 17:39:26',1),(43,10,9,'2016-09-06 19:25:34',1),(44,9,8,'2016-09-06 19:26:18',1),(45,5,1,'2016-09-06 19:26:57',1),(46,24,23,'2016-09-06 19:33:50',1),(47,35,32,'2016-09-06 19:34:06',1),(48,4,4,'2016-09-06 19:34:20',1),(49,1,2,'2016-09-07 06:23:08',1),(50,12,11,'2016-09-07 06:23:29',1),(51,33,31,'2016-09-07 06:24:21',1),(52,20,19,'2016-09-07 06:46:15',1),(53,11,10,'2016-09-07 06:46:19',1),(54,8,7,'2016-09-07 07:06:19',1),(55,22,21,'2016-09-07 09:06:40',1),(56,21,20,'2016-09-07 10:05:24',1),(57,28,26,'2016-09-07 17:25:36',1),(58,14,13,'2016-09-07 18:15:59',1),(59,10,9,'2016-09-07 18:33:18',1),(60,9,8,'2016-09-07 18:33:25',1),(61,5,1,'2016-09-07 19:30:51',1),(62,25,24,'2016-09-07 19:31:35',1),(63,37,34,'2016-09-07 19:31:57',1),(64,32,30,'2016-09-07 19:32:58',1),(65,15,14,'2016-09-07 20:32:47',1),(66,16,15,'2016-09-07 20:33:51',1),(67,8,7,'2016-09-08 07:01:38',1),(68,30,28,'2016-09-08 07:01:45',1),(69,33,31,'2016-09-08 07:05:43',1),(70,21,20,'2016-09-08 10:22:32',1),(71,37,34,'2016-09-08 17:16:49',1),(72,32,30,'2016-09-08 19:19:51',1),(73,36,33,'2016-09-08 19:27:30',1),(74,5,1,'2016-09-08 19:27:42',1),(75,4,4,'2016-09-08 19:32:21',1),(76,35,32,'2016-09-08 19:36:32',1),(77,24,23,'2016-09-08 19:36:53',1),(78,15,14,'2016-09-08 20:31:43',1),(79,16,15,'2016-09-08 20:31:50',1),(80,19,18,'2016-09-08 20:33:26',1),(81,11,10,'2016-09-09 07:03:17',1),(82,30,28,'2016-09-09 07:03:27',1),(83,8,7,'2016-09-09 07:03:35',1),(84,31,29,'2016-09-09 10:39:41',1),(85,40,36,'2016-09-09 15:41:37',1),(86,13,12,'2016-09-09 17:32:21',1),(87,33,31,'2016-09-09 17:32:28',1),(88,32,30,'2016-09-09 17:34:25',1),(89,41,37,'2016-09-09 19:22:54',1),(90,4,4,'2016-09-09 19:31:40',1),(91,37,34,'2016-09-09 19:31:46',1),(92,24,23,'2016-09-09 19:33:57',1),(93,35,32,'2016-09-09 19:34:05',1),(94,15,14,'2016-09-09 20:30:37',1),(95,16,15,'2016-09-09 20:30:43',1),(96,30,28,'2016-09-13 07:02:12',1),(97,8,7,'2016-09-13 07:02:20',1),(98,21,20,'2016-09-13 09:05:23',1),(99,38,35,'2016-09-13 15:44:37',1),(100,40,36,'2016-09-13 15:44:43',1),(101,32,30,'2016-09-13 17:30:15',1),(102,13,12,'2016-09-13 18:34:32',1),(103,36,33,'2016-09-13 19:24:20',1),(104,41,37,'2016-09-13 19:24:44',1),(105,14,13,'2016-09-13 19:24:59',1),(106,23,22,'2016-09-13 20:23:18',1),(107,35,32,'2016-09-13 20:23:22',1),(108,20,19,'2016-09-13 20:23:37',1),(109,22,21,'2016-09-13 20:24:25',1),(110,37,34,'2016-09-13 20:25:09',1),(111,15,14,'2016-09-13 20:41:14',1),(112,16,15,'2016-09-13 20:41:18',1),(113,11,10,'2016-09-14 06:57:10',1),(114,8,7,'2016-09-14 06:57:25',1),(115,40,36,'2016-09-14 15:39:02',1),(116,9,8,'2016-09-14 18:35:49',1),(117,10,9,'2016-09-14 18:35:57',1),(118,21,20,'2016-09-14 18:52:11',1),(119,41,37,'2016-09-14 20:22:45',1),(120,36,33,'2016-09-14 20:22:56',1),(121,12,11,'2016-09-15 06:06:51',1),(122,8,7,'2016-09-15 06:07:11',1),(123,6,5,'2016-09-15 06:08:42',1),(124,20,19,'2016-09-15 06:09:30',1),(125,30,28,'2016-09-15 07:02:45',1),(126,21,20,'2016-09-15 09:05:05',1),(127,40,36,'2016-09-15 16:24:59',1),(128,38,35,'2016-09-15 16:25:18',1),(129,23,22,'2016-09-15 18:36:38',1),(130,22,21,'2016-09-15 18:36:49',1),(131,10,9,'2016-09-15 18:37:29',1),(132,9,8,'2016-09-15 18:38:15',1),(133,37,34,'2016-09-15 19:28:41',1),(134,4,4,'2016-09-15 19:29:15',1),(135,5,1,'2016-09-15 19:29:30',1),(136,15,14,'2016-09-15 19:32:17',1),(137,16,15,'2016-09-15 19:32:57',1),(138,12,11,'2016-09-16 05:57:06',1),(139,1,2,'2016-09-16 06:21:19',1),(140,6,5,'2016-09-16 06:53:14',1),(141,31,29,'2016-09-16 10:30:45',1),(142,23,22,'2016-09-16 19:25:47',1),(143,22,21,'2016-09-16 19:25:55',1),(144,25,24,'2016-09-16 19:26:08',1),(145,10,9,'2016-09-16 19:26:23',1),(146,9,8,'2016-09-16 19:26:30',1),(147,4,4,'2016-09-16 19:26:38',1),(148,15,14,'2016-09-16 19:34:41',1),(149,16,15,'2016-09-16 19:34:47',1),(150,12,11,'2016-09-19 05:53:29',1),(151,20,19,'2016-09-19 06:25:05',1),(152,11,10,'2016-09-19 06:25:12',1),(153,6,5,'2016-09-19 06:39:33',1),(154,8,7,'2016-09-19 07:06:29',1),(155,31,29,'2016-09-19 10:09:20',1),(156,32,30,'2016-09-19 16:11:19',1),(157,28,26,'2016-09-19 18:16:01',1),(158,10,9,'2016-09-19 19:27:34',1),(159,9,8,'2016-09-19 19:27:47',1),(160,5,1,'2016-09-19 19:28:13',1),(161,36,33,'2016-09-19 19:31:09',1),(162,48,40,'2016-09-19 19:32:31',1),(163,15,14,'2016-09-19 19:32:44',1),(164,16,15,'2016-09-19 19:32:48',1),(165,41,37,'2016-09-19 19:33:04',1),(166,8,7,'2016-09-20 06:08:56',1),(167,50,5,'2016-09-20 06:09:14',1),(168,30,28,'2016-09-20 06:56:07',1),(169,11,10,'2016-09-20 07:00:57',1),(170,20,19,'2016-09-20 07:01:08',1),(171,21,20,'2016-09-20 09:05:39',1),(172,52,42,'2016-09-20 18:37:28',1),(173,10,9,'2016-09-20 18:37:45',1),(174,38,35,'2016-09-20 18:37:51',1),(175,9,8,'2016-09-20 18:37:59',1),(176,35,32,'2016-09-20 18:38:12',1),(177,58,1,'2016-09-20 19:27:41',1),(178,37,34,'2016-09-20 19:28:04',1),(179,41,37,'2016-09-20 19:30:26',1),(180,36,33,'2016-09-20 19:30:30',1),(181,15,14,'2016-09-20 20:38:48',1),(182,16,15,'2016-09-20 20:38:57',1),(183,14,13,'2016-09-20 20:39:13',1),(184,44,39,'2016-09-20 20:39:29',1),(185,19,18,'2016-09-20 20:41:18',1),(186,11,10,'2016-09-21 06:58:46',1),(187,20,19,'2016-09-21 06:58:53',1),(188,8,7,'2016-09-21 06:58:59',1),(189,50,5,'2016-09-21 06:59:17',1),(190,30,28,'2016-09-21 07:00:08',1),(191,55,44,'2016-09-21 07:00:20',1),(192,31,29,'2016-09-21 07:41:31',1),(193,56,45,'2016-09-21 16:15:29',1),(194,40,36,'2016-09-21 16:15:34',1),(195,38,35,'2016-09-21 16:15:42',1),(196,24,23,'2016-09-21 18:09:14',1),(197,13,12,'2016-09-21 18:16:49',1),(198,33,31,'2016-09-21 18:16:58',1),(199,35,32,'2016-09-21 18:17:14',1),(200,36,33,'2016-09-21 19:21:21',1),(201,41,37,'2016-09-21 19:21:49',1),(202,48,40,'2016-09-21 19:34:12',1),(203,15,14,'2016-09-21 20:21:58',1),(204,16,15,'2016-09-21 20:22:03',1),(205,28,26,'2016-09-21 20:23:31',1),(206,51,41,'2016-09-21 20:23:40',1),(207,37,34,'2016-09-21 20:23:56',1),(208,54,43,'2016-09-21 20:34:53',1),(209,11,10,'2016-09-22 06:51:03',1),(210,20,19,'2016-09-22 06:51:15',1),(211,38,35,'2016-09-22 16:37:08',1),(212,13,12,'2016-09-22 16:37:12',1),(213,41,37,'2016-09-22 19:20:51',1),(214,24,23,'2016-09-22 19:21:01',1),(215,35,32,'2016-09-22 19:21:06',1),(216,37,34,'2016-09-22 20:26:44',1),(217,44,39,'2016-09-22 20:27:10',1),(218,54,43,'2016-09-22 20:28:36',1),(219,12,11,'2016-09-23 06:04:50',1),(220,20,19,'2016-09-23 06:19:13',1),(221,11,10,'2016-09-23 06:19:30',1),(222,28,26,'2016-09-23 16:29:52',1),(223,51,41,'2016-09-23 16:30:12',1),(224,32,30,'2016-09-23 16:36:56',1),(225,41,37,'2016-09-23 19:35:49',1),(226,58,1,'2016-09-23 19:35:58',1),(227,36,33,'2016-09-23 19:36:02',1),(228,35,32,'2016-09-23 19:36:09',1),(229,62,49,'2016-09-23 19:36:14',1),(230,48,40,'2016-09-23 19:36:22',1),(231,54,43,'2016-09-23 20:35:58',1),(232,37,34,'2016-09-23 20:37:01',1),(233,58,1,'2016-09-24 10:09:18',1),(234,15,14,'2016-09-24 10:18:10',1),(235,52,42,'2016-09-24 10:18:22',1),(236,50,5,'2016-09-26 05:46:18',1),(237,56,45,'2016-09-26 15:44:53',1),(238,38,35,'2016-09-26 15:45:03',1),(239,30,28,'2016-09-26 16:20:54',1),(240,55,44,'2016-09-26 16:21:02',1),(241,32,30,'2016-09-26 17:34:56',1),(242,35,32,'2016-09-26 18:33:10',1),(243,24,23,'2016-09-26 18:33:17',1),(244,25,24,'2016-09-26 19:12:17',1),(245,37,34,'2016-09-26 19:20:37',1),(246,36,33,'2016-09-26 19:21:51',1),(247,41,37,'2016-09-26 19:21:56',1),(248,64,4,'2016-09-26 19:31:10',1),(249,58,1,'2016-09-26 19:32:19',1),(250,22,21,'2016-09-26 19:36:29',1),(251,23,22,'2016-09-26 19:36:45',1),(252,31,29,'2016-09-27 08:15:05',1),(253,21,20,'2016-09-27 10:43:16',1),(254,32,30,'2016-09-27 16:16:50',1),(255,56,45,'2016-09-27 16:21:56',1),(256,40,36,'2016-09-27 16:22:00',1),(257,64,4,'2016-09-27 16:37:15',1),(258,70,12,'2016-09-27 17:29:50',1),(259,25,24,'2016-09-27 19:23:02',1),(260,41,37,'2016-09-27 19:32:26',1),(261,36,33,'2016-09-27 19:32:33',1),(262,58,1,'2016-09-27 19:32:39',1),(263,72,15,'2016-09-27 19:35:06',1),(264,71,14,'2016-09-27 19:35:12',1),(265,56,45,'2016-09-28 16:17:32',1),(266,40,36,'2016-09-28 16:17:39',1),(267,38,35,'2016-09-28 16:19:17',1),(268,25,24,'2016-09-28 19:29:27',1),(269,32,30,'2016-09-28 19:29:35',1),(270,64,4,'2016-09-28 19:30:04',1),(271,72,15,'2016-09-28 19:30:15',1),(272,28,26,'2016-09-28 19:30:45',1),(273,51,41,'2016-09-28 19:30:54',1),(274,48,40,'2016-09-28 19:32:57',1),(275,23,22,'2016-09-28 20:24:56',1),(276,22,21,'2016-09-28 20:25:22',1),(277,21,20,'2016-09-29 08:59:22',1),(278,56,45,'2016-09-29 16:24:49',1),(279,40,36,'2016-09-29 16:24:53',1),(280,38,35,'2016-09-29 16:24:58',1),(281,52,42,'2016-09-29 18:33:42',1),(282,31,29,'2016-09-29 18:34:26',1),(283,32,30,'2016-09-29 18:34:35',1),(284,41,37,'2016-09-29 19:23:27',1),(285,25,24,'2016-09-29 19:23:46',1),(286,36,33,'2016-09-29 19:24:07',1),(287,35,32,'2016-09-29 19:33:53',1),(288,72,15,'2016-09-29 19:37:08',1),(289,33,31,'2016-09-30 06:09:55',1),(290,77,54,'2016-09-30 08:50:49',1),(291,21,20,'2016-09-30 09:05:09',1),(292,40,36,'2016-09-30 15:36:52',1),(293,56,45,'2016-09-30 15:36:58',1),(294,35,32,'2016-09-30 17:35:31',1),(295,31,29,'2016-09-30 19:21:42',1),(296,37,34,'2016-09-30 19:29:44',1),(297,44,39,'2016-10-01 07:02:19',1),(298,80,56,'2016-10-03 05:02:06',1),(299,79,55,'2016-10-03 05:03:30',1),(300,56,45,'2016-10-03 15:30:54',1),(301,38,35,'2016-10-03 16:19:28',1),(302,52,42,'2016-10-03 17:23:05',1),(303,32,30,'2016-10-03 17:31:13',1),(304,70,12,'2016-10-03 17:31:19',1),(305,82,20,'2016-10-03 17:53:13',1),(306,36,33,'2016-10-03 19:24:25',1),(307,41,37,'2016-10-03 19:24:42',1),(308,58,1,'2016-10-03 19:24:47',1),(309,65,50,'2016-10-03 19:25:05',1),(310,83,58,'2016-10-03 19:25:13',1),(311,54,43,'2016-10-03 20:31:27',1),(312,79,55,'2016-10-04 05:03:03',1),(313,80,56,'2016-10-04 05:03:10',1),(314,74,10,'2016-10-04 07:11:29',1),(315,56,45,'2016-10-04 15:33:07',1),(316,82,20,'2016-10-04 15:33:20',1),(317,52,42,'2016-10-04 18:31:12',1),(318,41,37,'2016-10-04 19:22:14',1),(319,36,33,'2016-10-04 19:22:26',1),(320,58,1,'2016-10-04 19:32:50',1),(321,64,4,'2016-10-04 19:32:55',1),(322,83,58,'2016-10-04 19:37:52',1),(323,81,57,'2016-10-04 19:38:03',1),(324,48,40,'2016-10-04 19:38:11',1),(325,84,24,'2016-10-04 19:38:20',1),(326,79,55,'2016-10-05 05:03:07',1),(327,80,56,'2016-10-05 05:03:25',1),(328,65,50,'2016-10-05 05:04:01',1),(329,74,10,'2016-10-05 07:16:21',1),(330,30,28,'2016-10-05 07:53:40',1),(331,55,44,'2016-10-05 07:53:51',1),(332,86,59,'2016-10-05 08:15:46',1),(333,56,45,'2016-10-05 15:38:06',1),(334,37,34,'2016-10-05 18:21:15',1),(335,62,49,'2016-10-05 19:23:52',1),(336,36,33,'2016-10-05 19:24:38',1),(337,41,37,'2016-10-05 19:24:57',1),(338,58,1,'2016-10-05 19:25:36',1),(339,83,58,'2016-10-05 19:35:05',1),(340,82,20,'2016-10-05 19:35:10',1),(341,81,57,'2016-10-05 20:32:48',1),(342,52,42,'2016-10-05 20:32:56',1),(343,48,40,'2016-10-05 20:33:52',1),(344,64,4,'2016-10-05 20:38:38',1),(345,44,39,'2016-10-05 21:13:55',1),(346,79,55,'2016-10-06 05:04:41',1),(347,80,56,'2016-10-06 06:02:33',1),(348,38,35,'2016-10-06 11:11:21',1),(349,40,36,'2016-10-06 15:31:59',1),(350,55,44,'2016-10-06 15:32:07',1),(351,87,61,'2016-10-06 15:32:17',1),(352,36,33,'2016-10-06 18:24:13',1),(353,41,37,'2016-10-06 18:24:21',1),(354,62,49,'2016-10-06 20:59:32',1),(355,79,55,'2016-10-07 05:06:05',1),(356,80,56,'2016-10-07 05:06:16',1),(357,38,35,'2016-10-07 10:05:03',1),(358,62,49,'2016-10-07 10:05:45',1),(359,68,7,'2016-10-07 10:05:53',1),(360,50,5,'2016-10-07 10:06:08',1),(361,56,45,'2016-10-07 16:24:49',1),(362,87,61,'2016-10-07 16:24:57',1),(363,84,24,'2016-10-07 19:21:38',1),(364,41,37,'2016-10-07 19:23:48',1),(365,36,33,'2016-10-07 19:23:57',1),(366,37,34,'2016-10-07 19:34:53',1),(367,64,4,'2016-10-07 19:37:28',1),(368,44,39,'2016-10-08 07:09:38',1),(369,79,55,'2016-10-10 05:07:00',1),(370,92,28,'2016-10-10 07:53:40',1),(371,55,44,'2016-10-10 07:53:47',1),(372,66,51,'2016-10-10 07:55:23',1),(373,56,45,'2016-10-10 15:35:09',1),(374,32,30,'2016-10-10 16:57:56',1),(375,88,62,'2016-10-10 16:58:05',1),(376,84,24,'2016-10-10 19:24:54',1),(377,64,4,'2016-10-10 19:25:02',1),(378,58,1,'2016-10-10 19:25:39',1),(379,62,49,'2016-10-10 20:06:07',1),(380,82,20,'2016-10-10 20:24:32',1),(381,81,57,'2016-10-10 20:24:45',1),(382,37,34,'2016-10-10 20:26:15',1),(383,79,55,'2016-10-11 05:52:28',1),(384,80,56,'2016-10-11 05:52:37',1),(385,69,11,'2016-10-11 05:52:49',1),(386,90,35,'2016-10-11 08:02:04',1),(387,77,54,'2016-10-11 08:02:31',1),(388,76,53,'2016-10-11 08:02:41',1),(389,87,61,'2016-10-11 15:38:20',1),(390,56,45,'2016-10-11 15:43:13',1),(391,92,28,'2016-10-11 16:19:18',1),(392,64,4,'2016-10-11 19:29:51',1),(393,44,39,'2016-10-11 20:32:16',1),(394,80,56,'2016-10-12 05:02:39',1),(395,79,55,'2016-10-12 05:02:43',1),(396,55,44,'2016-10-12 07:49:59',1),(397,92,28,'2016-10-12 07:50:04',1),(398,91,63,'2016-10-12 07:50:14',1),(399,56,45,'2016-10-12 16:17:10',1),(400,64,4,'2016-10-12 19:26:58',1),(401,58,1,'2016-10-12 19:30:10',1),(402,83,58,'2016-10-12 19:32:13',1),(403,52,42,'2016-10-12 19:35:41',1),(404,62,49,'2016-10-12 20:40:41',1),(405,79,55,'2016-10-13 05:04:48',1),(406,80,56,'2016-10-13 05:04:57',1),(407,75,52,'2016-10-13 06:55:28',1),(408,74,10,'2016-10-13 07:10:10',1),(409,68,7,'2016-10-13 07:10:21',1),(410,77,54,'2016-10-13 08:02:17',1),(411,56,45,'2016-10-13 15:39:00',1),(412,52,42,'2016-10-13 18:32:27',1),(413,83,58,'2016-10-13 19:29:46',1),(414,62,49,'2016-10-13 19:30:02',1),(415,58,1,'2016-10-13 19:30:05',1),(416,37,34,'2016-10-13 20:48:57',1),(417,55,44,'2016-10-14 07:53:00',1),(418,77,54,'2016-10-14 07:53:15',1),(419,91,63,'2016-10-14 07:54:14',1),(420,92,28,'2016-10-14 08:09:58',1),(421,96,64,'2016-10-14 08:57:13',1),(422,50,5,'2016-10-14 10:03:51',1),(423,90,35,'2016-10-14 10:03:58',1),(424,56,45,'2016-10-14 16:19:55',1),(425,100,67,'2016-10-14 17:22:09',1),(426,101,68,'2016-10-14 17:22:14',1),(427,50,5,'2016-10-15 07:08:21',1),(428,68,7,'2016-10-15 07:08:46',1),(429,91,63,'2016-10-15 07:09:00',1),(430,44,39,'2016-10-15 08:01:04',1),(431,101,68,'2016-10-15 09:57:10',1),(432,100,67,'2016-10-15 09:57:23',1),(433,76,53,'2016-10-15 12:11:00',1),(434,87,61,'2016-10-17 08:12:56',1),(435,81,57,'2016-10-17 08:13:05',1),(436,70,12,'2016-10-17 08:13:10',1),(437,71,14,'2016-10-17 08:13:36',1),(438,72,15,'2016-10-17 08:13:41',1),(439,101,68,'2016-10-17 10:52:26',1),(440,100,67,'2016-10-17 10:52:32',1),(441,104,70,'2016-10-18 05:06:01',1),(442,105,71,'2016-10-18 05:06:11',1),(443,79,55,'2016-10-18 05:06:20',1),(444,50,5,'2016-10-18 06:55:08',1),(445,68,7,'2016-10-18 06:55:20',1),(446,76,53,'2016-10-18 06:55:37',1),(447,74,10,'2016-10-18 06:56:01',1),(448,91,63,'2016-10-18 07:07:14',1),(449,92,28,'2016-10-18 07:07:34',1),(450,55,44,'2016-10-18 07:07:45',1),(451,100,67,'2016-10-18 16:27:48',1),(452,70,12,'2016-10-18 19:26:02',1),(453,62,49,'2016-10-18 19:26:16',1),(454,37,34,'2016-10-18 19:26:48',1),(455,64,4,'2016-10-18 19:29:27',1),(456,81,57,'2016-10-18 19:36:40',1),(457,107,40,'2016-10-18 19:38:16',1),(458,82,20,'2016-10-18 20:29:15',1),(459,73,13,'2016-10-18 20:29:24',1),(460,108,39,'2016-10-18 20:30:23',1),(461,32,30,'2016-10-18 20:30:57',1),(462,51,41,'2016-10-18 21:25:01',1),(463,80,56,'2016-10-19 05:03:56',1),(464,79,55,'2016-10-19 05:04:04',1),(465,49,2,'2016-10-19 05:37:06',1),(466,91,63,'2016-10-19 06:56:51',1),(467,76,53,'2016-10-19 06:57:57',1),(468,92,28,'2016-10-19 07:52:50',1),(469,68,7,'2016-10-19 07:52:55',1),(470,77,54,'2016-10-19 07:58:19',1),(471,56,45,'2016-10-19 15:29:22',1),(472,66,51,'2016-10-19 15:29:43',1),(473,106,36,'2016-10-19 16:27:47',1),(474,100,67,'2016-10-19 17:23:07',1),(475,32,30,'2016-10-19 20:35:34',1),(476,88,62,'2016-10-19 20:35:43',1),(477,83,58,'2016-10-19 21:27:19',1),(478,108,39,'2016-10-19 21:27:30',1),(479,71,14,'2016-10-19 21:27:40',1),(480,72,15,'2016-10-19 21:27:46',1),(481,58,1,'2016-10-19 21:27:52',1),(482,80,56,'2016-10-20 05:03:55',1),(483,79,55,'2016-10-20 05:04:13',1),(484,76,53,'2016-10-20 07:49:04',1),(485,77,54,'2016-10-20 07:49:12',1),(486,91,63,'2016-10-20 07:49:20',1),(487,86,59,'2016-10-20 10:00:55',1),(488,90,35,'2016-10-20 15:39:18',1),(489,106,36,'2016-10-20 15:39:23',1),(490,56,45,'2016-10-20 15:40:17',1),(491,66,51,'2016-10-20 15:40:33',1),(492,37,34,'2016-10-20 19:03:08',1),(493,110,37,'2016-10-20 19:22:54',1),(494,58,1,'2016-10-20 19:27:29',1),(495,64,4,'2016-10-20 19:28:46',1),(496,62,49,'2016-10-20 19:34:08',1),(497,82,20,'2016-10-20 20:26:52',1),(498,80,56,'2016-10-21 05:02:27',1),(499,79,55,'2016-10-21 05:03:32',1),(500,50,5,'2016-10-21 09:52:55',1),(501,66,51,'2016-10-21 15:32:53',1),(502,103,69,'2016-10-21 17:33:28',1),(503,84,24,'2016-10-21 20:10:29',1),(504,76,53,'2016-10-22 07:02:31',1),(505,108,39,'2016-10-22 07:03:50',1),(506,79,55,'2016-10-24 05:05:21',1),(507,111,73,'2016-10-24 05:05:52',1),(508,105,71,'2016-10-24 05:05:56',1),(509,104,70,'2016-10-24 05:06:42',1),(510,76,53,'2016-10-24 07:53:43',1),(511,50,5,'2016-10-24 10:12:51',1),(512,110,37,'2016-10-24 17:19:42',1),(513,84,24,'2016-10-24 19:33:59',1),(514,81,57,'2016-10-24 19:36:40',1),(515,37,34,'2016-10-24 19:37:53',1),(516,80,56,'2016-10-25 05:59:37',1),(517,79,55,'2016-10-25 05:59:44',1),(518,104,70,'2016-10-25 06:03:02',1),(519,105,71,'2016-10-25 06:10:51',1),(520,68,7,'2016-10-25 06:57:12',1),(521,91,63,'2016-10-25 06:57:56',1),(522,92,28,'2016-10-25 07:02:32',1),(523,118,44,'2016-10-25 07:03:50',1),(524,76,53,'2016-10-25 08:06:44',1),(525,115,45,'2016-10-25 15:36:05',1),(526,106,36,'2016-10-25 15:37:24',1),(527,100,67,'2016-10-25 16:26:28',1),(528,32,30,'2016-10-25 18:12:57',1),(529,88,62,'2016-10-25 18:13:07',1),(530,83,58,'2016-10-25 19:29:10',1),(531,50,5,'2016-10-25 19:30:53',1),(532,37,34,'2016-10-25 19:32:46',1),(533,81,57,'2016-10-25 19:39:12',1),(534,107,40,'2016-10-25 20:30:49',1),(535,73,13,'2016-10-25 21:20:43',1),(536,79,55,'2016-10-26 05:04:33',1),(537,80,56,'2016-10-26 05:04:41',1),(538,69,11,'2016-10-26 05:13:23',1),(539,115,45,'2016-10-26 16:19:15',1),(540,106,36,'2016-10-26 16:19:19',1),(541,116,75,'2016-10-26 16:48:49',1),(542,100,67,'2016-10-26 17:28:02',1),(543,37,34,'2016-10-26 19:22:33',1),(544,101,68,'2016-10-26 19:23:02',1),(545,84,24,'2016-10-26 19:23:14',1),(546,50,5,'2016-10-26 19:23:56',1),(547,120,1,'2016-10-26 20:42:26',1),(548,73,13,'2016-10-26 20:42:34',1),(549,117,42,'2016-10-26 20:42:46',1),(550,83,58,'2016-10-26 20:42:59',1),(551,79,55,'2016-10-27 05:08:33',1),(552,105,71,'2016-10-27 05:08:39',1),(553,111,73,'2016-10-27 05:08:52',1),(554,80,56,'2016-10-27 05:09:09',1),(555,92,28,'2016-10-27 07:06:12',1),(556,118,44,'2016-10-27 07:06:28',1),(557,76,53,'2016-10-27 07:06:34',1),(558,74,10,'2016-10-27 07:07:03',1),(559,101,68,'2016-10-27 16:31:56',1),(560,100,67,'2016-10-27 16:32:04',1),(561,113,74,'2016-10-27 16:32:18',1),(562,110,37,'2016-10-27 18:30:14',1),(563,109,72,'2016-10-27 18:30:24',1),(564,83,58,'2016-10-27 19:36:29',1),(565,120,1,'2016-10-27 19:36:39',1),(566,123,53,'2016-10-28 07:51:58',1),(567,105,71,'2016-10-31 05:07:49',1),(568,104,70,'2016-10-31 05:08:05',1),(569,126,55,'2016-10-31 06:01:25',1),(570,127,56,'2016-10-31 06:03:19',1),(571,124,10,'2016-10-31 06:52:42',1),(572,121,11,'2016-10-31 06:53:17',1),(573,122,7,'2016-10-31 06:53:30',1),(574,50,5,'2016-10-31 06:54:02',1),(575,92,28,'2016-10-31 07:53:16',1),(576,123,53,'2016-10-31 08:53:20',1),(577,65,50,'2016-10-31 18:23:45',1),(578,83,58,'2016-10-31 19:22:39',1),(579,88,62,'2016-10-31 19:24:34',1),(580,90,35,'2016-10-31 19:27:02',1),(581,129,4,'2016-10-31 19:32:39',1),(582,120,1,'2016-10-31 19:32:44',1),(583,111,73,'2016-11-01 06:04:58',1),(584,105,71,'2016-11-01 06:05:04',1),(585,104,70,'2016-11-01 06:05:08',1),(586,126,55,'2016-11-01 06:05:12',1),(587,91,63,'2016-11-01 06:05:18',1),(588,127,56,'2016-11-01 06:05:27',1),(589,122,7,'2016-11-01 06:05:55',1),(590,50,5,'2016-11-01 06:06:12',1),(591,123,53,'2016-11-01 06:54:43',1),(592,124,10,'2016-11-01 06:55:01',1),(593,92,28,'2016-11-01 07:46:54',1),(594,118,44,'2016-11-01 07:47:07',1),(595,90,35,'2016-11-01 15:29:42',1),(596,32,30,'2016-11-01 16:05:51',1),(597,108,39,'2016-11-01 19:36:54',1),(598,120,1,'2016-11-01 19:36:59',1),(599,101,68,'2016-11-01 19:37:04',1),(600,129,4,'2016-11-01 19:37:11',1),(601,114,51,'2016-11-02 06:55:12',1),(602,118,44,'2016-11-02 07:56:39',1),(603,91,63,'2016-11-02 07:57:51',1),(604,90,35,'2016-11-02 10:59:39',1),(605,50,5,'2016-11-02 11:00:25',1),(606,123,53,'2016-11-02 11:00:36',1),(607,88,62,'2016-11-02 15:24:28',1),(608,113,74,'2016-11-02 17:14:33',1),(609,100,67,'2016-11-02 17:28:59',1),(610,83,58,'2016-11-02 19:29:48',1),(611,65,50,'2016-11-02 19:29:59',1),(612,110,37,'2016-11-02 19:30:03',1),(613,126,55,'2016-11-03 06:00:32',1),(614,127,56,'2016-11-03 06:00:39',1),(615,122,7,'2016-11-03 06:10:00',1),(616,92,28,'2016-11-03 07:53:09',1),(617,91,63,'2016-11-03 07:53:13',1),(618,118,44,'2016-11-03 07:53:18',1),(619,106,36,'2016-11-03 16:21:21',1),(620,88,62,'2016-11-03 16:25:36',1),(621,116,75,'2016-11-03 16:26:42',1),(622,100,67,'2016-11-03 17:30:53',1),(623,103,69,'2016-11-03 18:18:17',1),(624,110,37,'2016-11-03 19:35:54',1),(625,132,79,'2016-11-03 19:36:07',1),(626,120,1,'2016-11-03 19:36:12',1),(627,123,53,'2016-11-03 19:40:01',1),(628,91,63,'2016-11-04 07:07:42',1),(629,118,44,'2016-11-04 07:07:55',1),(630,100,67,'2016-11-04 16:37:43',1),(631,113,74,'2016-11-04 16:37:49',1),(632,103,69,'2016-11-04 18:25:50',1),(633,129,4,'2016-11-04 19:30:18',1),(634,90,35,'2016-11-04 19:30:23',1),(635,110,37,'2016-11-04 19:31:56',1),(636,88,62,'2016-11-05 10:00:58',1),(637,132,79,'2016-11-07 08:03:36',1),(638,103,69,'2016-11-07 08:44:04',1),(639,91,63,'2016-11-07 09:01:11',1),(640,65,50,'2016-11-07 10:02:41',1),(641,37,34,'2016-11-07 10:05:01',1),(642,122,7,'2016-11-07 10:53:04',1),(643,111,73,'2016-11-08 05:10:48',1),(644,105,71,'2016-11-08 05:10:55',1),(645,104,70,'2016-11-08 05:11:05',1),(646,92,28,'2016-11-08 06:49:26',1),(647,118,44,'2016-11-08 06:49:35',1),(648,121,11,'2016-11-08 06:49:44',1),(649,50,5,'2016-11-08 06:50:32',1),(650,115,45,'2016-11-08 15:31:32',1),(651,90,35,'2016-11-08 15:33:59',1),(652,106,36,'2016-11-08 16:20:05',1),(653,100,67,'2016-11-08 16:29:59',1),(654,65,50,'2016-11-08 16:30:08',1),(655,129,4,'2016-11-08 19:32:36',1),(656,142,34,'2016-11-08 19:32:44',1),(657,120,1,'2016-11-08 19:33:41',1),(658,108,39,'2016-11-08 19:35:36',1),(659,132,79,'2016-11-08 19:37:47',1),(660,121,11,'2016-11-09 06:57:45',1),(661,50,5,'2016-11-09 06:58:31',1),(662,123,53,'2016-11-09 06:58:42',1),(663,118,44,'2016-11-09 07:52:34',1),(664,115,45,'2016-11-09 15:37:28',1),(665,106,36,'2016-11-09 16:26:26',1),(666,100,67,'2016-11-09 16:30:44',1),(667,113,74,'2016-11-09 17:29:35',1),(668,117,42,'2016-11-09 20:33:56',1),(669,129,4,'2016-11-09 20:34:02',1),(670,136,76,'2016-11-09 20:34:07',1),(671,120,1,'2016-11-09 20:34:13',1),(672,142,34,'2016-11-09 20:34:43',1),(673,101,68,'2016-11-09 21:26:10',1),(674,132,79,'2016-11-10 05:03:50',1),(675,114,51,'2016-11-10 06:03:13',1),(676,118,44,'2016-11-10 06:56:03',1),(677,92,28,'2016-11-10 06:56:25',1),(678,123,53,'2016-11-10 07:55:55',1),(679,115,45,'2016-11-10 16:13:29',1),(680,100,67,'2016-11-10 17:30:50',1),(681,108,39,'2016-11-10 19:24:02',1),(682,91,63,'2016-11-11 07:10:59',1),(683,118,44,'2016-11-11 07:11:17',1),(684,123,53,'2016-11-11 07:54:30',1),(685,103,69,'2016-11-11 15:32:39',1),(686,115,45,'2016-11-11 15:34:42',1),(687,144,35,'2016-11-11 15:35:27',1),(688,143,83,'2016-11-11 18:26:18',1),(689,65,50,'2016-11-11 18:26:31',1),(690,100,67,'2016-11-11 20:07:42',1),(691,101,68,'2016-11-11 20:07:49',1),(692,103,69,'2016-11-12 07:09:25',1),(693,123,53,'2016-11-12 10:19:19',1),(694,129,4,'2016-11-14 08:03:18',1),(695,127,56,'2016-11-14 08:07:20',1),(696,132,79,'2016-11-14 10:06:00',1),(697,130,78,'2016-11-14 10:06:24',1),(698,120,1,'2016-11-14 10:06:48',1),(699,136,76,'2016-11-14 10:06:51',1),(700,91,63,'2016-11-15 05:05:37',1),(701,111,73,'2016-11-15 05:05:52',1),(702,105,71,'2016-11-15 05:06:14',1),(703,121,11,'2016-11-15 06:21:29',1),(704,124,10,'2016-11-15 06:21:38',1),(705,118,44,'2016-11-15 07:04:07',1),(706,123,53,'2016-11-15 07:04:18',1),(707,141,82,'2016-11-15 15:33:53',1),(708,113,74,'2016-11-15 15:36:03',1),(709,115,45,'2016-11-15 15:37:50',1),(710,114,51,'2016-11-15 15:37:57',1),(711,106,36,'2016-11-15 15:41:58',1),(712,122,7,'2016-11-15 18:28:12',1),(713,140,81,'2016-11-15 18:28:17',1),(714,50,5,'2016-11-15 18:28:54',1),(715,145,62,'2016-11-15 19:23:12',1),(716,136,76,'2016-11-15 19:30:52',1),(717,143,83,'2016-11-15 19:31:00',1),(718,129,4,'2016-11-15 20:18:20',1),(719,126,55,'2016-11-16 05:04:14',1),(720,127,56,'2016-11-16 05:04:41',1),(721,132,79,'2016-11-16 05:04:58',1),(722,111,73,'2016-11-16 05:07:30',1),(723,105,71,'2016-11-16 05:07:36',1),(724,124,10,'2016-11-16 06:19:08',1),(725,123,53,'2016-11-16 07:04:42',1),(726,141,82,'2016-11-16 15:33:15',1),(727,115,45,'2016-11-16 15:33:20',1),(728,103,69,'2016-11-16 17:38:05',1),(729,142,34,'2016-11-16 18:31:45',1),(730,50,5,'2016-11-16 18:32:08',1),(731,129,4,'2016-11-16 20:36:57',1),(732,126,55,'2016-11-17 05:07:54',1),(733,91,63,'2016-11-17 05:08:00',1),(734,111,73,'2016-11-17 05:08:07',1),(735,105,71,'2016-11-17 05:08:14',1),(736,118,44,'2016-11-17 07:09:56',1),(737,115,45,'2016-11-17 15:31:16',1),(738,114,51,'2016-11-17 15:31:45',1),(739,50,5,'2016-11-17 16:25:49',1),(740,122,7,'2016-11-17 16:26:02',1),(741,148,84,'2016-11-17 18:15:40',1),(742,149,85,'2016-11-17 18:15:47',1),(743,143,83,'2016-11-17 18:15:58',1),(744,145,62,'2016-11-17 19:17:41',1),(745,83,58,'2016-11-17 19:17:59',1),(746,126,55,'2016-11-18 05:08:54',1),(747,121,11,'2016-11-18 06:58:15',1),(748,118,44,'2016-11-18 07:40:59',1),(749,156,88,'2016-11-18 07:41:12',1),(750,116,75,'2016-11-18 10:13:05',1),(751,115,45,'2016-11-18 15:38:48',1),(752,132,79,'2016-11-21 05:09:19',1),(753,126,55,'2016-11-21 05:09:26',1),(754,127,56,'2016-11-21 05:09:33',1),(755,114,51,'2016-11-21 06:16:55',1),(756,121,11,'2016-11-21 06:17:45',1),(757,118,44,'2016-11-21 07:52:39',1),(758,115,45,'2016-11-21 15:31:32',1),(759,161,67,'2016-11-21 17:18:39',1),(760,145,62,'2016-11-21 17:29:47',1),(761,114,51,'2016-11-22 06:54:37',1),(762,121,11,'2016-11-22 06:54:45',1),(763,132,79,'2016-11-22 06:54:52',1),(764,91,63,'2016-11-22 06:54:58',1),(765,156,88,'2016-11-22 07:56:22',1),(766,115,45,'2016-11-22 15:37:48',1),(767,161,67,'2016-11-22 16:34:54',1),(768,133,80,'2016-11-22 16:35:08',1),(769,122,7,'2016-11-22 18:34:55',1),(770,125,13,'2016-11-22 18:35:07',1),(771,143,83,'2016-11-22 18:35:49',1),(772,157,12,'2016-11-22 18:35:54',1),(773,32,30,'2016-11-22 18:35:58',1),(774,140,81,'2016-11-22 19:28:36',1),(775,65,50,'2016-11-22 19:28:53',1),(776,142,34,'2016-11-22 19:29:00',1),(777,155,87,'2016-11-22 19:36:29',1),(778,129,4,'2016-11-22 19:36:36',1),(779,83,58,'2016-11-22 19:42:29',1),(780,126,55,'2016-11-23 05:04:56',1),(781,127,56,'2016-11-23 05:05:25',1),(782,163,91,'2016-11-23 06:06:29',1),(783,164,92,'2016-11-23 06:06:36',1),(784,118,44,'2016-11-23 07:48:04',1),(785,156,88,'2016-11-23 07:49:55',1),(786,123,53,'2016-11-23 07:50:13',1),(787,115,45,'2016-11-23 15:38:09',1),(788,144,35,'2016-11-23 15:38:13',1),(789,161,67,'2016-11-23 16:32:50',1),(790,83,58,'2016-11-23 19:24:31',1),(791,142,34,'2016-11-23 19:24:46',1),(792,129,4,'2016-11-23 19:29:09',1),(793,65,50,'2016-11-23 19:29:17',1),(794,157,12,'2016-11-23 19:29:32',1),(795,32,30,'2016-11-23 19:29:37',1),(796,126,55,'2016-11-24 05:10:27',1),(797,127,56,'2016-11-24 06:04:46',1),(798,122,7,'2016-11-24 06:04:54',1),(799,123,53,'2016-11-24 06:05:01',1),(800,121,11,'2016-11-24 06:05:42',1),(801,144,35,'2016-11-24 15:36:09',1),(802,115,45,'2016-11-24 15:36:20',1),(803,133,80,'2016-11-24 16:34:49',1),(804,161,67,'2016-11-24 16:39:14',1),(805,162,69,'2016-11-24 16:40:29',1),(806,145,62,'2016-11-24 19:28:46',1),(807,136,76,'2016-11-24 19:29:56',1),(808,65,50,'2016-11-24 19:30:01',1),(809,83,58,'2016-11-24 19:30:16',1),(810,32,30,'2016-11-24 19:30:33',1),(811,120,1,'2016-11-24 20:20:27',1),(812,129,4,'2016-11-24 20:20:32',1),(813,126,55,'2016-11-25 05:02:34',1),(814,118,44,'2016-11-25 07:46:25',1),(815,123,53,'2016-11-25 08:05:23',1),(816,144,35,'2016-11-25 15:35:22',1),(817,161,67,'2016-11-25 17:57:24',1),(818,140,81,'2016-11-26 10:04:41',1),(819,126,55,'2016-11-28 05:05:05',1),(820,127,56,'2016-11-28 05:05:25',1),(821,163,91,'2016-11-28 07:04:49',1),(822,140,81,'2016-11-28 09:49:25',1),(823,155,87,'2016-11-28 09:49:37',1),(824,144,35,'2016-11-28 15:37:50',1),(825,171,5,'2016-11-28 17:17:18',1),(826,132,79,'2016-11-28 18:28:11',1),(827,32,30,'2016-11-28 18:29:05',1),(828,157,12,'2016-11-28 18:29:25',1),(829,172,97,'2016-11-28 18:48:21',1),(830,142,34,'2016-11-28 18:48:40',1),(831,143,83,'2016-11-28 19:12:57',1),(832,129,4,'2016-11-28 19:32:18',1),(833,152,86,'2016-11-28 20:29:03',1),(834,163,91,'2016-11-29 06:55:30',1),(835,164,92,'2016-11-29 06:55:36',1),(836,165,93,'2016-11-29 15:32:33',1),(837,170,96,'2016-11-29 15:32:36',1),(838,161,67,'2016-11-29 17:37:10',1),(839,178,99,'2016-11-29 18:00:01',1),(840,171,5,'2016-11-29 18:01:26',1),(841,157,12,'2016-11-29 18:22:13',1),(842,140,81,'2016-11-29 19:27:44',1),(843,136,76,'2016-11-29 19:28:17',1),(844,83,58,'2016-11-29 19:34:25',1),(845,129,4,'2016-11-29 19:34:34',1),(846,142,34,'2016-11-29 19:34:47',1),(847,172,97,'2016-11-29 19:35:00',1),(848,126,55,'2016-11-30 05:05:26',1),(849,162,69,'2016-11-30 15:44:04',1),(850,161,67,'2016-11-30 17:37:50',1),(851,181,7,'2016-11-30 18:36:01',1),(852,172,97,'2016-11-30 18:36:13',1),(853,142,34,'2016-11-30 18:36:20',1),(854,136,76,'2016-11-30 18:36:25',1),(855,153,14,'2016-11-30 18:36:37',1),(856,154,15,'2016-11-30 18:36:42',1),(857,171,5,'2016-11-30 18:36:55',1),(858,128,77,'2016-11-30 19:25:13',1),(859,83,58,'2016-11-30 19:58:26',1),(860,173,70,'2016-12-01 05:09:50',1),(861,168,71,'2016-12-01 05:10:06',1),(862,144,35,'2016-12-01 15:32:47',1),(863,178,99,'2016-12-01 17:35:04',1),(864,145,62,'2016-12-02 15:30:23',1),(865,165,93,'2016-12-02 16:28:20',1),(866,170,96,'2016-12-02 16:28:25',1),(867,189,104,'2016-12-02 17:28:45',1),(868,145,62,'2016-12-05 09:00:35',1),(869,184,102,'2016-12-05 16:32:26',1),(870,176,98,'2016-12-05 16:32:32',1),(871,179,100,'2016-12-05 16:32:40',1),(872,161,67,'2016-12-05 17:36:33',1),(873,177,68,'2016-12-05 17:36:40',1),(874,144,35,'2016-12-05 19:28:00',1),(875,187,55,'2016-12-06 05:06:18',1),(876,91,63,'2016-12-06 05:55:58',1),(877,184,102,'2016-12-06 16:28:26',1),(878,185,103,'2016-12-06 17:22:33',1),(879,189,104,'2016-12-06 17:22:55',1),(880,177,68,'2016-12-06 17:23:13',1),(881,161,67,'2016-12-06 17:23:21',1),(882,157,12,'2016-12-06 18:32:46',1),(883,181,7,'2016-12-06 18:33:01',1),(884,145,62,'2016-12-07 07:58:41',1),(885,161,67,'2016-12-07 17:24:30',1),(886,170,96,'2016-12-07 17:25:53',1),(887,177,68,'2016-12-07 21:15:25',1),(888,167,95,'2016-12-07 21:15:39',1),(889,160,90,'2016-12-07 21:16:03',1),(890,158,89,'2016-12-07 21:16:11',1),(891,194,1,'2016-12-07 21:16:18',1),(892,162,69,'2016-12-08 08:01:11',1),(893,179,100,'2016-12-08 10:00:37',1),(894,181,7,'2016-12-08 10:00:45',1),(895,191,49,'2016-12-08 10:00:59',1),(896,171,5,'2016-12-08 10:01:31',1),(897,187,55,'2016-12-09 05:00:53',1),(898,182,51,'2016-12-09 15:34:20',1),(899,193,45,'2016-12-09 15:34:34',1),(900,144,35,'2016-12-09 16:15:28',1),(901,176,98,'2016-12-09 19:01:02',1),(902,181,7,'2016-12-09 19:29:37',1),(903,157,12,'2016-12-09 19:30:00',1),(904,171,5,'2016-12-09 19:30:41',1),(905,32,30,'2016-12-09 20:17:51',1),(906,189,104,'2016-12-09 21:16:16',1),(907,168,71,'2016-12-12 05:07:58',1),(908,169,73,'2016-12-12 05:08:04',1),(909,173,70,'2016-12-12 05:08:10',1),(910,181,7,'2016-12-12 06:04:12',1),(911,187,55,'2016-12-12 06:04:31',1),(912,188,11,'2016-12-12 06:59:38',1),(913,182,51,'2016-12-12 15:32:44',1),(914,193,45,'2016-12-12 15:32:53',1),(915,190,105,'2016-12-12 15:33:06',1),(916,170,96,'2016-12-12 16:23:41',1),(917,184,102,'2016-12-12 16:23:51',1),(918,189,104,'2016-12-12 16:31:50',1),(919,161,67,'2016-12-12 17:25:08',1),(920,172,97,'2016-12-12 18:20:54',1),(921,178,99,'2016-12-12 18:21:10',1),(922,157,12,'2016-12-12 18:21:57',1),(923,171,5,'2016-12-12 18:22:13',1),(924,192,106,'2016-12-12 19:28:17',1),(925,194,1,'2016-12-12 19:28:47',1),(926,200,20,'2016-12-12 19:32:08',1),(927,199,34,'2016-12-12 20:26:56',1),(928,32,30,'2016-12-12 20:31:20',1),(929,177,68,'2016-12-12 20:32:48',1),(930,160,90,'2016-12-12 20:37:00',1),(931,167,95,'2016-12-12 20:37:29',1),(932,187,55,'2016-12-13 05:05:44',1),(933,168,71,'2016-12-13 06:11:21',1),(934,169,73,'2016-12-13 06:11:27',1),(935,173,70,'2016-12-13 06:11:34',1),(936,177,68,'2016-12-13 10:04:22',1),(937,190,105,'2016-12-13 15:31:00',1),(938,195,36,'2016-12-13 15:31:12',1),(939,193,45,'2016-12-13 15:31:18',1),(940,182,51,'2016-12-13 15:31:26',1),(941,161,67,'2016-12-13 16:34:23',1),(942,172,97,'2016-12-13 18:12:50',1),(943,184,102,'2016-12-13 19:24:29',1),(944,194,1,'2016-12-13 19:24:35',1),(945,178,99,'2016-12-13 19:25:08',1),(946,179,100,'2016-12-13 19:30:13',1),(947,187,55,'2016-12-14 05:07:45',1),(948,169,73,'2016-12-14 05:09:12',1),(949,168,71,'2016-12-14 05:09:23',1),(950,184,102,'2016-12-14 09:47:41',1),(951,191,49,'2016-12-14 09:47:46',1),(952,193,45,'2016-12-14 15:33:00',1),(953,185,103,'2016-12-14 18:26:53',1),(954,178,99,'2016-12-14 18:26:57',1),(955,170,96,'2016-12-14 18:27:11',1),(956,176,98,'2016-12-14 18:55:37',1),(957,182,51,'2016-12-15 06:58:56',1),(958,188,11,'2016-12-15 06:59:02',1),(959,188,11,'2016-12-15 06:59:02',1),(960,181,7,'2016-12-15 18:22:03',1),(961,170,96,'2016-12-15 18:22:09',1),(962,161,67,'2016-12-15 18:31:56',1),(963,189,104,'2016-12-15 18:32:03',1),(964,198,76,'2016-12-15 20:27:07',1),(965,194,1,'2016-12-15 20:27:17',1),(966,180,101,'2016-12-15 20:27:30',1),(967,182,51,'2016-12-16 07:05:15',1),(968,207,107,'2016-12-16 10:52:03',1),(969,208,108,'2016-12-16 10:55:37',1),(970,191,49,'2016-12-16 10:57:03',1),(971,190,105,'2016-12-16 15:31:50',1),(972,193,45,'2016-12-16 15:33:19',1),(973,184,102,'2016-12-16 16:25:41',1),(974,170,96,'2016-12-16 17:26:47',1),(975,179,100,'2016-12-16 17:28:15',1),(976,181,7,'2016-12-16 17:29:14',1),(977,199,34,'2016-12-16 19:34:33',1),(978,198,76,'2016-12-16 19:35:13',1),(979,185,103,'2016-12-17 09:38:21',1),(980,168,71,'2016-12-19 05:54:59',1),(981,187,55,'2016-12-19 06:06:37',1),(982,205,63,'2016-12-19 06:09:29',1),(983,188,11,'2016-12-19 06:14:52',1),(984,193,45,'2016-12-19 15:33:55',1),(985,182,51,'2016-12-19 15:34:07',1),(986,190,105,'2016-12-19 15:34:13',1),(987,178,99,'2016-12-19 16:06:40',1),(988,171,5,'2016-12-19 16:07:10',1),(989,207,107,'2016-12-19 17:32:11',1),(990,181,7,'2016-12-19 17:32:21',1),(991,191,49,'2016-12-19 18:09:52',1),(992,203,30,'2016-12-19 19:13:14',1),(993,176,98,'2016-12-19 19:13:58',1),(994,200,20,'2016-12-19 19:27:41',1),(995,180,101,'2016-12-19 19:28:09',1),(996,189,104,'2016-12-19 20:34:52',1),(997,177,68,'2016-12-19 20:35:11',1),(998,198,76,'2016-12-20 10:19:51',1),(999,190,105,'2016-12-20 15:33:41',1),(1000,193,45,'2016-12-20 15:34:23',1),(1001,170,96,'2016-12-20 17:20:38',1),(1002,189,104,'2016-12-20 19:21:36',1),(1003,194,1,'2016-12-20 19:39:30',1),(1004,200,20,'2016-12-20 19:39:40',1),(1005,176,98,'2016-12-20 19:39:46',1),(1006,177,68,'2016-12-20 19:39:51',1),(1007,192,106,'2016-12-20 19:39:58',1),(1008,199,34,'2016-12-20 19:40:04',1),(1009,172,97,'2016-12-20 19:40:09',1),(1010,187,55,'2016-12-21 05:10:09',1),(1011,210,67,'2016-12-21 15:32:34',1),(1012,177,68,'2016-12-21 15:32:55',1),(1013,193,45,'2016-12-21 15:33:04',1),(1014,182,51,'2016-12-21 15:33:53',1),(1015,169,73,'2016-12-22 05:46:33',1),(1016,168,71,'2016-12-22 05:46:39',1),(1017,187,55,'2016-12-22 05:46:49',1),(1018,210,67,'2016-12-22 09:05:36',1),(1019,208,108,'2016-12-22 18:28:07',1),(1020,189,104,'2016-12-22 20:16:11',1),(1021,194,1,'2016-12-22 20:16:37',1),(1022,172,97,'2016-12-22 20:16:44',1),(1023,198,76,'2016-12-22 20:16:55',1),(1024,181,7,'2016-12-22 20:17:07',1),(1025,176,98,'2016-12-22 20:17:19',1),(1026,171,5,'2016-12-22 20:18:09',1),(1027,209,109,'2016-12-22 20:35:18',1),(1028,209,109,'2016-12-23 08:00:54',1),(1029,170,96,'2016-12-23 17:38:56',1),(1030,191,49,'2016-12-23 17:39:06',1),(1031,207,107,'2016-12-23 19:22:59',1),(1032,178,99,'2016-12-23 19:23:07',1),(1033,206,81,'2016-12-23 19:23:12',1),(1034,176,98,'2016-12-23 19:23:47',1),(1035,210,67,'2016-12-24 10:06:06',1),(1036,205,63,'2016-12-26 05:16:02',1),(1037,187,55,'2016-12-26 05:16:11',1),(1038,193,45,'2016-12-26 15:32:42',1),(1039,182,51,'2016-12-26 15:33:08',1),(1040,191,49,'2016-12-26 15:33:21',1),(1041,210,67,'2016-12-26 16:28:20',1),(1042,178,99,'2016-12-26 17:51:53',1),(1043,188,11,'2016-12-27 06:23:29',1),(1044,210,67,'2016-12-27 10:05:05',1),(1045,193,45,'2016-12-27 15:36:34',1),(1046,195,36,'2016-12-27 16:20:12',1),(1047,191,49,'2016-12-27 18:00:55',1),(1048,209,109,'2016-12-27 20:20:50',1),(1049,203,30,'2016-12-28 05:01:18',1),(1050,207,107,'2016-12-28 16:32:53',1),(1051,210,67,'2016-12-28 16:36:51',1),(1052,178,99,'2016-12-28 18:33:40',1),(1053,194,1,'2016-12-28 18:33:46',1),(1054,199,34,'2016-12-28 18:33:55',1),(1055,192,106,'2016-12-28 19:57:57',1),(1056,210,67,'2016-12-29 15:36:37',1),(1057,212,97,'2016-12-29 19:23:28',1),(1058,192,106,'2016-12-29 19:23:36',1),(1059,193,45,'2016-12-30 15:33:20',1),(1060,182,51,'2016-12-30 15:33:58',1),(1061,205,63,'2017-01-03 06:07:19',1),(1062,195,36,'2017-01-03 15:33:06',1),(1063,191,49,'2017-01-03 16:28:16',1),(1064,200,20,'2017-01-03 18:35:23',1),(1065,208,108,'2017-01-03 18:35:34',1),(1066,194,1,'2017-01-03 18:35:41',1),(1067,213,16,'2017-01-03 19:15:22',1),(1068,192,106,'2017-01-03 19:25:21',1),(1069,221,4,'2017-01-03 19:35:08',1),(1070,199,34,'2017-01-03 19:36:05',1),(1071,203,30,'2017-01-03 20:00:11',1),(1072,213,16,'2017-01-04 05:56:44',1),(1073,193,45,'2017-01-04 15:35:44',1),(1074,212,97,'2017-01-04 18:05:58',1),(1075,200,20,'2017-01-04 19:20:11',1),(1076,205,63,'2017-01-05 06:05:19',1),(1077,222,73,'2017-01-05 06:12:35',1),(1078,223,71,'2017-01-05 06:14:30',1),(1079,193,45,'2017-01-05 15:32:15',1),(1080,224,51,'2017-01-05 15:32:54',1),(1081,210,67,'2017-01-05 16:32:30',1),(1082,225,96,'2017-01-05 18:34:54',1),(1083,206,81,'2017-01-05 18:35:02',1),(1084,215,5,'2017-01-05 18:35:59',1),(1085,212,97,'2017-01-05 19:30:18',1),(1086,198,76,'2017-01-05 19:30:24',1),(1087,205,63,'2017-01-06 06:54:36',1),(1088,213,16,'2017-01-06 06:55:40',1),(1089,210,67,'2017-01-06 10:12:46',1),(1090,224,51,'2017-01-06 15:33:35',1),(1091,220,114,'2017-01-06 16:35:48',1),(1092,225,96,'2017-01-06 17:23:07',1),(1093,212,97,'2017-01-06 17:43:29',1),(1094,199,34,'2017-01-06 19:14:10',1),(1095,198,76,'2017-01-06 19:39:56',1),(1096,221,4,'2017-01-09 09:03:03',1),(1097,222,73,'2017-01-10 05:07:16',1),(1098,223,71,'2017-01-10 05:07:27',1),(1099,213,16,'2017-01-10 06:15:41',1),(1100,210,67,'2017-01-10 10:04:54',1),(1101,224,51,'2017-01-10 15:34:54',1),(1102,202,62,'2017-01-10 20:24:15',1),(1103,212,97,'2017-01-10 20:24:34',1),(1104,229,1,'2017-01-10 20:24:44',1),(1105,209,109,'2017-01-10 20:32:01',1),(1106,223,71,'2017-01-11 06:10:59',1),(1107,231,45,'2017-01-11 15:38:50',1),(1108,225,96,'2017-01-11 17:23:20',1),(1109,221,4,'2017-01-11 18:30:50',1),(1110,215,5,'2017-01-11 18:31:26',1),(1111,217,111,'2017-01-11 18:33:09',1),(1112,205,63,'2017-01-11 19:32:07',1),(1113,229,1,'2017-01-11 19:32:19',1),(1114,206,81,'2017-01-11 19:32:29',1),(1115,219,113,'2017-01-11 21:30:10',1),(1116,205,63,'2017-01-12 05:02:44',1),(1117,220,114,'2017-01-12 16:36:58',1),(1118,215,5,'2017-01-12 18:13:35',1),(1119,225,96,'2017-01-12 18:29:14',1),(1120,222,73,'2017-01-13 06:01:10',1),(1121,223,71,'2017-01-13 06:16:43',1),(1122,210,67,'2017-01-13 15:33:26',1),(1123,212,97,'2017-01-13 18:33:59',1),(1124,226,115,'2017-01-13 18:34:14',1),(1125,227,116,'2017-01-13 18:34:22',1),(1126,225,96,'2017-01-13 18:34:31',1),(1127,239,83,'2017-01-13 18:35:10',1),(1128,221,4,'2017-01-14 08:51:04',1),(1129,220,114,'2017-01-14 09:42:38',1),(1130,222,73,'2017-01-16 06:02:37',1),(1131,223,71,'2017-01-16 06:03:34',1),(1132,218,112,'2017-01-16 06:06:53',1),(1133,237,122,'2017-01-16 08:00:34',1),(1134,231,45,'2017-01-16 15:32:28',1),(1135,224,51,'2017-01-16 15:32:59',1),(1136,225,96,'2017-01-16 16:28:47',1),(1137,230,93,'2017-01-16 16:28:52',1),(1138,212,97,'2017-01-16 18:29:11',1),(1139,215,5,'2017-01-16 18:29:28',1),(1140,210,67,'2017-01-16 18:36:40',1),(1141,202,62,'2017-01-16 21:15:13',1),(1142,210,67,'2017-01-17 10:02:05',1),(1143,245,68,'2017-01-17 10:02:12',1),(1144,217,111,'2017-01-17 15:30:40',1),(1145,231,45,'2017-01-17 15:31:22',1),(1146,225,96,'2017-01-17 16:31:32',1),(1147,236,121,'2017-01-17 19:22:42',1),(1148,243,126,'2017-01-17 19:34:46',1),(1149,221,4,'2017-01-17 19:34:54',1),(1150,244,30,'2017-01-17 19:35:01',1),(1151,229,1,'2017-01-17 19:35:23',1),(1152,218,112,'2017-01-18 05:07:21',1),(1153,252,70,'2017-01-18 05:52:28',1),(1154,230,93,'2017-01-18 08:58:36',1),(1155,210,67,'2017-01-18 10:05:47',1),(1156,231,45,'2017-01-18 15:35:17',1),(1157,217,111,'2017-01-18 15:35:55',1),(1158,225,96,'2017-01-18 17:32:29',1),(1159,221,4,'2017-01-18 19:29:03',1),(1160,239,83,'2017-01-18 19:29:09',1),(1161,229,1,'2017-01-18 19:29:14',1),(1162,245,68,'2017-01-18 19:29:20',1),(1163,226,115,'2017-01-18 19:29:24',1),(1164,218,112,'2017-01-19 05:57:19',1),(1165,252,70,'2017-01-19 06:18:40',1),(1166,222,73,'2017-01-19 06:18:57',1),(1167,213,16,'2017-01-19 06:20:07',1),(1168,245,68,'2017-01-19 11:06:35',1),(1169,231,45,'2017-01-19 15:29:52',1),(1170,217,111,'2017-01-19 15:30:02',1),(1171,229,1,'2017-01-19 20:23:39',1),(1172,240,124,'2017-01-19 20:23:45',1),(1173,255,76,'2017-01-19 20:23:58',1),(1174,249,120,'2017-01-19 20:24:07',1),(1175,209,109,'2017-01-19 20:24:20',1),(1176,241,13,'2017-01-19 20:24:55',1),(1177,243,126,'2017-01-19 20:25:08',1),(1178,226,115,'2017-01-19 20:26:00',1),(1179,250,127,'2017-01-19 21:29:40',1),(1180,251,128,'2017-01-19 21:29:53',1),(1181,218,112,'2017-01-20 06:11:59',1),(1182,210,67,'2017-01-20 10:01:01',1),(1183,245,68,'2017-01-20 10:01:08',1),(1184,231,45,'2017-01-20 15:34:21',1),(1185,224,51,'2017-01-20 15:34:34',1),(1186,220,114,'2017-01-20 17:35:34',1),(1187,253,129,'2017-01-20 17:35:43',1),(1188,212,97,'2017-01-20 17:35:50',1),(1189,226,115,'2017-01-20 19:28:16',1);

/*Table structure for table `cliente_paquete` */

DROP TABLE IF EXISTS `cliente_paquete`;

CREATE TABLE `cliente_paquete` (
  `id` bigint(20) unsigned NOT NULL AUTO_INCREMENT COMMENT 'Id principal',
  `cliente_id` bigint(20) unsigned NOT NULL COMMENT 'Id del cliente',
  `paquete_id` int(10) unsigned NOT NULL COMMENT 'Id del paquete',
  `descuento_id` int(10) unsigned DEFAULT NULL COMMENT 'Id del descuento',
  `numero_dias_tiquetera` smallint(2) unsigned DEFAULT NULL COMMENT 'Número de dias cuando es tiquetera',
  `dias_usados_tiquetera` smallint(2) unsigned DEFAULT NULL COMMENT 'Cada vez que ponga el dedo el cliente de tiquetera',
  `precio_base` decimal(12,2) NOT NULL COMMENT 'Precio base',
  `valor_total` decimal(12,2) NOT NULL COMMENT 'Valor total del paquete con descuento',
  `estado` smallint(1) unsigned NOT NULL DEFAULT '1' COMMENT 'Estado (1: Activo; 2: Vencido)',
  `fecha_inicia_paquete` date NOT NULL COMMENT 'Fecha de inicio paquete',
  `fecha_finaliza_paquete` date DEFAULT NULL COMMENT 'Fecha de finalizacion del paquete',
  `usuario_id` bigint(20) unsigned NOT NULL COMMENT 'Id del usuario registra',
  `fecha_registro` datetime NOT NULL COMMENT 'Fecha registro',
  `fecha_modificacion` datetime NOT NULL COMMENT 'Fecha modificación',
  PRIMARY KEY (`id`),
  KEY `cliente_paquete_cliente_id_idx` (`paquete_id`),
  KEY `cliente_paquete_paquete_id_idx` (`cliente_id`),
  KEY `cliente_paquete_descuento_id_idx` (`descuento_id`),
  KEY `cliente_paquete_usuario_id_idx` (`usuario_id`),
  CONSTRAINT `cliente_paquete_cliente_id_fk` FOREIGN KEY (`paquete_id`) REFERENCES `paquetes` (`id`) ON DELETE NO ACTION ON UPDATE NO ACTION,
  CONSTRAINT `cliente_paquete_descuento_id_fk` FOREIGN KEY (`descuento_id`) REFERENCES `descuentos` (`id`) ON DELETE NO ACTION ON UPDATE NO ACTION,
  CONSTRAINT `cliente_paquete_paquete_id_fk` FOREIGN KEY (`cliente_id`) REFERENCES `clientes` (`id`) ON DELETE NO ACTION ON UPDATE NO ACTION,
  CONSTRAINT `cliente_paquete_usuario_id_fk` FOREIGN KEY (`usuario_id`) REFERENCES `usuarios` (`id`) ON DELETE NO ACTION ON UPDATE NO ACTION
) ENGINE=InnoDB AUTO_INCREMENT=261 DEFAULT CHARSET=utf8 COLLATE=utf8_unicode_ci;

/*Data for the table `cliente_paquete` */

insert  into `cliente_paquete`(`id`,`cliente_id`,`paquete_id`,`descuento_id`,`numero_dias_tiquetera`,`dias_usados_tiquetera`,`precio_base`,`valor_total`,`estado`,`fecha_inicia_paquete`,`fecha_finaliza_paquete`,`usuario_id`,`fecha_registro`,`fecha_modificacion`) values (1,2,1,5,0,NULL,70000.00,60000.00,2,'2016-08-17','2016-09-17',1,'2016-08-16 06:19:53','2016-09-19 05:53:16'),(2,3,1,5,0,NULL,70000.00,60000.00,2,'2016-08-17','2016-09-17',1,'2016-08-16 12:00:59','2016-09-19 05:53:16'),(4,4,1,5,0,NULL,70000.00,60000.00,2,'2016-08-18','2016-09-18',1,'2016-08-17 19:25:14','2016-09-19 05:53:16'),(5,1,1,5,0,NULL,70000.00,60000.00,2,'2016-08-19','2016-09-19',1,'2016-08-17 20:43:57','2016-09-19 19:28:13'),(6,5,1,5,0,NULL,70000.00,60000.00,2,'2016-08-19','2016-09-19',1,'2016-08-18 18:21:28','2016-09-19 06:39:33'),(7,6,1,5,0,NULL,70000.00,60000.00,2,'2016-08-23','2016-09-23',1,'2016-08-19 17:39:40','2016-09-24 10:08:33'),(8,7,1,5,0,NULL,70000.00,60000.00,2,'2016-08-23','2016-09-23',1,'2016-08-22 06:58:32','2016-09-24 10:08:33'),(9,8,1,5,0,NULL,70000.00,60000.00,2,'2016-08-22','2016-09-22',1,'2016-08-22 19:27:00','2016-09-23 06:04:37'),(10,9,1,5,0,NULL,70000.00,60000.00,2,'2016-08-22','2016-09-22',1,'2016-08-22 19:29:30','2016-09-23 06:04:37'),(11,10,1,5,0,NULL,70000.00,60000.00,2,'2016-08-24','2016-09-24',1,'2016-08-23 06:55:59','2016-09-26 05:23:40'),(12,11,1,5,0,NULL,70000.00,60000.00,2,'2016-08-25','2016-09-25',1,'2016-08-24 05:16:06','2016-09-26 05:23:40'),(13,12,1,5,0,NULL,70000.00,60000.00,2,'2016-08-24','2016-09-24',1,'2016-08-24 18:18:10','2016-09-26 05:23:40'),(14,13,1,5,0,NULL,70000.00,60000.00,2,'2016-08-24','2016-09-24',1,'2016-08-24 21:11:53','2016-09-26 05:23:40'),(15,14,1,5,0,NULL,70000.00,60000.00,2,'2016-08-24','2016-09-24',1,'2016-08-24 21:20:03','2016-09-24 10:18:10'),(16,15,1,5,0,NULL,70000.00,60000.00,2,'2016-08-24','2016-09-24',1,'2016-08-24 21:22:23','2016-09-26 05:23:40'),(17,16,2,NULL,0,NULL,6000.00,6000.00,2,'2016-08-25','2016-08-25',1,'2016-08-25 07:09:20','2016-08-30 20:32:49'),(18,17,2,NULL,0,NULL,6000.00,6000.00,2,'2016-08-25','2016-08-25',1,'2016-08-25 15:35:56','2016-08-30 20:32:49'),(19,18,1,5,0,NULL,70000.00,60000.00,2,'2016-08-26','2016-09-26',1,'2016-08-25 20:52:45','2016-09-27 06:57:41'),(20,19,1,5,0,NULL,70000.00,60000.00,2,'2016-08-26','2016-09-26',1,'2016-08-26 07:08:21','2016-09-27 06:57:41'),(21,20,1,5,0,NULL,70000.00,60000.00,2,'2016-08-30','2016-09-30',1,'2016-08-29 07:56:29','2016-09-30 09:05:08'),(22,21,1,5,0,NULL,70000.00,60000.00,2,'2016-09-01','2016-10-01',1,'2016-08-29 19:26:49','2016-10-03 05:01:51'),(23,22,1,5,0,NULL,70000.00,60000.00,2,'2016-09-01','2016-10-01',1,'2016-08-29 19:29:36','2016-10-03 05:01:51'),(24,23,1,5,0,NULL,70000.00,60000.00,2,'2016-09-01','2016-10-01',1,'2016-08-30 18:27:31','2016-10-03 05:01:51'),(25,24,1,5,0,NULL,70000.00,60000.00,2,'2016-09-01','2016-10-01',1,'2016-08-30 19:29:59','2016-10-03 05:01:51'),(26,16,2,NULL,0,NULL,6000.00,6000.00,2,'2016-08-31','2016-08-31',1,'2016-08-31 06:52:38','2016-09-01 06:45:23'),(27,25,7,NULL,0,NULL,70000.00,70000.00,2,'2016-09-01','2016-09-01',1,'2016-09-01 18:43:10','2016-09-02 08:03:13'),(29,27,2,NULL,0,NULL,6000.00,6000.00,2,'2016-09-02','2016-09-02',1,'2016-09-02 17:52:40','2016-09-04 09:10:46'),(30,28,1,5,0,NULL,70000.00,60000.00,2,'2016-09-05','2016-10-05',1,'2016-09-05 07:45:44','2016-10-05 07:53:39'),(31,29,1,5,0,NULL,70000.00,60000.00,2,'2016-09-08','2016-10-08',1,'2016-09-05 11:07:39','2016-10-10 05:04:46'),(32,30,1,5,0,NULL,70000.00,60000.00,2,'2016-11-12','2016-12-12',1,'2016-09-05 17:30:37','2016-12-12 20:31:20'),(33,31,1,5,0,NULL,70000.00,60000.00,2,'2016-09-05','2016-10-05',1,'2016-09-05 18:17:12','2016-10-06 05:04:30'),(34,27,2,NULL,0,NULL,6000.00,6000.00,2,'2016-09-05','2016-09-05',1,'2016-09-05 18:24:16','2016-09-06 06:04:55'),(35,32,1,5,0,NULL,70000.00,60000.00,2,'2016-09-05','2016-10-05',1,'2016-09-05 19:12:44','2016-10-06 05:04:31'),(36,33,1,5,0,NULL,70000.00,60000.00,2,'2016-09-07','2016-10-07',1,'2016-09-05 19:29:26','2016-10-07 19:23:57'),(37,34,1,5,0,NULL,70000.00,60000.00,2,'2016-10-07','2016-11-07',1,'2016-09-05 19:33:44','2016-11-07 10:05:01'),(38,35,1,5,0,NULL,70000.00,60000.00,2,'2016-09-07','2016-10-07',1,'2016-09-06 16:35:10','2016-10-07 10:05:03'),(39,25,7,NULL,0,NULL,40000.00,40000.00,2,'2016-09-06','2016-09-06',1,'2016-09-06 19:23:55','2016-09-07 06:22:39'),(40,36,1,5,0,NULL,70000.00,60000.00,2,'2016-09-08','2016-10-08',1,'2016-09-08 16:24:56','2016-10-10 05:04:46'),(41,37,1,5,0,NULL,70000.00,60000.00,2,'2016-09-08','2016-10-08',1,'2016-09-08 19:26:36','2016-10-10 05:04:46'),(42,38,2,NULL,0,NULL,6000.00,6000.00,2,'2016-09-09','2016-09-09',1,'2016-09-09 19:27:48','2016-09-10 08:42:44'),(43,25,7,NULL,0,NULL,50000.00,50000.00,2,'2016-09-13','2016-09-13',1,'2016-09-13 18:23:14','2016-09-14 06:15:30'),(44,39,1,5,0,NULL,70000.00,60000.00,2,'2016-09-15','2016-10-15',1,'2016-09-13 18:49:53','2016-10-15 08:01:04'),(45,27,2,NULL,0,NULL,6000.00,6000.00,2,'2016-09-13','2016-09-13',1,'2016-09-13 19:25:27','2016-09-14 06:15:30'),(46,38,2,NULL,0,NULL,6000.00,6000.00,2,'2016-09-13','2016-09-13',1,'2016-09-13 20:22:36','2016-09-14 06:15:30'),(47,27,2,NULL,0,NULL,6000.00,6000.00,2,'2016-09-14','2016-09-14',1,'2016-09-14 18:37:41','2016-09-15 06:06:26'),(48,40,1,5,0,NULL,70000.00,60000.00,2,'2016-09-16','2016-10-16',1,'2016-09-14 20:26:24','2016-10-17 08:12:38'),(49,2,1,5,0,NULL,70000.00,60000.00,2,'2016-09-19','2016-10-19',1,'2016-09-19 05:54:01','2016-10-19 05:37:06'),(50,5,1,5,0,NULL,70000.00,60000.00,2,'2016-10-21','2016-11-21',1,'2016-09-19 16:00:10','2016-11-22 04:57:56'),(51,41,1,5,0,NULL,70000.00,60000.00,2,'2016-09-21','2016-10-21',1,'2016-09-19 17:32:55','2016-10-22 07:01:59'),(52,42,1,5,0,NULL,70000.00,60000.00,2,'2016-09-19','2016-10-19',1,'2016-09-19 17:37:58','2016-10-20 05:01:25'),(53,27,2,NULL,0,NULL,6000.00,6000.00,2,'2016-09-19','2016-09-19',1,'2016-09-19 19:29:47','2016-09-20 05:07:57'),(54,43,1,5,0,NULL,70000.00,60000.00,2,'2016-09-21','2016-10-21',1,'2016-09-19 19:52:03','2016-10-22 07:01:59'),(55,44,1,5,0,NULL,70000.00,60000.00,2,'2016-09-20','2016-10-20',1,'2016-09-20 06:59:43','2016-10-21 04:59:01'),(56,45,1,5,0,NULL,70000.00,60000.00,2,'2016-09-20','2016-10-20',1,'2016-09-20 15:33:46','2016-10-20 15:40:17'),(57,46,2,NULL,0,NULL,6000.00,6000.00,2,'2016-09-20','2016-09-20',1,'2016-09-20 18:36:08','2016-09-21 05:05:44'),(58,1,1,5,0,NULL,70000.00,60000.00,2,'2016-09-20','2016-10-20',1,'2016-09-20 19:26:23','2016-10-20 19:27:29'),(59,47,2,NULL,0,NULL,6000.00,6000.00,2,'2016-09-20','2016-09-20',1,'2016-09-20 20:34:44','2016-09-21 05:05:44'),(60,48,2,NULL,0,NULL,6000.00,6000.00,2,'2016-09-20','2016-09-20',1,'2016-09-20 20:37:22','2016-09-21 05:05:44'),(61,27,2,NULL,0,NULL,6000.00,6000.00,2,'2016-09-20','2016-09-20',1,'2016-09-20 20:38:06','2016-09-21 05:05:44'),(62,49,1,5,0,NULL,70000.00,60000.00,2,'2016-09-22','2016-10-22',1,'2016-09-21 18:20:57','2016-10-24 05:05:12'),(63,27,2,NULL,0,NULL,6000.00,6000.00,2,'2016-09-21','2016-09-21',1,'2016-09-21 19:18:42','2016-09-22 06:50:32'),(64,4,1,5,0,NULL,70000.00,60000.00,2,'2016-09-21','2016-10-21',1,'2016-09-21 19:30:59','2016-10-22 07:01:59'),(65,50,8,NULL,0,NULL,120000.00,120000.00,2,'2016-09-22','2016-11-27',1,'2016-09-22 17:33:01','2016-11-28 05:00:02'),(66,51,1,5,0,NULL,70000.00,60000.00,2,'2016-09-23','2016-10-23',1,'2016-09-23 15:31:37','2016-10-24 05:05:12'),(67,27,2,NULL,0,NULL,6000.00,6000.00,2,'2016-09-23','2016-09-23',1,'2016-09-23 20:39:42','2016-09-24 10:08:33'),(68,7,1,5,0,NULL,70000.00,60000.00,2,'2016-09-26','2016-10-26',1,'2016-09-26 06:11:27','2016-10-27 05:08:22'),(69,11,1,5,0,NULL,70000.00,60000.00,2,'2016-09-26','2016-10-26',1,'2016-09-26 07:53:44','2016-10-26 05:13:23'),(70,12,1,5,0,NULL,70000.00,60000.00,2,'2016-09-26','2016-10-26',1,'2016-09-26 16:38:08','2016-10-27 05:08:22'),(71,14,1,5,0,NULL,70000.00,60000.00,2,'2016-09-26','2016-10-26',1,'2016-09-26 19:38:05','2016-10-27 05:08:22'),(72,15,1,5,0,NULL,70000.00,60000.00,2,'2016-09-26','2016-10-26',1,'2016-09-26 19:38:25','2016-10-27 05:08:22'),(73,13,1,5,0,NULL,70000.00,60000.00,2,'2016-09-26','2016-10-26',1,'2016-09-26 20:18:22','2016-10-26 20:42:34'),(74,10,1,5,0,NULL,70000.00,60000.00,2,'2016-09-27','2016-10-27',1,'2016-09-27 06:58:08','2016-10-27 07:07:03'),(75,52,1,5,0,NULL,70000.00,60000.00,2,'2016-09-27','2016-10-27',1,'2016-09-27 07:08:57','2016-10-28 05:00:43'),(76,53,1,5,0,NULL,70000.00,60000.00,2,'2016-09-27','2016-10-27',1,'2016-09-27 08:01:08','2016-10-27 07:06:34'),(77,54,1,5,0,NULL,70000.00,60000.00,2,'2016-09-27','2016-10-27',1,'2016-09-27 08:58:59','2016-10-28 05:00:43'),(78,25,7,NULL,0,NULL,25000.00,25000.00,2,'2016-09-27','2016-09-27',1,'2016-09-27 19:40:27','2016-09-28 05:58:15'),(79,55,1,5,0,NULL,70000.00,60000.00,2,'2016-09-30','2016-10-30',1,'2016-09-28 06:01:56','2016-10-31 05:00:33'),(80,56,1,5,0,NULL,70000.00,60000.00,2,'2016-09-30','2016-10-30',1,'2016-09-28 06:05:12','2016-10-31 05:00:33'),(81,57,1,5,0,NULL,70000.00,60000.00,2,'2016-09-30','2016-10-30',1,'2016-09-28 19:36:01','2016-10-31 05:00:33'),(82,20,1,5,0,NULL,70000.00,60000.00,2,'2016-10-01','2016-11-01',1,'2016-09-30 09:06:32','2016-11-02 05:00:09'),(83,58,1,5,0,NULL,70000.00,60000.00,2,'2016-11-04','2016-12-04',1,'2016-10-01 07:58:03','2016-12-05 04:58:45'),(84,24,1,5,0,NULL,70000.00,60000.00,2,'2016-10-03','2016-11-03',1,'2016-10-03 19:29:34','2016-11-04 05:02:29'),(85,60,1,5,0,NULL,70000.00,60000.00,2,'2016-10-04','2016-11-04',1,'2016-10-04 10:00:02','2016-11-05 07:00:49'),(86,59,1,5,0,NULL,70000.00,60000.00,2,'2016-10-05','2016-11-05',1,'2016-10-05 08:15:35','2016-11-07 08:03:01'),(87,61,1,5,0,NULL,70000.00,60000.00,2,'2016-10-05','2016-11-05',1,'2016-10-05 17:05:10','2016-11-07 08:03:01'),(88,62,1,5,0,NULL,70000.00,60000.00,2,'2016-10-06','2016-11-06',1,'2016-10-05 17:42:12','2016-11-07 08:03:01'),(89,25,7,NULL,0,NULL,12000.00,12000.00,2,'2016-10-07','2016-10-07',1,'2016-10-07 16:26:59','2016-10-08 07:08:16'),(90,35,1,5,0,NULL,70000.00,60000.00,2,'2016-10-08','2016-11-08',1,'2016-10-07 16:32:52','2016-11-08 15:33:59'),(91,63,1,5,0,NULL,70000.00,60000.00,2,'2016-11-12','2016-12-12',1,'2016-10-10 06:36:08','2016-12-13 04:56:31'),(92,28,1,5,0,NULL,70000.00,60000.00,2,'2016-10-10','2016-11-10',1,'2016-10-10 07:50:49','2016-11-10 06:56:25'),(93,25,1,5,0,NULL,70000.00,60000.00,2,'2016-10-10','2016-11-10',1,'2016-10-10 19:10:36','2016-11-11 04:58:34'),(94,27,2,NULL,0,NULL,6000.00,6000.00,2,'2016-10-10','2016-10-10',1,'2016-10-10 20:47:12','2016-10-11 05:03:18'),(95,31,1,5,0,NULL,70000.00,60000.00,2,'2016-10-11','2016-11-11',1,'2016-10-11 06:07:37','2016-11-12 07:04:52'),(96,64,1,5,0,NULL,70000.00,60000.00,2,'2016-10-13','2016-11-13',1,'2016-10-11 09:51:30','2016-11-14 07:59:02'),(97,65,1,5,0,NULL,70000.00,60000.00,2,'2016-10-11','2016-11-11',1,'2016-10-11 19:39:32','2016-11-12 07:04:52'),(98,27,2,NULL,0,NULL,6000.00,6000.00,2,'2016-10-11','2016-10-11',1,'2016-10-11 20:25:18','2016-10-12 04:58:20'),(99,66,1,5,0,NULL,70000.00,60000.00,2,'2016-10-21','2016-11-21',1,'2016-10-13 18:28:45','2016-11-22 04:57:56'),(100,67,1,5,0,NULL,70000.00,60000.00,2,'2016-10-14','2016-11-14',1,'2016-10-13 18:36:58','2016-11-15 04:59:54'),(101,68,1,5,0,NULL,70000.00,60000.00,2,'2016-10-14','2016-11-14',1,'2016-10-13 18:39:51','2016-11-15 04:59:54'),(102,27,2,NULL,0,NULL,6000.00,6000.00,2,'2016-10-13','2016-10-13',1,'2016-10-13 20:23:32','2016-10-14 04:59:59'),(103,69,1,5,0,NULL,70000.00,60000.00,2,'2016-10-17','2016-11-17',1,'2016-10-14 17:19:34','2016-11-18 05:08:43'),(104,70,1,5,0,NULL,70000.00,60000.00,2,'2016-10-18','2016-11-18',1,'2016-10-15 08:03:39','2016-11-21 05:00:51'),(105,71,1,5,0,NULL,70000.00,60000.00,2,'2016-10-18','2016-11-18',1,'2016-10-15 08:16:45','2016-11-21 05:00:51'),(106,36,1,5,0,NULL,70000.00,60000.00,2,'2016-10-18','2016-11-18',1,'2016-10-18 10:03:25','2016-11-21 05:00:51'),(107,40,1,5,0,NULL,70000.00,60000.00,2,'2016-10-18','2016-11-18',1,'2016-10-18 19:38:02','2016-11-21 05:00:51'),(108,39,1,5,0,NULL,70000.00,60000.00,2,'2016-10-18','2016-11-18',1,'2016-10-18 20:29:58','2016-11-21 05:00:51'),(109,72,1,5,0,NULL,70000.00,60000.00,2,'2016-10-21','2016-11-21',1,'2016-10-19 16:56:40','2016-11-22 04:57:56'),(110,37,1,5,0,NULL,70000.00,60000.00,2,'2016-10-19','2016-11-19',1,'2016-10-19 19:23:38','2016-11-21 05:00:51'),(111,73,1,5,0,NULL,70000.00,60000.00,2,'2016-10-20','2016-11-20',1,'2016-10-20 05:55:01','2016-11-21 05:00:51'),(112,27,2,NULL,0,NULL,6000.00,6000.00,2,'2016-10-20','2016-10-20',1,'2016-10-20 20:45:08','2016-10-21 04:59:01'),(113,74,1,5,0,NULL,70000.00,60000.00,2,'2016-10-21','2016-11-21',1,'2016-10-21 15:36:49','2016-11-22 04:57:56'),(114,51,1,5,0,NULL,70000.00,60000.00,2,'2016-10-24','2016-11-24',1,'2016-10-24 15:34:40','2016-11-25 04:59:22'),(115,45,1,5,0,NULL,70000.00,60000.00,2,'2016-10-24','2016-11-24',1,'2016-10-24 15:35:02','2016-11-24 15:36:20'),(116,75,1,5,0,NULL,70000.00,60000.00,2,'2016-10-25','2016-11-25',1,'2016-10-24 16:21:34','2016-11-26 07:00:39'),(117,42,1,5,0,NULL,70000.00,60000.00,2,'2016-10-24','2016-11-24',1,'2016-10-24 19:26:46','2016-11-25 04:59:22'),(118,44,1,5,0,NULL,70000.00,60000.00,2,'2016-10-25','2016-11-25',1,'2016-10-25 07:03:38','2016-11-25 07:46:25'),(119,76,2,NULL,0,NULL,6000.00,6000.00,2,'2016-10-25','2016-10-25',1,'2016-10-25 19:27:47','2016-10-26 04:58:55'),(120,1,1,5,0,NULL,70000.00,60000.00,2,'2016-10-25','2016-11-25',1,'2016-10-25 20:38:25','2016-11-26 07:00:39'),(121,11,1,5,0,NULL,70000.00,60000.00,2,'2016-10-27','2016-11-27',1,'2016-10-27 06:04:11','2016-11-28 05:00:01'),(122,7,1,5,0,NULL,70000.00,60000.00,2,'2016-10-27','2016-11-27',1,'2016-10-27 06:06:57','2016-11-28 05:00:02'),(123,53,1,5,0,NULL,70000.00,60000.00,2,'2016-10-27','2016-11-27',1,'2016-10-27 07:07:29','2016-11-28 05:00:02'),(124,10,1,5,0,NULL,70000.00,60000.00,2,'2016-10-28','2016-11-28',1,'2016-10-28 07:12:26','2016-11-29 04:57:59'),(125,13,1,5,0,NULL,70000.00,60000.00,2,'2016-10-29','2016-11-29',1,'2016-10-29 09:53:10','2016-11-30 04:59:13'),(126,55,1,5,0,NULL,70000.00,60000.00,2,'2016-10-31','2016-11-30',1,'2016-10-31 06:01:02','2016-11-30 05:05:26'),(127,56,1,5,0,NULL,70000.00,60000.00,2,'2016-10-31','2016-11-30',1,'2016-10-31 06:01:15','2016-12-01 04:59:16'),(128,77,1,5,0,NULL,70000.00,60000.00,2,'2016-10-31','2016-11-30',1,'2016-10-31 19:26:05','2016-11-30 19:25:13'),(129,4,1,5,0,NULL,70000.00,60000.00,2,'2016-10-31','2016-11-30',1,'2016-10-31 19:31:59','2016-12-01 04:59:16'),(130,78,1,5,0,NULL,70000.00,60000.00,2,'2016-11-03','2016-12-08',1,'2016-11-01 05:06:40','2016-12-09 05:00:11'),(131,2,1,5,0,NULL,70000.00,60000.00,2,'2016-11-01','2016-12-01',1,'2016-11-01 05:52:06','2016-12-02 04:57:45'),(132,79,1,5,0,NULL,70000.00,60000.00,2,'2016-11-03','2016-12-07',1,'2016-11-01 06:50:46','2016-12-08 07:57:25'),(133,80,1,5,0,NULL,70000.00,60000.00,2,'2016-11-02','2016-12-02',1,'2016-11-01 16:33:30','2016-12-03 07:01:49'),(134,76,2,NULL,0,NULL,6000.00,6000.00,2,'2016-11-01','2016-11-01',1,'2016-11-01 19:35:42','2016-11-02 05:00:09'),(135,48,2,NULL,0,NULL,6000.00,6000.00,2,'2016-11-02','2016-11-02',1,'2016-11-02 20:33:40','2016-11-03 05:04:13'),(136,76,1,5,0,NULL,70000.00,60000.00,2,'2016-11-03','2016-12-03',1,'2016-11-03 11:00:08','2016-12-05 04:58:45'),(137,27,7,NULL,0,NULL,30000.00,30000.00,2,'2016-11-04','2016-11-04',1,'2016-11-04 16:21:02','2016-11-05 07:00:49'),(138,48,2,NULL,0,NULL,6000.00,6000.00,2,'2016-11-04','2016-11-04',1,'2016-11-04 18:28:39','2016-11-05 07:00:49'),(139,20,2,NULL,0,NULL,6000.00,6000.00,2,'2016-11-04','2016-11-04',1,'2016-11-04 21:02:06','2016-11-05 07:00:49'),(140,81,1,5,0,NULL,70000.00,60000.00,2,'2016-11-07','2016-12-07',1,'2016-11-07 08:59:48','2016-12-08 07:57:25'),(141,82,1,5,0,NULL,70000.00,60000.00,2,'2016-11-09','2016-12-09',1,'2016-11-07 09:54:24','2016-12-10 07:06:23'),(142,34,1,5,0,NULL,70000.00,60000.00,2,'2016-11-08','2016-12-08',1,'2016-11-08 19:22:46','2016-12-09 05:00:11'),(143,83,1,5,0,NULL,70000.00,60000.00,2,'2016-11-10','2016-12-10',1,'2016-11-08 19:27:07','2016-12-12 04:58:52'),(144,35,1,5,0,NULL,70000.00,60000.00,2,'2016-11-09','2016-12-09',1,'2016-11-09 10:01:51','2016-12-09 16:15:28'),(145,62,1,5,0,NULL,70000.00,60000.00,2,'2016-11-09','2016-12-09',1,'2016-11-09 19:30:45','2016-12-10 07:06:23'),(146,27,6,NULL,0,NULL,12000.00,12000.00,2,'2016-11-09','2016-11-09',1,'2016-11-09 21:21:51','2016-11-10 05:00:25'),(147,52,2,NULL,0,NULL,6000.00,6000.00,2,'2016-11-10','2016-11-10',1,'2016-11-10 07:48:36','2016-11-11 04:58:33'),(148,84,1,5,0,NULL,70000.00,60000.00,2,'2016-11-11','2016-12-16',1,'2016-11-10 18:19:37','2016-12-17 07:00:58'),(149,85,1,5,0,NULL,70000.00,60000.00,2,'2016-11-11','2016-12-16',1,'2016-11-10 18:21:35','2016-12-17 07:00:58'),(150,27,2,NULL,0,NULL,6000.00,6000.00,2,'2016-11-10','2016-11-10',1,'2016-11-10 20:31:55','2016-11-11 04:58:34'),(151,20,2,NULL,0,NULL,6000.00,6000.00,2,'2016-11-11','2016-11-11',1,'2016-11-11 16:31:39','2016-11-12 07:04:51'),(152,86,1,5,0,NULL,70000.00,60000.00,2,'2016-11-11','2016-12-11',1,'2016-11-11 20:22:02','2016-12-12 04:58:52'),(153,14,1,5,0,NULL,70000.00,60000.00,2,'2016-11-14','2016-12-14',1,'2016-11-14 10:10:30','2016-12-15 04:59:11'),(154,15,1,5,0,NULL,70000.00,60000.00,2,'2016-11-14','2016-12-14',1,'2016-11-14 10:11:05','2016-12-15 04:59:11'),(155,87,1,5,0,NULL,70000.00,60000.00,2,'2016-11-17','2016-12-17',1,'2016-11-15 19:04:47','2016-12-19 05:53:51'),(156,88,1,5,0,NULL,70000.00,60000.00,2,'2016-11-16','2016-12-16',1,'2016-11-16 07:47:41','2016-12-17 07:00:58'),(157,12,1,5,0,NULL,70000.00,60000.00,2,'2016-11-16','2016-12-16',1,'2016-11-16 18:18:35','2016-12-17 07:00:58'),(158,89,1,5,0,NULL,70000.00,60000.00,2,'2016-11-16','2016-12-16',1,'2016-11-16 21:15:21','2016-12-17 07:00:58'),(159,20,2,NULL,0,NULL,6000.00,6000.00,2,'2016-11-16','2016-11-16',1,'2016-11-16 21:18:12','2016-11-17 05:07:41'),(160,90,1,5,0,NULL,70000.00,60000.00,2,'2016-11-19','2016-12-19',1,'2016-11-17 21:18:15','2016-12-20 05:01:13'),(161,67,1,5,0,NULL,70000.00,60000.00,2,'2016-11-18','2016-12-18',1,'2016-11-18 16:30:20','2016-12-19 05:53:51'),(162,69,1,5,0,NULL,70000.00,60000.00,2,'2016-11-18','2016-12-18',1,'2016-11-18 17:30:32','2016-12-19 05:53:51'),(163,91,1,5,0,NULL,70000.00,60000.00,2,'2016-11-21','2016-12-21',1,'2016-11-21 07:59:52','2016-12-22 04:59:06'),(164,92,1,5,0,NULL,70000.00,60000.00,2,'2016-11-21','2016-12-21',1,'2016-11-21 08:02:28','2016-12-22 04:59:06'),(165,93,1,5,0,NULL,70000.00,60000.00,2,'2016-11-23','2016-12-28',1,'2016-11-22 09:00:31','2016-12-29 05:00:48'),(166,94,1,5,0,NULL,70000.00,60000.00,2,'2016-11-22','2016-12-22',1,'2016-11-22 10:02:51','2016-12-23 05:02:28'),(167,95,1,5,0,NULL,70000.00,60000.00,2,'2016-11-23','2016-12-23',1,'2016-11-22 20:32:14','2016-12-24 07:57:58'),(168,71,1,5,0,NULL,70000.00,60000.00,2,'2016-11-23','2016-12-23',1,'2016-11-23 06:09:39','2016-12-24 07:57:58'),(169,73,1,5,0,NULL,70000.00,60000.00,2,'2016-11-23','2016-12-23',1,'2016-11-23 06:09:58','2016-12-24 07:57:58'),(170,96,1,5,0,NULL,70000.00,60000.00,2,'2016-11-24','2016-12-24',1,'2016-11-23 08:11:17','2016-12-26 05:01:27'),(171,5,1,NULL,0,NULL,70000.00,70000.00,2,'2016-11-23','2016-12-23',1,'2016-11-23 18:29:09','2016-12-24 07:57:58'),(172,97,1,5,0,NULL,70000.00,60000.00,2,'2016-11-23','2016-12-23',1,'2016-11-23 18:39:55','2016-12-24 07:57:58'),(173,70,1,5,0,NULL,70000.00,60000.00,2,'2016-11-23','2016-12-23',1,'2016-11-23 19:14:09','2016-12-24 07:57:58'),(174,20,2,NULL,0,NULL,6000.00,6000.00,2,'2016-11-24','2016-11-24',1,'2016-11-24 09:58:15','2016-11-25 04:59:22'),(175,27,2,NULL,0,NULL,6000.00,6000.00,2,'2016-11-24','2016-11-24',1,'2016-11-24 20:33:53','2016-11-25 04:59:22'),(176,98,1,5,0,NULL,70000.00,60000.00,2,'2016-11-25','2016-12-25',1,'2016-11-25 16:16:38','2016-12-26 05:01:27'),(177,68,1,5,0,NULL,70000.00,60000.00,2,'2016-11-25','2016-12-25',1,'2016-11-25 17:58:18','2016-12-26 05:01:27'),(178,99,1,5,0,NULL,70000.00,60000.00,2,'2016-11-28','2017-01-02',1,'2016-11-28 17:20:17','2017-01-03 05:03:31'),(179,100,1,5,0,NULL,70000.00,60000.00,2,'2016-11-28','2016-12-28',1,'2016-11-28 18:27:13','2016-12-29 05:00:48'),(180,101,1,5,0,NULL,70000.00,60000.00,2,'2016-11-30','2016-12-30',1,'2016-11-28 20:59:42','2016-12-31 09:35:30'),(181,7,1,NULL,0,NULL,70000.00,70000.00,2,'2016-11-29','2017-01-03',1,'2016-11-29 19:27:12','2017-01-04 04:58:41'),(182,51,1,5,0,NULL,70000.00,60000.00,2,'2016-11-30','2016-12-30',1,'2016-11-30 07:07:58','2016-12-30 15:33:58'),(183,20,2,NULL,0,NULL,6000.00,6000.00,2,'2016-11-30','2016-11-30',1,'2016-11-30 16:25:08','2016-12-01 04:59:16'),(184,102,1,5,0,NULL,70000.00,60000.00,2,'2016-12-02','2017-01-02',1,'2016-11-30 18:29:47','2017-01-03 05:03:31'),(185,103,1,5,0,NULL,70000.00,60000.00,2,'2016-12-02','2017-01-02',1,'2016-11-30 18:33:43','2017-01-03 05:03:31'),(186,27,2,NULL,0,NULL,6000.00,6000.00,2,'2016-11-30','2016-11-30',1,'2016-11-30 20:34:54','2016-12-01 04:59:16'),(187,55,1,5,0,NULL,70000.00,60000.00,2,'2016-12-01','2017-01-01',1,'2016-12-01 05:51:32','2017-01-03 05:03:31'),(188,11,1,NULL,0,NULL,70000.00,70000.00,2,'2016-12-01','2017-01-01',1,'2016-12-01 05:57:07','2017-01-03 05:03:31'),(189,104,1,5,0,NULL,70000.00,60000.00,2,'2016-12-01','2017-01-01',1,'2016-12-01 10:33:36','2017-01-03 05:03:31'),(190,105,1,NULL,0,NULL,70000.00,70000.00,2,'2016-12-04','2017-01-04',1,'2016-12-01 11:31:45','2017-01-05 04:58:09'),(191,49,1,5,0,NULL,70000.00,60000.00,2,'2016-12-05','2017-01-05',1,'2016-12-02 10:05:51','2017-01-06 04:59:00'),(192,106,1,NULL,0,NULL,70000.00,70000.00,2,'2016-12-05','2017-01-05',1,'2016-12-02 19:25:47','2017-01-06 04:59:00'),(193,45,1,5,0,NULL,70000.00,60000.00,2,'2016-12-05','2017-01-05',1,'2016-12-05 15:32:46','2017-01-05 15:32:15'),(194,1,1,NULL,0,NULL,70000.00,70000.00,2,'2016-12-05','2017-01-05',1,'2016-12-05 19:32:00','2017-01-06 04:59:00'),(195,36,1,5,0,NULL,70000.00,60000.00,2,'2016-12-06','2017-01-06',1,'2016-12-06 15:31:11','2017-01-07 07:00:24'),(196,76,2,NULL,0,NULL,6000.00,6000.00,2,'2016-12-07','2016-12-07',1,'2016-12-07 20:04:42','2016-12-08 07:57:25'),(197,20,2,NULL,0,NULL,6000.00,6000.00,2,'2016-12-08','2016-12-08',1,'2016-12-08 09:00:31','2016-12-09 05:00:11'),(198,76,1,5,0,NULL,70000.00,60000.00,2,'2016-12-08','2017-01-08',1,'2016-12-08 10:55:26','2017-01-09 08:01:33'),(199,34,1,5,0,NULL,70000.00,60000.00,2,'2016-12-09','2017-01-09',1,'2016-12-09 19:32:32','2017-01-10 05:02:33'),(200,20,1,5,0,NULL,70000.00,60000.00,2,'2016-12-09','2017-01-13',1,'2016-12-09 20:18:22','2017-01-14 07:04:18'),(201,53,2,NULL,0,NULL,6000.00,6000.00,2,'2016-12-12','2016-12-12',1,'2016-12-12 09:39:35','2016-12-13 04:56:31'),(202,62,1,5,0,NULL,70000.00,60000.00,2,'2016-12-12','2017-01-16',1,'2016-12-12 20:30:57','2017-01-16 21:15:13'),(203,30,1,NULL,0,NULL,70000.00,70000.00,2,'2016-12-12','2017-01-12',1,'2016-12-12 20:33:13','2017-01-13 05:01:41'),(204,28,2,NULL,0,NULL,6000.00,6000.00,2,'2016-12-13','2016-12-13',1,'2016-12-13 16:24:13','2016-12-14 04:59:27'),(205,63,1,5,0,NULL,70000.00,60000.00,2,'2016-12-14','2017-01-14',1,'2016-12-14 05:06:02','2017-01-16 04:58:54'),(206,81,1,5,0,NULL,70000.00,60000.00,2,'2016-12-15','2017-01-15',1,'2016-12-15 21:15:24','2017-01-16 04:58:54'),(207,107,1,NULL,0,NULL,70000.00,70000.00,2,'2016-12-16','2017-01-16',1,'2016-12-16 10:50:52','2017-01-17 04:59:13'),(208,108,1,NULL,0,NULL,70000.00,70000.00,2,'2016-12-16','2017-01-16',1,'2016-12-16 10:54:53','2017-01-17 04:59:13'),(209,109,1,NULL,0,NULL,70000.00,70000.00,2,'2016-12-22','2017-01-22',1,'2016-12-21 09:01:51','2017-01-28 17:22:46'),(210,67,1,5,0,NULL,70000.00,60000.00,2,'2016-12-21','2017-01-21',1,'2016-12-21 15:32:22','2017-01-28 17:22:46'),(211,110,1,NULL,0,NULL,70000.00,70000.00,2,'2016-12-22','2017-01-22',1,'2016-12-22 17:34:13','2017-01-28 17:22:46'),(212,97,1,5,0,NULL,70000.00,60000.00,2,'2016-12-26','2017-01-26',1,'2016-12-26 18:05:41','2017-01-28 17:22:46'),(213,16,1,NULL,0,NULL,70000.00,70000.00,2,'2016-12-27','2017-01-27',1,'2016-12-27 06:23:03','2017-01-28 17:22:46'),(214,98,7,NULL,0,NULL,25000.00,25000.00,2,'2016-12-27','2016-12-27',1,'2016-12-27 15:55:48','2016-12-28 05:00:48'),(215,5,1,NULL,0,NULL,70000.00,70000.00,2,'2016-12-27','2017-02-01',1,'2016-12-27 17:47:06','2017-02-22 19:40:46'),(216,68,7,NULL,0,NULL,10000.00,10000.00,2,'2016-12-28','2016-12-28',1,'2016-12-28 16:55:57','2016-12-29 05:00:48'),(217,111,1,NULL,0,NULL,70000.00,70000.00,2,'2016-12-30','2017-01-30',1,'2016-12-29 05:04:20','2017-02-22 19:40:46'),(218,112,1,NULL,0,NULL,70000.00,70000.00,2,'2017-01-05','2017-02-05',1,'2017-01-03 05:22:26','2017-02-22 19:40:46'),(219,113,1,NULL,0,NULL,70000.00,70000.00,2,'2017-01-05','2017-02-05',1,'2017-01-03 10:52:30','2017-02-22 19:40:46'),(220,114,1,5,0,NULL,70000.00,60000.00,2,'2017-01-03','2017-02-03',1,'2017-01-03 15:57:20','2017-02-22 19:40:46'),(221,4,1,5,0,NULL,70000.00,60000.00,2,'2017-01-03','2017-02-03',1,'2017-01-03 19:34:58','2017-02-22 19:40:46'),(222,73,1,5,0,NULL,70000.00,60000.00,2,'2017-01-04','2017-02-04',1,'2017-01-04 06:14:29','2017-02-22 19:40:46'),(223,71,1,5,0,NULL,70000.00,60000.00,2,'2017-01-04','2017-02-04',1,'2017-01-04 06:14:43','2017-02-22 19:40:46'),(224,51,1,NULL,0,NULL,70000.00,70000.00,2,'2017-01-04','2017-02-04',1,'2017-01-04 15:37:07','2017-02-22 19:40:46'),(225,96,1,5,0,NULL,70000.00,60000.00,2,'2017-01-04','2017-02-04',1,'2017-01-04 17:26:05','2017-02-22 19:40:46'),(226,115,1,NULL,0,NULL,70000.00,70000.00,2,'2017-01-05','2017-02-05',1,'2017-01-04 20:26:33','2017-02-22 19:40:46'),(227,116,1,NULL,0,NULL,70000.00,70000.00,2,'2017-01-05','2017-02-05',1,'2017-01-04 20:30:52','2017-02-22 19:40:46'),(228,117,1,NULL,0,NULL,70000.00,70000.00,2,'2017-01-06','2017-02-06',1,'2017-01-06 10:04:34','2017-02-22 19:40:46'),(229,1,1,NULL,0,NULL,70000.00,70000.00,2,'2017-01-09','2017-02-09',1,'2017-01-09 10:49:53','2017-02-22 19:40:46'),(230,93,1,5,0,NULL,70000.00,60000.00,2,'2017-01-13','2017-02-13',1,'2017-01-10 09:55:01','2017-02-22 19:40:46'),(231,45,1,NULL,0,NULL,70000.00,70000.00,2,'2017-01-10','2017-02-10',1,'2017-01-10 15:36:24','2017-02-22 19:40:46'),(232,34,1,NULL,0,NULL,70000.00,70000.00,2,'2017-01-10','2017-02-10',1,'2017-01-10 19:14:21','2017-02-22 19:40:46'),(233,24,1,5,0,NULL,70000.00,60000.00,2,'2017-01-10','2017-02-10',1,'2017-01-10 19:37:29','2017-02-22 19:40:46'),(234,21,1,5,0,NULL,70000.00,60000.00,2,'2017-01-10','2017-02-10',1,'2017-01-10 20:43:04','2017-02-22 19:40:46'),(235,76,2,NULL,0,NULL,6000.00,6000.00,2,'2017-01-11','2017-01-11',1,'2017-01-11 19:32:49','2017-01-12 05:01:53'),(236,121,1,NULL,0,NULL,70000.00,70000.00,2,'2017-01-13','2017-02-13',1,'2017-01-11 20:36:50','2017-02-22 19:40:46'),(237,122,1,NULL,0,NULL,70000.00,70000.00,2,'2017-01-11','2017-02-11',1,'2017-01-11 21:28:53','2017-02-22 19:40:46'),(238,11,1,NULL,0,NULL,70000.00,70000.00,2,'2017-01-12','2017-02-12',1,'2017-01-12 05:18:44','2017-02-22 19:40:46'),(239,83,1,NULL,0,NULL,70000.00,70000.00,2,'2017-01-12','2017-02-12',1,'2017-01-12 18:28:34','2017-02-22 19:40:46'),(240,124,1,NULL,0,NULL,70000.00,70000.00,2,'2017-01-16','2017-02-16',1,'2017-01-13 10:33:07','2017-02-22 19:40:46'),(241,13,1,NULL,0,NULL,70000.00,70000.00,2,'2017-01-13','2017-02-13',1,'2017-01-13 18:18:07','2017-02-22 19:40:46'),(242,125,1,NULL,0,NULL,70000.00,70000.00,2,'2017-01-18','2017-02-18',1,'2017-01-16 07:32:51','2017-02-22 19:40:46'),(243,126,1,NULL,0,NULL,70000.00,70000.00,2,'2017-01-17','2017-02-17',1,'2017-01-16 18:27:35','2017-02-22 19:40:46'),(244,30,1,NULL,0,NULL,70000.00,70000.00,2,'2017-01-16','2017-02-16',1,'2017-01-16 19:09:30','2017-02-22 19:40:46'),(245,68,1,5,0,NULL,70000.00,60000.00,2,'2017-01-16','2017-02-16',1,'2017-01-16 19:43:01','2017-02-22 19:40:46'),(246,63,1,NULL,0,NULL,70000.00,70000.00,2,'2017-01-17','2017-02-17',1,'2017-01-17 17:30:51','2017-02-22 19:40:46'),(247,118,1,NULL,0,NULL,70000.00,70000.00,2,'2017-01-19','2017-02-19',1,'2017-01-17 19:20:39','2017-02-22 19:40:46'),(248,119,1,NULL,0,NULL,70000.00,70000.00,2,'2017-01-19','2017-02-19',1,'2017-01-17 19:21:11','2017-02-22 19:40:46'),(249,120,1,NULL,0,NULL,70000.00,70000.00,2,'2017-01-19','2017-02-19',1,'2017-01-17 19:21:53','2017-02-22 19:40:46'),(250,127,1,NULL,0,NULL,70000.00,70000.00,2,'2017-01-18','2017-02-18',1,'2017-01-17 21:26:15','2017-02-22 19:40:46'),(251,128,1,NULL,0,NULL,70000.00,70000.00,2,'2017-01-18','2017-02-18',1,'2017-01-17 21:29:22','2017-02-22 19:40:46'),(252,70,1,NULL,0,NULL,70000.00,70000.00,2,'2017-01-18','2017-02-18',1,'2017-01-18 05:52:11','2017-02-22 19:40:46'),(253,129,1,NULL,0,NULL,70000.00,70000.00,2,'2017-01-19','2017-02-19',1,'2017-01-19 16:06:48','2017-02-22 19:40:46'),(254,53,2,NULL,0,NULL,6000.00,6000.00,2,'2017-01-19','2017-01-19',1,'2017-01-19 17:38:34','2017-01-20 05:00:03'),(255,76,1,5,0,NULL,70000.00,60000.00,2,'2017-01-19','2017-02-19',1,'2017-01-19 19:29:12','2017-02-22 19:40:46'),(256,121,10,NULL,10,NULL,5000.00,50000.00,1,'2017-02-22',NULL,1,'2017-02-22 19:46:03','2017-02-22 19:46:03'),(259,129,2,NULL,0,NULL,6000.00,6000.00,2,'2017-05-20','2017-05-20',1,'2017-05-20 15:50:28','2017-05-22 19:47:05'),(260,96,1,NULL,0,NULL,70000.00,70000.00,1,'2017-05-22','2017-06-22',1,'2017-05-22 21:04:08','2017-05-22 21:04:08');

/*Table structure for table `clientes` */

DROP TABLE IF EXISTS `clientes`;

CREATE TABLE `clientes` (
  `id` bigint(20) unsigned NOT NULL AUTO_INCREMENT,
  `persona_id` bigint(20) unsigned NOT NULL,
  `peso` decimal(10,2) unsigned DEFAULT NULL,
  `talla` decimal(10,2) DEFAULT NULL,
  `muslo_ant` decimal(10,2) DEFAULT NULL,
  `triceps` decimal(10,2) DEFAULT NULL,
  `pectoral` decimal(10,2) DEFAULT NULL,
  `siliaco` decimal(10,2) DEFAULT NULL,
  `abdomen` decimal(10,2) DEFAULT NULL,
  `test_mmss` decimal(10,2) DEFAULT NULL,
  `test_mmii` decimal(10,2) DEFAULT NULL,
  `test_uno` decimal(10,2) DEFAULT NULL,
  `test_dos` decimal(10,2) DEFAULT NULL,
  `test_tres` decimal(10,2) DEFAULT NULL,
  `frecuencia_cardiaca` decimal(10,0) DEFAULT NULL,
  `tension_arterial` decimal(10,0) DEFAULT NULL,
  `peak_air` decimal(10,0) DEFAULT NULL,
  `observaciones` text COLLATE utf8_unicode_ci,
  PRIMARY KEY (`id`),
  KEY `clientes_persona_id_idx` (`persona_id`),
  CONSTRAINT `clientes_persona_id_fk` FOREIGN KEY (`persona_id`) REFERENCES `personas` (`id`) ON DELETE NO ACTION ON UPDATE NO ACTION
) ENGINE=InnoDB AUTO_INCREMENT=130 DEFAULT CHARSET=utf8 COLLATE=utf8_unicode_ci;

/*Data for the table `clientes` */

insert  into `clientes`(`id`,`persona_id`,`peso`,`talla`,`muslo_ant`,`triceps`,`pectoral`,`siliaco`,`abdomen`,`test_mmss`,`test_mmii`,`test_uno`,`test_dos`,`test_tres`,`frecuencia_cardiaca`,`tension_arterial`,`peak_air`,`observaciones`) values (1,2,NULL,NULL,NULL,NULL,NULL,NULL,NULL,NULL,NULL,NULL,NULL,NULL,NULL,NULL,NULL,NULL),(2,3,NULL,NULL,NULL,NULL,NULL,NULL,NULL,NULL,NULL,NULL,NULL,NULL,NULL,NULL,NULL,NULL),(3,4,NULL,NULL,NULL,NULL,NULL,NULL,NULL,NULL,NULL,NULL,NULL,NULL,NULL,NULL,NULL,NULL),(4,5,NULL,NULL,NULL,NULL,NULL,NULL,NULL,NULL,NULL,NULL,NULL,NULL,NULL,NULL,NULL,NULL),(5,6,NULL,NULL,NULL,NULL,NULL,NULL,NULL,NULL,NULL,NULL,NULL,NULL,NULL,NULL,NULL,NULL),(6,7,NULL,NULL,NULL,NULL,NULL,NULL,NULL,NULL,NULL,NULL,NULL,NULL,NULL,NULL,NULL,NULL),(7,8,NULL,NULL,NULL,NULL,NULL,NULL,NULL,NULL,NULL,NULL,NULL,NULL,NULL,NULL,NULL,NULL),(8,9,NULL,NULL,NULL,NULL,NULL,NULL,NULL,NULL,NULL,NULL,NULL,NULL,NULL,NULL,NULL,NULL),(9,10,NULL,NULL,NULL,NULL,NULL,NULL,NULL,NULL,NULL,NULL,NULL,NULL,NULL,NULL,NULL,NULL),(10,11,NULL,NULL,NULL,NULL,NULL,NULL,NULL,NULL,NULL,NULL,NULL,NULL,NULL,NULL,NULL,NULL),(11,12,NULL,NULL,NULL,NULL,NULL,NULL,NULL,NULL,NULL,NULL,NULL,NULL,NULL,NULL,NULL,NULL),(12,13,NULL,NULL,NULL,NULL,NULL,NULL,NULL,NULL,NULL,NULL,NULL,NULL,NULL,NULL,NULL,NULL),(13,14,NULL,NULL,NULL,NULL,NULL,NULL,NULL,NULL,NULL,NULL,NULL,NULL,NULL,NULL,NULL,NULL),(14,15,NULL,NULL,NULL,NULL,NULL,NULL,NULL,NULL,NULL,NULL,NULL,NULL,NULL,NULL,NULL,NULL),(15,16,NULL,NULL,NULL,NULL,NULL,NULL,NULL,NULL,NULL,NULL,NULL,NULL,NULL,NULL,NULL,NULL),(16,17,NULL,NULL,NULL,NULL,NULL,NULL,NULL,NULL,NULL,NULL,NULL,NULL,NULL,NULL,NULL,NULL),(17,18,NULL,NULL,NULL,NULL,NULL,NULL,NULL,NULL,NULL,NULL,NULL,NULL,NULL,NULL,NULL,NULL),(18,19,NULL,NULL,NULL,NULL,NULL,NULL,NULL,NULL,NULL,NULL,NULL,NULL,NULL,NULL,NULL,NULL),(19,20,NULL,NULL,NULL,NULL,NULL,NULL,NULL,NULL,NULL,NULL,NULL,NULL,NULL,NULL,NULL,NULL),(20,21,NULL,NULL,NULL,NULL,NULL,NULL,NULL,NULL,NULL,NULL,NULL,NULL,NULL,NULL,NULL,NULL),(21,22,NULL,NULL,NULL,NULL,NULL,NULL,NULL,NULL,NULL,NULL,NULL,NULL,NULL,NULL,NULL,NULL),(22,23,NULL,NULL,NULL,NULL,NULL,NULL,NULL,NULL,NULL,NULL,NULL,NULL,NULL,NULL,NULL,NULL),(23,24,NULL,NULL,NULL,NULL,NULL,NULL,NULL,NULL,NULL,NULL,NULL,NULL,NULL,NULL,NULL,NULL),(24,25,NULL,NULL,NULL,NULL,NULL,NULL,NULL,NULL,NULL,NULL,NULL,NULL,NULL,NULL,NULL,NULL),(25,26,NULL,NULL,NULL,NULL,NULL,NULL,NULL,NULL,NULL,NULL,NULL,NULL,NULL,NULL,NULL,NULL),(26,27,NULL,NULL,NULL,NULL,NULL,NULL,NULL,NULL,NULL,NULL,NULL,NULL,NULL,NULL,NULL,NULL),(27,28,NULL,NULL,NULL,NULL,NULL,NULL,NULL,NULL,NULL,NULL,NULL,NULL,NULL,NULL,NULL,NULL),(28,29,NULL,NULL,NULL,NULL,NULL,NULL,NULL,NULL,NULL,NULL,NULL,NULL,NULL,NULL,NULL,NULL),(29,30,NULL,NULL,NULL,NULL,NULL,NULL,NULL,NULL,NULL,NULL,NULL,NULL,NULL,NULL,NULL,NULL),(30,31,NULL,NULL,NULL,NULL,NULL,NULL,NULL,NULL,NULL,NULL,NULL,NULL,NULL,NULL,NULL,NULL),(31,32,NULL,NULL,NULL,NULL,NULL,NULL,NULL,NULL,NULL,NULL,NULL,NULL,NULL,NULL,NULL,NULL),(32,33,NULL,NULL,NULL,NULL,NULL,NULL,NULL,NULL,NULL,NULL,NULL,NULL,NULL,NULL,NULL,NULL),(33,34,NULL,NULL,NULL,NULL,NULL,NULL,NULL,NULL,NULL,NULL,NULL,NULL,NULL,NULL,NULL,NULL),(34,35,NULL,NULL,NULL,NULL,NULL,NULL,NULL,NULL,NULL,NULL,NULL,NULL,NULL,NULL,NULL,NULL),(35,36,NULL,NULL,NULL,NULL,NULL,NULL,NULL,NULL,NULL,NULL,NULL,NULL,NULL,NULL,NULL,NULL),(36,37,NULL,NULL,NULL,NULL,NULL,NULL,NULL,NULL,NULL,NULL,NULL,NULL,NULL,NULL,NULL,NULL),(37,38,NULL,NULL,NULL,NULL,NULL,NULL,NULL,NULL,NULL,NULL,NULL,NULL,NULL,NULL,NULL,NULL),(38,39,NULL,NULL,NULL,NULL,NULL,NULL,NULL,NULL,NULL,NULL,NULL,NULL,NULL,NULL,NULL,NULL),(39,40,NULL,NULL,NULL,NULL,NULL,NULL,NULL,NULL,NULL,NULL,NULL,NULL,NULL,NULL,NULL,NULL),(40,41,NULL,NULL,NULL,NULL,NULL,NULL,NULL,NULL,NULL,NULL,NULL,NULL,NULL,NULL,NULL,NULL),(41,42,NULL,NULL,NULL,NULL,NULL,NULL,NULL,NULL,NULL,NULL,NULL,NULL,NULL,NULL,NULL,NULL),(42,43,NULL,NULL,NULL,NULL,NULL,NULL,NULL,NULL,NULL,NULL,NULL,NULL,NULL,NULL,NULL,NULL),(43,44,NULL,NULL,NULL,NULL,NULL,NULL,NULL,NULL,NULL,NULL,NULL,NULL,NULL,NULL,NULL,NULL),(44,45,NULL,NULL,NULL,NULL,NULL,NULL,NULL,NULL,NULL,NULL,NULL,NULL,NULL,NULL,NULL,NULL),(45,46,NULL,NULL,NULL,NULL,NULL,NULL,NULL,NULL,NULL,NULL,NULL,NULL,NULL,NULL,NULL,NULL),(46,47,NULL,NULL,NULL,NULL,NULL,NULL,NULL,NULL,NULL,NULL,NULL,NULL,NULL,NULL,NULL,NULL),(47,48,NULL,NULL,NULL,NULL,NULL,NULL,NULL,NULL,NULL,NULL,NULL,NULL,NULL,NULL,NULL,NULL),(48,49,NULL,NULL,NULL,NULL,NULL,NULL,NULL,NULL,NULL,NULL,NULL,NULL,NULL,NULL,NULL,NULL),(49,50,NULL,NULL,NULL,NULL,NULL,NULL,NULL,NULL,NULL,NULL,NULL,NULL,NULL,NULL,NULL,NULL),(50,51,NULL,NULL,NULL,NULL,NULL,NULL,NULL,NULL,NULL,NULL,NULL,NULL,NULL,NULL,NULL,NULL),(51,52,NULL,NULL,NULL,NULL,NULL,NULL,NULL,NULL,NULL,NULL,NULL,NULL,NULL,NULL,NULL,NULL),(52,53,NULL,NULL,NULL,NULL,NULL,NULL,NULL,NULL,NULL,NULL,NULL,NULL,NULL,NULL,NULL,NULL),(53,54,NULL,NULL,NULL,NULL,NULL,NULL,NULL,NULL,NULL,NULL,NULL,NULL,NULL,NULL,NULL,NULL),(54,55,NULL,NULL,NULL,NULL,NULL,NULL,NULL,NULL,NULL,NULL,NULL,NULL,NULL,NULL,NULL,NULL),(55,56,NULL,NULL,NULL,NULL,NULL,NULL,NULL,NULL,NULL,NULL,NULL,NULL,NULL,NULL,NULL,NULL),(56,57,NULL,NULL,NULL,NULL,NULL,NULL,NULL,NULL,NULL,NULL,NULL,NULL,NULL,NULL,NULL,NULL),(57,58,NULL,NULL,NULL,NULL,NULL,NULL,NULL,NULL,NULL,NULL,NULL,NULL,NULL,NULL,NULL,NULL),(58,59,NULL,NULL,NULL,NULL,NULL,NULL,NULL,NULL,NULL,NULL,NULL,NULL,NULL,NULL,NULL,NULL),(59,60,NULL,NULL,NULL,NULL,NULL,NULL,NULL,NULL,NULL,NULL,NULL,NULL,NULL,NULL,NULL,NULL),(60,61,NULL,NULL,NULL,NULL,NULL,NULL,NULL,NULL,NULL,NULL,NULL,NULL,NULL,NULL,NULL,NULL),(61,62,NULL,NULL,NULL,NULL,NULL,NULL,NULL,NULL,NULL,NULL,NULL,NULL,NULL,NULL,NULL,NULL),(62,63,NULL,NULL,NULL,NULL,NULL,NULL,NULL,NULL,NULL,NULL,NULL,NULL,NULL,NULL,NULL,NULL),(63,64,NULL,NULL,NULL,NULL,NULL,NULL,NULL,NULL,NULL,NULL,NULL,NULL,NULL,NULL,NULL,NULL),(64,65,NULL,NULL,NULL,NULL,NULL,NULL,NULL,NULL,NULL,NULL,NULL,NULL,NULL,NULL,NULL,NULL),(65,66,NULL,NULL,NULL,NULL,NULL,NULL,NULL,NULL,NULL,NULL,NULL,NULL,NULL,NULL,NULL,NULL),(66,67,NULL,NULL,NULL,NULL,NULL,NULL,NULL,NULL,NULL,NULL,NULL,NULL,NULL,NULL,NULL,NULL),(67,68,NULL,NULL,NULL,NULL,NULL,NULL,NULL,NULL,NULL,NULL,NULL,NULL,NULL,NULL,NULL,NULL),(68,69,NULL,NULL,NULL,NULL,NULL,NULL,NULL,NULL,NULL,NULL,NULL,NULL,NULL,NULL,NULL,NULL),(69,70,NULL,NULL,NULL,NULL,NULL,NULL,NULL,NULL,NULL,NULL,NULL,NULL,NULL,NULL,NULL,NULL),(70,71,NULL,NULL,NULL,NULL,NULL,NULL,NULL,NULL,NULL,NULL,NULL,NULL,NULL,NULL,NULL,NULL),(71,72,NULL,NULL,NULL,NULL,NULL,NULL,NULL,NULL,NULL,NULL,NULL,NULL,NULL,NULL,NULL,NULL),(72,73,NULL,NULL,NULL,NULL,NULL,NULL,NULL,NULL,NULL,NULL,NULL,NULL,NULL,NULL,NULL,NULL),(73,74,NULL,NULL,NULL,NULL,NULL,NULL,NULL,NULL,NULL,NULL,NULL,NULL,NULL,NULL,NULL,NULL),(74,75,NULL,NULL,NULL,NULL,NULL,NULL,NULL,NULL,NULL,NULL,NULL,NULL,NULL,NULL,NULL,NULL),(75,76,NULL,NULL,NULL,NULL,NULL,NULL,NULL,NULL,NULL,NULL,NULL,NULL,NULL,NULL,NULL,NULL),(76,77,NULL,NULL,NULL,NULL,NULL,NULL,NULL,NULL,NULL,NULL,NULL,NULL,NULL,NULL,NULL,NULL),(77,78,NULL,NULL,NULL,NULL,NULL,NULL,NULL,NULL,NULL,NULL,NULL,NULL,NULL,NULL,NULL,NULL),(78,79,NULL,NULL,NULL,NULL,NULL,NULL,NULL,NULL,NULL,NULL,NULL,NULL,NULL,NULL,NULL,NULL),(79,80,NULL,NULL,NULL,NULL,NULL,NULL,NULL,NULL,NULL,NULL,NULL,NULL,NULL,NULL,NULL,NULL),(80,81,NULL,NULL,NULL,NULL,NULL,NULL,NULL,NULL,NULL,NULL,NULL,NULL,NULL,NULL,NULL,NULL),(81,82,NULL,NULL,NULL,NULL,NULL,NULL,NULL,NULL,NULL,NULL,NULL,NULL,NULL,NULL,NULL,NULL),(82,83,NULL,NULL,NULL,NULL,NULL,NULL,NULL,NULL,NULL,NULL,NULL,NULL,NULL,NULL,NULL,NULL),(83,84,NULL,NULL,NULL,NULL,NULL,NULL,NULL,NULL,NULL,NULL,NULL,NULL,NULL,NULL,NULL,NULL),(84,85,NULL,NULL,NULL,NULL,NULL,NULL,NULL,NULL,NULL,NULL,NULL,NULL,NULL,NULL,NULL,NULL),(85,86,NULL,NULL,NULL,NULL,NULL,NULL,NULL,NULL,NULL,NULL,NULL,NULL,NULL,NULL,NULL,NULL),(86,87,NULL,NULL,NULL,NULL,NULL,NULL,NULL,NULL,NULL,NULL,NULL,NULL,NULL,NULL,NULL,NULL),(87,88,NULL,NULL,NULL,NULL,NULL,NULL,NULL,NULL,NULL,NULL,NULL,NULL,NULL,NULL,NULL,NULL),(88,89,NULL,NULL,NULL,NULL,NULL,NULL,NULL,NULL,NULL,NULL,NULL,NULL,NULL,NULL,NULL,NULL),(89,90,NULL,NULL,NULL,NULL,NULL,NULL,NULL,NULL,NULL,NULL,NULL,NULL,NULL,NULL,NULL,NULL),(90,91,NULL,NULL,NULL,NULL,NULL,NULL,NULL,NULL,NULL,NULL,NULL,NULL,NULL,NULL,NULL,NULL),(91,92,NULL,NULL,NULL,NULL,NULL,NULL,NULL,NULL,NULL,NULL,NULL,NULL,NULL,NULL,NULL,NULL),(92,93,NULL,NULL,NULL,NULL,NULL,NULL,NULL,NULL,NULL,NULL,NULL,NULL,NULL,NULL,NULL,NULL),(93,94,NULL,NULL,NULL,NULL,NULL,NULL,NULL,NULL,NULL,NULL,NULL,NULL,NULL,NULL,NULL,NULL),(94,95,NULL,NULL,NULL,NULL,NULL,NULL,NULL,NULL,NULL,NULL,NULL,NULL,NULL,NULL,NULL,NULL),(95,96,NULL,NULL,NULL,NULL,NULL,NULL,NULL,NULL,NULL,NULL,NULL,NULL,NULL,NULL,NULL,NULL),(96,97,NULL,NULL,NULL,NULL,NULL,NULL,NULL,NULL,NULL,NULL,NULL,NULL,NULL,NULL,NULL,NULL),(97,98,NULL,NULL,NULL,NULL,NULL,NULL,NULL,NULL,NULL,NULL,NULL,NULL,NULL,NULL,NULL,NULL),(98,99,NULL,NULL,NULL,NULL,NULL,NULL,NULL,NULL,NULL,NULL,NULL,NULL,NULL,NULL,NULL,NULL),(99,100,NULL,NULL,NULL,NULL,NULL,NULL,NULL,NULL,NULL,NULL,NULL,NULL,NULL,NULL,NULL,NULL),(100,101,NULL,NULL,NULL,NULL,NULL,NULL,NULL,NULL,NULL,NULL,NULL,NULL,NULL,NULL,NULL,NULL),(101,102,NULL,NULL,NULL,NULL,NULL,NULL,NULL,NULL,NULL,NULL,NULL,NULL,NULL,NULL,NULL,NULL),(102,103,NULL,NULL,NULL,NULL,NULL,NULL,NULL,NULL,NULL,NULL,NULL,NULL,NULL,NULL,NULL,NULL),(103,104,NULL,NULL,NULL,NULL,NULL,NULL,NULL,NULL,NULL,NULL,NULL,NULL,NULL,NULL,NULL,NULL),(104,105,NULL,NULL,NULL,NULL,NULL,NULL,NULL,NULL,NULL,NULL,NULL,NULL,NULL,NULL,NULL,NULL),(105,106,NULL,NULL,NULL,NULL,NULL,NULL,NULL,NULL,NULL,NULL,NULL,NULL,NULL,NULL,NULL,NULL),(106,107,NULL,NULL,NULL,NULL,NULL,NULL,NULL,NULL,NULL,NULL,NULL,NULL,NULL,NULL,NULL,NULL),(107,108,NULL,NULL,NULL,NULL,NULL,NULL,NULL,NULL,NULL,NULL,NULL,NULL,NULL,NULL,NULL,NULL),(108,109,NULL,NULL,NULL,NULL,NULL,NULL,NULL,NULL,NULL,NULL,NULL,NULL,NULL,NULL,NULL,NULL),(109,110,NULL,NULL,NULL,NULL,NULL,NULL,NULL,NULL,NULL,NULL,NULL,NULL,NULL,NULL,NULL,NULL),(110,111,NULL,NULL,NULL,NULL,NULL,NULL,NULL,NULL,NULL,NULL,NULL,NULL,NULL,NULL,NULL,NULL),(111,112,NULL,NULL,NULL,NULL,NULL,NULL,NULL,NULL,NULL,NULL,NULL,NULL,NULL,NULL,NULL,NULL),(112,113,NULL,NULL,NULL,NULL,NULL,NULL,NULL,NULL,NULL,NULL,NULL,NULL,NULL,NULL,NULL,NULL),(113,114,NULL,NULL,NULL,NULL,NULL,NULL,NULL,NULL,NULL,NULL,NULL,NULL,NULL,NULL,NULL,NULL),(114,115,NULL,NULL,NULL,NULL,NULL,NULL,NULL,NULL,NULL,NULL,NULL,NULL,NULL,NULL,NULL,NULL),(115,116,NULL,NULL,NULL,NULL,NULL,NULL,NULL,NULL,NULL,NULL,NULL,NULL,NULL,NULL,NULL,NULL),(116,117,NULL,NULL,NULL,NULL,NULL,NULL,NULL,NULL,NULL,NULL,NULL,NULL,NULL,NULL,NULL,NULL),(117,118,NULL,NULL,NULL,NULL,NULL,NULL,NULL,NULL,NULL,NULL,NULL,NULL,NULL,NULL,NULL,NULL),(118,119,NULL,NULL,NULL,NULL,NULL,NULL,NULL,NULL,NULL,NULL,NULL,NULL,NULL,NULL,NULL,NULL),(119,120,NULL,NULL,NULL,NULL,NULL,NULL,NULL,NULL,NULL,NULL,NULL,NULL,NULL,NULL,NULL,NULL),(120,121,NULL,NULL,NULL,NULL,NULL,NULL,NULL,NULL,NULL,NULL,NULL,NULL,NULL,NULL,NULL,NULL),(121,122,NULL,NULL,NULL,NULL,NULL,NULL,NULL,NULL,NULL,NULL,NULL,NULL,NULL,NULL,NULL,NULL),(122,123,NULL,NULL,NULL,NULL,NULL,NULL,NULL,NULL,NULL,NULL,NULL,NULL,NULL,NULL,NULL,NULL),(123,124,NULL,NULL,NULL,NULL,NULL,NULL,NULL,NULL,NULL,NULL,NULL,NULL,NULL,NULL,NULL,NULL),(124,125,NULL,NULL,NULL,NULL,NULL,NULL,NULL,NULL,NULL,NULL,NULL,NULL,NULL,NULL,NULL,NULL),(125,126,NULL,NULL,NULL,NULL,NULL,NULL,NULL,NULL,NULL,NULL,NULL,NULL,NULL,NULL,NULL,NULL),(126,127,NULL,NULL,NULL,NULL,NULL,NULL,NULL,NULL,NULL,NULL,NULL,NULL,NULL,NULL,NULL,NULL),(127,128,NULL,NULL,NULL,NULL,NULL,NULL,NULL,NULL,NULL,NULL,NULL,NULL,NULL,NULL,NULL,NULL),(128,129,NULL,NULL,NULL,NULL,NULL,NULL,NULL,NULL,NULL,NULL,NULL,NULL,NULL,NULL,NULL,NULL),(129,130,NULL,NULL,NULL,NULL,NULL,NULL,NULL,NULL,NULL,NULL,NULL,NULL,NULL,NULL,NULL,NULL);

/*Table structure for table `descuentos` */

DROP TABLE IF EXISTS `descuentos`;

CREATE TABLE `descuentos` (
  `id` int(10) unsigned NOT NULL AUTO_INCREMENT COMMENT 'Id del descuento',
  `nombre` varchar(45) COLLATE utf8_unicode_ci NOT NULL COMMENT 'Nombre del descuento',
  `porcentaje` decimal(10,2) NOT NULL COMMENT 'Porcentaje del descuento',
  PRIMARY KEY (`id`)
) ENGINE=InnoDB AUTO_INCREMENT=6 DEFAULT CHARSET=utf8 COLLATE=utf8_unicode_ci;

/*Data for the table `descuentos` */

insert  into `descuentos`(`id`,`nombre`,`porcentaje`) values (1,'mes',10.00),(2,'trimestre',8.00),(3,'semestre',7.00),(4,'año',5.00),(5,'pioneros',10000.00);

/*Table structure for table `gastos` */

DROP TABLE IF EXISTS `gastos`;

CREATE TABLE `gastos` (
  `id` bigint(20) unsigned NOT NULL AUTO_INCREMENT,
  `descripcion` varchar(128) NOT NULL,
  `valor` decimal(10,0) unsigned NOT NULL,
  `fecha_registro` timestamp NOT NULL DEFAULT CURRENT_TIMESTAMP ON UPDATE CURRENT_TIMESTAMP,
  `usuario_id` bigint(20) DEFAULT NULL,
  PRIMARY KEY (`id`)
) ENGINE=InnoDB AUTO_INCREMENT=72 DEFAULT CHARSET=utf8;

/*Data for the table `gastos` */

insert  into `gastos`(`id`,`descripcion`,`valor`,`fecha_registro`,`usuario_id`) values (1,'arriendo septiembre',1400000,'2016-09-05 11:11:52',1),(2,'factura claro',126550,'2016-09-15 09:02:56',1),(3,'clase profesor rumba',25000,'2016-09-17 11:40:32',1),(4,'carpeta para recibos',4500,'2016-09-21 15:29:41',1),(5,'recibo celular',23700,'2016-09-21 15:30:04',1),(6,'pagos entrenadores',2000000,'2016-10-03 09:21:06',1),(7,'clase rumba juan jose',25,'2016-10-05 20:35:50',1),(8,'recibo agua y gas',52100,'2016-10-10 09:31:42',1),(9,'T industrial',5000,'2016-10-12 09:02:05',1),(10,'surtido nevera',82300,'2016-10-13 07:18:26',1),(11,'clase rumba 12/10/2016',25000,'2016-10-13 07:19:23',1),(12,'pago factura internet y celular',118000,'2016-10-13 15:52:29',1),(13,'clase rumba 19/10/2016',25000,'2016-10-19 20:38:07',1),(14,'gatorade 20/10/2016',24000,'2016-10-20 08:35:45',1),(15,'clase de rumba 26/10/2016',25000,'2016-10-26 20:41:58',1),(16,'tarjetas y avisos de evacuacion',60000,'2016-10-27 06:06:25',1),(17,'gatorade y agua',30900,'2016-10-27 08:53:06',1),(18,'decoracion halloween',26000,'2016-10-28 10:56:54',1),(19,'clse rumba halloween',30000,'2016-10-29 07:19:24',1),(20,'papel hijienico',2000,'2016-10-31 15:21:59',1),(21,'pago entrenadores mes octubre',2000000,'2016-11-01 16:25:44',1),(22,'clase rumba 02/11/2016',25000,'2016-11-02 20:28:51',1),(23,'gatorade',24000,'2016-11-03 09:05:24',1),(24,'CLASE RUMBA CEDECO 04/11/2016',30000,'2016-11-04 16:19:09',1),(25,'arreglo clase mal apuntada en octubre',24900,'2016-11-04 20:59:25',1),(26,'publicidad desprendibles',10000,'2016-11-07 11:50:58',1),(27,'clase rumba 09/11/2016',25000,'2016-11-09 20:40:03',1),(28,'surtido nevera',85000,'2016-11-10 08:23:51',1),(29,'factura celular,internet',117800,'2016-11-10 08:24:57',1),(30,'papel higienico',3000,'2016-11-11 15:48:46',1),(31,'diseño publicidad evento futbol',20000,'2016-11-12 08:50:37',1),(32,'recibo luz',269610,'2016-11-16 16:21:34',1),(33,'recibo gas',2050,'2016-11-16 16:21:51',1),(34,'clase rumba 16/11/2016',25000,'2016-11-16 20:37:21',1),(35,'bolsa basura',5000,'2016-11-18 19:57:05',1),(36,'pago publicida facebook evento freestyle',30000,'2016-11-21 08:13:48',1),(37,'clase de rumba ',30000,'2016-11-23 20:38:16',1),(38,'surtido nevera',61000,'2016-11-24 10:19:59',1),(39,'publicidad tarjetas pegables',7000,'2016-11-30 09:17:27',1),(40,'pago ariendo diciembre',1920000,'2016-12-06 10:55:24',1),(41,'pago entrenadores noviembre',900000,'2016-12-06 10:55:44',1),(42,'clase de rumba',25000,'2016-12-07 21:17:16',1),(43,'paquete gatorade sin factura',24000,'2016-12-12 06:01:20',1),(44,'factura celular e internet',117800,'2016-12-12 08:51:45',1),(45,'factura gas',2050,'2016-12-13 16:15:03',1),(46,'factura agua',44340,'2016-12-13 16:15:28',1),(47,'surtido nevera',30900,'2016-12-14 16:08:50',1),(48,'clase rumba xilena',30000,'2016-12-14 20:20:39',1),(49,'recibo luz',74300,'2016-12-20 17:18:47',1),(50,'gatorade',24000,'2016-12-20 17:22:01',1),(51,'papel higienico',3000,'2016-12-23 07:06:26',1),(52,'partido micro samuel,manuel',10000,'2016-12-27 19:43:43',1),(53,'arreglo bonbillo',15000,'2016-12-29 15:32:51',1),(54,'clase de rumba fin de año',30000,'2016-12-29 15:33:15',1),(55,'escoba',5000,'2016-12-31 09:35:41',1),(56,'pago publicidad facebook',84000,'2017-01-03 17:56:33',1),(57,'surtido nevera',85000,'2017-01-06 07:49:08',1),(58,'pago entrenadores diciembre',1040000,'2017-01-06 09:21:01',1),(59,'ambientadores',5000,'2017-01-09 10:29:02',1),(60,'clase rumba',30000,'2017-01-11 20:37:24',1),(61,'factura internet telefono',117800,'2017-01-12 08:26:59',1),(62,'raid',10000,'2017-01-12 09:24:34',1),(63,'bolsa de aseo',2000,'2017-01-16 09:32:26',1),(64,'pago luz',75324,'2017-01-16 15:57:46',1),(65,'papel higienico',3600,'2017-01-16 19:40:34',1),(66,'factura gas',23050,'2017-01-17 09:45:06',1),(67,'baterias para el peso',8600,'2017-01-18 16:34:31',1),(68,'clase rumba',30000,'2017-01-18 21:23:05',1),(69,'gatorade, agua bolsa',31900,'2017-01-19 09:54:14',1),(70,'magnecio',7300,'2017-01-19 16:34:44',1),(71,'2 pago publicidad trimestre',45000,'2017-01-19 18:47:54',1);

/*Table structure for table `paquetes` */

DROP TABLE IF EXISTS `paquetes`;

CREATE TABLE `paquetes` (
  `id` int(10) unsigned NOT NULL AUTO_INCREMENT COMMENT 'Id del paquete',
  `nombre` varchar(45) COLLATE utf8_unicode_ci NOT NULL COMMENT 'Nombre del paquete',
  `tipo` smallint(1) unsigned NOT NULL COMMENT 'ETipoPlan(1: Dia; 2: Mes; 3: Bimestre; 4: Trimestre; 5: Cuatrimestre; 6: Semestre; 7: Año)',
  `precio_base` decimal(10,0) unsigned NOT NULL COMMENT 'Precio base del paquete',
  `yn_tiquetera` smallint(1) unsigned NOT NULL DEFAULT '2' COMMENT 'Tiquetera(1: Si; 2: No)',
  `dias_aplazamiento` smallint(2) unsigned NOT NULL COMMENT 'Días de aplazamiento',
  PRIMARY KEY (`id`)
) ENGINE=InnoDB AUTO_INCREMENT=11 DEFAULT CHARSET=utf8 COLLATE=utf8_unicode_ci;

/*Data for the table `paquetes` */

insert  into `paquetes`(`id`,`nombre`,`tipo`,`precio_base`,`yn_tiquetera`,`dias_aplazamiento`) values (1,'mes',2,70000,2,5),(2,'dia',1,6000,2,0),(3,'trimestre',4,198000,2,15),(4,'semestre',6,384000,2,30),(5,'año',7,696000,2,45),(6,'dia deportista baloncesto',1,5000,2,0),(7,'CLASE la presentacion',1,50000,2,0),(8,'bimestre ',3,140000,2,10),(9,'quincena',1,35000,2,0),(10,'tiquetera',1,5000,1,0);

/*Table structure for table `personas` */

DROP TABLE IF EXISTS `personas`;

CREATE TABLE `personas` (
  `id` bigint(20) unsigned NOT NULL AUTO_INCREMENT COMMENT 'Id de la persona',
  `primer_nombre` varchar(45) COLLATE utf8_unicode_ci NOT NULL COMMENT 'Primer nombre',
  `segundo_nombre` varchar(45) COLLATE utf8_unicode_ci DEFAULT NULL COMMENT 'Segundo Nombre',
  `primer_apellido` varchar(45) COLLATE utf8_unicode_ci NOT NULL COMMENT 'Primer apellido',
  `segundo_apellido` varchar(45) COLLATE utf8_unicode_ci DEFAULT NULL COMMENT 'Segundo apellido',
  `tipo_identificacion` smallint(1) unsigned NOT NULL COMMENT 'Tipo identificación (1. Tarjeta Identidad; 2: Cédula de ciudadanía; 3: Cédula de extranjería)',
  `numero_identificacion` varchar(12) COLLATE utf8_unicode_ci NOT NULL COMMENT 'Número de identificacion',
  `lugar_expedicion` varchar(45) COLLATE utf8_unicode_ci DEFAULT NULL COMMENT 'Ciudad de expedición',
  `genero` smallint(1) unsigned NOT NULL COMMENT 'Genero (1: Masculino; 2: Femenino)',
  `estado_civil` smallint(1) unsigned DEFAULT NULL COMMENT 'Estado civil (1: Soltero; 2: Casado; 3: Unión Libre; 4: Viudo; 5: Separado; 6: Divorciado)',
  `fecha_nacimiento` date NOT NULL COMMENT 'Fecha de nacimiento',
  `direccion` varchar(255) COLLATE utf8_unicode_ci DEFAULT NULL COMMENT 'Direción domicilio',
  `barrio` varchar(45) COLLATE utf8_unicode_ci DEFAULT NULL COMMENT 'Barrio domicilio',
  `telefono` varchar(15) COLLATE utf8_unicode_ci DEFAULT NULL COMMENT 'Teléfono domicilio',
  `movil` varchar(15) COLLATE utf8_unicode_ci NOT NULL COMMENT 'Numero móvil o celular',
  `email` varchar(120) COLLATE utf8_unicode_ci DEFAULT NULL COMMENT 'Correo electrónico',
  `url_huella` varchar(20) COLLATE utf8_unicode_ci DEFAULT NULL COMMENT 'ruta donde se encuentra el archivo de la huella guardada',
  `huella_dactilar` longblob COMMENT 'Huella dactilar',
  `foto_perfil` varchar(15) COLLATE utf8_unicode_ci NOT NULL COMMENT 'Foto del perfil',
  `fecha_registro` datetime NOT NULL COMMENT 'Fecha registro',
  `fecha_modificacion` datetime NOT NULL COMMENT 'Fecha modificación',
  PRIMARY KEY (`id`)
) ENGINE=InnoDB AUTO_INCREMENT=131 DEFAULT CHARSET=utf8 COLLATE=utf8_unicode_ci COMMENT='Tabla que representa las personas que intervienen en el sistema';

/*Data for the table `personas` */

insert  into `personas`(`id`,`primer_nombre`,`segundo_nombre`,`primer_apellido`,`segundo_apellido`,`tipo_identificacion`,`numero_identificacion`,`lugar_expedicion`,`genero`,`estado_civil`,`fecha_nacimiento`,`direccion`,`barrio`,`telefono`,`movil`,`email`,`url_huella`,`huella_dactilar`,`foto_perfil`,`fecha_registro`,`fecha_modificacion`) values (1,'admin',NULL,'admin',NULL,1,'1234',NULL,1,1,'2016-08-13',NULL,NULL,NULL,'304334455',NULL,NULL,NULL,'cshsdhdgsd.php','2016-08-13 16:29:51','2016-08-20 16:29:43'),(2,'yorley','katherine ','martinez','',2,'1102358252','coromoro',1,2,'1988-11-11','calle 3 numero 16a-17','san rafaelsan cristobal','','3167120946','katte_yoryis311@hotmail.com',NULL,'\0n*s\\A7	qU6&*}lQ:gjЈHùVn>۽fHD\\_]񳮪̳\'h>pvɹ0lڼ:ʱw\"5:sk\rs7M}Q:ME5pkN\nlUe4+^ƩlrkfQ8䠝6lP&u+TV\rDiV24J#3\Z	pW&RG\'urJk+tqj5%\\u$Z)%M\r^/OVZz	KUe[pKF_fḴdtQ0Qy	辷X4po\0*s\\A7	q0UsbVOFŉ܁Vkk7Yq	cx{9NHk\r<iBLW!eۜ|S?h]s{Q7q29w\\Ra[bLv(o <k:`!M[\nhf %\Z2W{;yDEfY[y4_򠄺\\HTsфpnGT}p	Oq.q<v}@KH \ZP6؍JƏSH`c!]\"FJPRiZ7	 ʴa+榝zd/)825.%-zaRX8(i<p䒤So\0*s\\A7	qU\n78\r<f4;\Z1\'q\">	6ޛwlK}JIz\n>`{#n*o6j@ŷ7%K7LA2Z,8AxFΖF~7(-kaQm_\nEKe{\ZTDJDƍQG8_UYq}\'|>Ai\nsX.#Tyn8$n$N@Pފ[kh$8)~|HiQxa\'qNYn5t5>CO	2(-cefCJCڶz&M\0KstÑ_fkr_i LCT2wXUo\0~*s\\A7	qUj̷gLCV4Z!TPnk5\r@p3t LN\"vZ(ڞԹ;1~{Xﴓ6q.Z#bCv\0r5c)Jjq0ȖRNH^&#>Ԛ<*d݃<x8/ksGܥa̡&b|=;V|\'L)	$s{nyΡ{T[ڥƪ5BW#=/YX޿1i|=:7KIf2.ҏ>Ϗ:\"S->sedެo|ꥯ A9un!Bi GW<E5,DE,[,1*8$Pm|Rhho\0\0\0\0\0\0\0\0\0\0\0\0\0\0\0\0\0\0\0\0\0\0\0\0\0\0\0\0\0\0\0\0\0\0\0\0\0\0\0\0\0\0\0\0\0\0\0\0\0\0\0\0\0\0\0\0\0\0\0\0\0\0\0\0\0\0\0\0\0\0\0\0\0\0\0\0\0\0\0\0\0\0\0\0\0\0\0\0\0\0\0\0\0\0\0','1102358252.JPG','2016-08-16 06:06:27','2016-09-05 19:35:19'),(3,'jaime','','sarmiento','sanchez',2,'91210217','bucaramanga',2,4,'1961-01-08','carrera 18 numero 1b-16','san fancisco ','6561582','3003602703','',NULL,'\0~*s\\A7	qU-0O~^̶2dd#ӯE|+V?ގ|gA[[@]n͓xW\Zʰ\Z]*c:lM#jf;W#9tg)h+/Vob԰4_}aQl]x&g\nH1}1.Flg(JxbԹ\rośvW:|򂵟t4.8LBާ@0\0Ԩ<C2c\0tǗ9U5feSQ1	Hw>$~šSC4z}X<ԎKʓ\Z|_BpS	4}nR-PJpC7ۦ|rGNViYe[M|fo\0*s\\A7	qUBԗPRMFI*a\n;+R\n&c&NLTx^fl`߮73Wr\'\0G}3Uxn&\rw(X>Q#lqee;Ά8KMR5h}sҦFkgq2X=Z<$f=|6`Զ\r.|HN\0d\rzV^rK\r~ߍl=3}\\¹_Xger8m-ur\nAIgGtceM^Rpէ#ɇ3RH7K6=hKZrI6>eP\0a3l\nZjo\0~*s\\A7	q0U<tr\0HD+sb	:/z<xcxbau(c4O;fgىsh\\x1%	[54GjMm1GT:P-ζ:ǣ]`,yY։\Z~8K3>Y@ZnKpT#rrˬ9;ֻ(#\ZeaХ@W.,t\rE X~1%SnnuAg(d89.m6f0]|C0`].p\0+qW	8zKsQL/c8Wǃ]Os]<{(#0GZ2P\0z`D!]Hio\0*s\\A7	qU28ིsW))k59C0˸,p-Kb,{Afn%qȿo6,PcKMiGuajI8SAVmPq!6\"O&,ڜH6\rtzo \Z	aM*g8ڇTr7BiTxT\\F]bÞNvvYRٜ\Z!+:LV2mhmh(e>}el6LRh%U7ޚ{[kYvs͡!cwoσ1Cu4%Ъ{e$V)QK?qr+]-=x^/^	a`o\0\0\0\0\0\0\0\0\0\0\0\0\0\0\0\0\0\0\0\0\0\0\0\0\0\0\0\0\0\0\0\0\0\0\0\0\0\0\0\0\0\0\0\0\0\0\0\0\0\0\0\0\0\0\0\0\0\0\0\0\0\0\0\0\0\0\0\0\0\0\0\0\0\0\0\0\0\0\0','91210217.JPG','2016-08-16 06:19:19','2016-08-31 06:56:30'),(4,'andrea','paola','parra','prada',2,'1098681672','bucaramanga',1,1,'1990-02-01','manzafa f casa 93','paseo galicia','6651562','3014604605','andreappp_1990@hotmail.com',NULL,'\0*s\\A7	qUse@&\nͱZ^zlSk[q]5I,}za?^ԟ\"rx:\nG[^8	03<fV^p/x%({1J}Ukf#&.@NBViQwěvz8ͮ|2	zOqƒi+˘ג 6\rz.ݴGab6(Vj@_`wQUawX\"L]y8AQ`]7<7v\\MLة``-.fmCYaZԪU(@mxDrȭ5|Gt+|Y#\Ze\Z]5syxmYn0cho\0~*s\\A7	qpUXx!@2 c(/91&$Z1$1ϫuʷGanJK̈ |ӷ;]a?d\roj]	KcGXTQ\\Lsh-Ae0^eBeV\r}t$.exvvvz\n<Iy\"370w+J=KYH8\Z&]p}Q2tU]t}0nzbtOqo5[Cג3kBge~:d@OYӝ6pX74}1xYc+̓F`y}+s9	,`\0ZTc2Ӑhdm``TXwduo\0~*s\\A7	qU\ndXvsfMIS8%53&40O19=UZ\"Eq#\"VR|=MV\Z->-L/y\Z)3߁\")_e]|8@EA!X2%EUQ\")F>Z~9-SLST$Cϒ,P&[Y>\r\0J;zZ6clB/fex,ޱ`%lr$Tw7ʳ\\\"E\'0Qep+!lG@,,~_iw8f(45>O>bu}~Z̏\r&@ێqhyJ->VWMʋ!07o\0*s\\A7	qpU%p/\"ޕ\"}GmO7Ծ\n]yX@;Vא>;Ha%p\"\r3@F1fOWOޏ7c;2z^9?5?e?EW%5g.Ͳ^݌!O$}U[x{VeZdQ66P]E~Q/lz 7U9sg*w+ay<JmJmcѮtyl!d<0>e8Oۂ-ȍhF±*ӆ 2$j\'q͗6*G/)G4I\r;!e@n|#c4{dV/\'o QfUXxkND:һkvV:].q}o\0\0\0\0\0\0\0\0\0\0\0\0\0\0\0\0\0\0\0\0\0\0\0\0\0\0\0\0\0\0\0\0\0\0\0\0\0\0\0\0\0\0\0\0\0\0\0\0\0\0\0\0\0\0\0\0\0\0\0\0\0\0\0\0\0\0\0\0\0\0\0\0\0\0\0\0\0\0\0\0','1098681672.JPG','2016-08-16 11:43:59','2016-09-06 08:49:22'),(5,'john','alexander','ramirez','oviedo',2,'1102366789','piedecuesta',2,1,'1991-07-01','carrera 13a numero 5-14 apartamento 2','san rafael','6563228','3118784815','joohnramirez@hotmail.com',NULL,'\0-*s\\A7	qU2\Z=&H_|O,-:(6E]82\0vb@=\n\'	K}b\"\"Y8qxN!q,\r\'mB!.1\Z1ŭV++`QmMGf\"\r4P3-@АyKi7ޟpTy<T#qW&{]\\.8Gv1\"\n5t5pC7dSb	\"s]HPsIUd<x!:jO#xo\0*s\\A7	qpU0(kRP~\0KwdǷp.=g{ou\0[E;=XT\"ж\rz\"(uXq\"Z=De7|BH?=훴@1}4X\\|a[ԲZ_9\"g>A$VYD_CH@JJYLMZ7uSi5^Нw&M*78Eohh(Q\rhYpDo1LDo\0A*s\\A7	q0U|WY+I5FE&AGx\0{bT	#q#AAX|OƢA\r}J7vL9sj3ŖfVRNV@3ONܑ!g~3\Z>A*#}$rrx\'\\NEW@^G1pO\ZNOxK{Z#Т}|F%ϐn[(ʏhS^0[~ᘕ/yX@߉=,`v}ÍK^\n)D~-=?̓G^vhg}*_U-Gr:O*q!9o\0*s\\A7	qUWcmv-eA\n!@.\\<kHX^p0!u3׻[4H3\rHՙYnlA>y9׿KS]\r{$Nݿ7yfw#eSKt\rPPlqS;JhӵuQOVSZ]<&$	.%Dsԡ~v=ֶB\n\\/GLqB[;8м\\\n\Z9f!^LMo\0\0\0\0\0\0\0\0\0\0\0\0\0\0\0\0\0\0\0\0\0\0\0\0\0\0\0\0\0\0\0\0\0\0\0\0\0\0\0\0\0\0\0\0\0\0\0\0\0\0\0\0\0\0\0\0\0\0\0\0\0\0\0\0\0\0\0\0\0\0\0\0\0\0\0\0\0\0\0\0\0\0\0\0\0\0\0\0\0\0\0\0\0\0\0\0\0\0\0\0\0\0\0\0\0\0\0\0\0\0\0\0\0\0\0\0\0\0\0\0\0\0\0\0\0\0\0\0\0\0\0\0\0\0\0\0\0\0\0\0\0\0\0\0\0\0\0\0\0\0\0\0\0\0\0\0\0\0\0\0\0\0\0\0\0\0\0\0\0\0\0\0\0\0\0\0\0\0\0\0\0\0\0\0\0\0\0\0\0\0\0\0\0\0\0\0\0\0\0\0\0\0\0\0\0\0\0\0\0\0\0\0\0\0\0\0\0\0\0\0\0\0\0\0\0\0\0\0\0\0\0\0\0\0\0\0\0\0\0\0\0\0\0\0\0\0\0\0\0\0\0\0\0\0\0\0\0\0\0\0\0\0\0\0\0\0\0\0\0\0\0\0\0\0\0\0\0\0\0\0\0\0\0\0\0\0\0\0\0\0\0\0\0\0\0\0\0\0\0\0\0\0\0\0\0\0\0\0\0\0\0\0\0\0\0\0\0\0\0\0\0\0\0\0\0\0\0\0\0\0\0\0\0\0\0\0\0\0\0\0\0\0\0\0\0\0\0\0\0\0\0\0\0\0\0\0\0\0\0\0\0\0\0\0\0\0\0\0\0\0\0\0\0\0\0\0\0\0\0\0\0\0\0\0\0\0\0\0\0\0\0\0\0\0\0\0\0\0\0\0\0\0\0\0\0\0\0\0\0\0\0\0\0\0\0\0\0\0\0\0\0\0\0\0\0\0\0\0\0\0\0\0\0\0\0\0\0\0\0\0\0\0\0\0\0\0\0\0','1102366789.jpg','2016-08-17 19:24:56','2016-08-17 19:24:56'),(6,'angie','katterine','tirado','delgado',2,'1098770308',NULL,1,NULL,'1995-04-27','avenida 10n numero 16-03','pinares campestre','6650266','3157271873','angie.tirado@upb.edu.co',NULL,'\0*s\\A7	qpUknt[{>`n4\ZN?*Ba&q:aUұBazNmTdm[B̥-{0-2UVܵ_PIuK.]dJ[ͯZh CNѼ;xxcAR~1<QLQmMt\rs<c:	Wܻҿ\Z$U|k e\0k*H[.!J\'%zV>OrJS(	Qv<tzq5Rzۿd_F7 ݞ\'5njz:&aŢ8acP&\\%DäBX7Id1o\0~*s\\A7	qULڄZX,Ah侢1o\ZiPыg9Y|Pu\Z=e\n)?HSH&#i],Xjx,5ɗ8@\"ks/nH2y).>oPZ]Z\\dW@B\\shp2vYZAO,!{;oZ<b2Thԟ,!nhp9Exl!\0Agh=e\'%h?Qc)\n_?m2)db,Zv|vkD,1ui|4/KVvq!j&4`~5Ʌl\02$r۪͠%r?pn;Vvo\0*s\\A7	q0U^E\Z4Z-DAE6zfj\ni\\(3\\OKĴ~xhֲ`fqI2/2MQa?1\ZJ\r)+tei.g53A[xҩnUp)_v6\nr)}Oh{8au8qjԑ^!KQCe%ti»4c	gk30*N4KYWߌeuMP!>$Ұ`]G?j$)o9\nqa0ɹ&֜yC8\n#L+68SX{IT\\Hv-[-f\0xJ mְ|o\0*s\\A7	qUo\n5ޞI.GR(2]Nj1VHJby6OԊl8Yאsb|9\'@>O桉`	+ո\"|u$R)*\Zz	`?GQGa2 r4=k:gUB)neۚ3gKCRY(q+< tB|[c/\ZafX3BW4dp>GC¢:#pQ\raZ_&P$̡S| Cp0|0T ̖}RaW).dӸ(Ix&.(k̳85:C\reavPLsw~G$L\0I;No\0\0\0\0\0\0\0\0\0\0\0\0\0\0\0\0\0\0\0\0\0\0\0\0\0\0\0\0\0\0\0\0\0\0\0\0\0\0\0\0\0\0\0\0\0\0\0\0\0\0\0\0\0\0\0\0\0\0\0\0\0\0\0\0\0\0\0\0\0\0\0\0\0\0\0\0\0\0\0\0\0','1098770308.JPG','2016-08-18 18:20:14','2016-12-27 17:47:22'),(7,'david','jesus','quintero','bohorques',2,'91355607',NULL,2,NULL,'1983-12-14','call1 norte a numero 3a-28','bosques de araques','','3008933345','davidjquintero@hotmail.com',NULL,'\0g*s\\A7	qpUk9^\rx\"䍤u2QkcDEy۠?seҪ)E\ZdpdGT?Jw~}d@8P	RqMä]ȜxJ()M,RZ4MSاcFww!(Q*&=6?\nO(xVkbE:OLSb3QXkGrQ`2Kn\0c:+VI\n9v!k*qMnNy. 5%P҂]:y\"ՅT<5sko5j6IЩ!¦/>#@q\ZfTmD=$=);|o\0}*s\\A7	qU+5;c5RvQsLBfM+I\"؎wa\r}f~e9󉷢V4Vc>=p֣mXoᱩdtwXBk5}dqZע\09Vޓ\'&\':)Z9=M;٩QpZm@5bB@sIGŃ)z4	jeGG%H:޽泓cB㞇E2%߲wȏЉ9\rji?~[,)ltsz9l:6g/\Z˄dCsVjO-uƾ4k<\rl\"f5{1{A)~7Y>~Ќ@v`pU\ZM[oo\0a*s\\A7	q0Uw@Wc\\\Z[%n^_g&b{$D-~_Tc)aGi7Ȧ]Gׇl	-t7y=[oRM̒Rvk\Z\"jLSu\Z̅/	 ×e֚l;1Pt\\w~J]=fjYq\"m8J`,ڏq`\'fnQPq	swkݯYQ?}@Ox<,Tt Ȓ3:?^B&+st6Byκ06US֜6Xce$  g6.\n||϶C3w{TOAD͎#EԄO~o\0Y*s\\A7	q0UbMM`G/8s9U\0umz\ZώP%XHfB|m]b]8􏻕1zEu6r̀03<o!)	٦C̀ c\n9PI\nh\0Ѽ̖{\rN{0ƑRG7	G&&\0L3no85a0zOa)p_z^}8$|5wkDɥm=E[0Zu:sER	\\7۝.?W0T8ۤ@Tr@jRo\0\0\0\0\0\0\0\0\0\0\0\0\0\0\0\0\0\0\0\0\0\0\0\0\0\0\0\0\0\0\0\0\0\0\0\0\0\0\0\0\0\0\0\0\0\0\0\0\0\0\0\0\0\0\0\0\0\0\0\0\0\0\0\0\0\0\0\0\0\0\0\0\0\0\0\0\0\0\0\0\0\0\0\0\0\0\0\0\0\0\0\0\0\0\0\0\0\0\0\0\0\0\0\0\0\0\0\0\0\0\0\0\0\0\0\0\0\0\0\0\0\0\0\0\0\0\0\0\0\0\0\0\0\0\0\0\0\0\0\0\0\0\0\0\0\0\0\0\0\0\0\0\0\0\0\0\0\0\0\0\0\0\0\0\0\0\0\0\0\0\0\0\0\0','91355607.JPG','2016-08-19 17:38:45','2016-08-19 17:38:45'),(8,'chirley','tatiana','remolina','gomez',2,'1102375866',NULL,1,NULL,'1994-12-12','calle 8 numero 11-12','san rafael','6557601','3178941573','chirley.remolina@upb.edu.co',NULL,'\0*s\\A7	qU\0`Ɯu#ruM6g}U\r^!$FYīWy/>G^u[}G(T?(2Tvvg&ҁZC()y`\0CΆ´Nr-WvXf.nBCז)B.%$*wx!Ip!Է$rg4$@(L1T\"#hpC_jVBKgXU0\"d׃@OMtr3\\r?¨Ά1m_jg_g@)ۄP$kӂ\nUE,Z+gr1>\' }2ŜZrpb:cmto\0*s\\A7	q0U;gm\rRXhSm\"IBw5=p/{7<*9y֓?nq4ͬ\rϞqU|kľoRr\nǟ}˅Rd`\Ziʈ5콈!\\I}ZC!G.,CEU5\'L\'2*k4 {ݫd_^)?2 @JtX>7ۊe[CQS1sb+Wiq~JӢSYiOh9XQ䋆k2s>H_W҉忻XC0}oOyQu\ZM^Tq(<0_i38ɯ|Ľ!)\'x;oo\0~*s\\A7	qUҦ1\0).w#舉ZQ\\yt%%Ɂ}޵iI$QH?H1F@=3ƒTt2>dassVqN೻gwj-@rlo\".yQ1\\`!Ѳ{`	؀HJ	q$Wo@^x/jlߵ	T0[|ۮ\n>\rI6Y27PB|Ssު]q\n#hRAZ#p7%jĽKrzU:\\!,|cgfjT￘:=}H^@ƕLNJ16{\rȊu`\nsNOX*bPga{Nt\rqb9Aɉw{o\0*s\\A7	qU\rMWHS1kf\ny-JKph6tsṝ$I\"ki(KPϦ)V24Pco듖pIQZ\'j-Ϯe]7_L益O&_kؿA.$q\0ZU	Á\0S\nЌY􋨙܎CIR-<}ܺT xWgӽ<\Zą98Ǡ)0V+\n%;OGydϚaij!vG\\\nGS(^F{pp}@?7r*?XM7@,y(z?8o`	eF}if:ao\0\0\0\0\0\0\0\0\0\0\0\0\0\0\0\0\0\0\0\0\0\0\0\0\0\0\0\0\0\0\0\0\0\0\0\0\0\0\0\0\0\0\0\0\0\0\0\0\0\0\0\0\0\0\0\0\0\0\0\0\0\0\0\0\0\0\0\0\0\0\0\0\0\0\0\0\0','1102375866.JPG','2016-08-22 06:58:14','2017-02-22 19:43:41'),(9,'maria','alejandra','carrascal','jaimes',1,'1005012293',NULL,1,NULL,'2003-01-27','calle 7 numero 11-59 torre 2 apto 102','san rafale','6541482','3003021601','',NULL,'\0*s\\A7	qUR$)fP=}3%=[1K]hG|C\'m,f\' Ҋ(!T$~/O:RQi42-Bk9V+Y\Z\rF	b~2wn/J\"\'=>#yXlJǒ5Sb\\8Z#[¯۾e[QyQ:ex=\nu-^?(C\n\\́G&ˠ+^OLwge]-9@?ۑXErm00>q\'I0!d,76NsYJνͧ.W2՜ÉWR7ao\0*s\\A7	q0U<tWpi<Q\\-f5rһqdÿ}$LED4zrs[bC\nTL J&%$b&G;3L\"=\ZjF!BI9By^F2:7YF\ZO8u<r@_5\\si1gߙWNՀ\"e$D}e0> 6Liw£	سN@\nuL׿㜧Zk\nM1>73ةxT;!\r&wcT4pN]*7A#ܨ()l_|6g	[\rxbhc*`ܧĦo\0*s\\A7	qU\ZЁ1=n{O%%Wف5Z1keƌmxz6>8},8QT^\n鄈˫*0eдPZ\Zh%\'ppEWk7\'Z~QCO.`<W13nG -,TQ/A[t%&B+\rٸW,(^7|M\0F\nArZX.γ\r6>vZmʉ爁Fy-Q\rGoؚ[?E]Ɵo-#\"}1yNc{;=}?ԓ2!*\rda1KF_	 aB(9N]o\0*s\\A7	qpUE\n:k\0&B^X(TkEr\0dqkv?q:)*3/#NKT^(*fDܺ>G(\0:_>UfzN\r}F\rFD y߹FAojfWjfY\ZwKkB0D	n_+-WTg2nD`Eunmzˉ[++V~rGo(id%ܦpk[C`tu(CblӺsjTW>8\r&x/5yh p\ZR<e(<Yn\\F\0=g\\f^or{X%[o\0\0\0\0\0\0\0\0\0\0\0\0\0\0\0\0\0\0\0\0\0\0\0\0\0\0\0\0\0\0\0\0\0\0\0\0\0\0\0\0\0\0\0\0\0\0\0\0\0\0\0\0\0\0\0\0\0\0\0\0\0\0\0\0\0\0\0\0\0\0\0\0\0\0','1005012293.JPG','2016-08-22 19:26:52','2016-09-06 19:26:11'),(10,'liseth','vanessa','lesmes','almeida',1,'1005540734',NULL,1,NULL,'2002-03-11','carre 9 numero 5-93','san rafael','6652604','3133318268','',NULL,'\0*s\\A7	qUbsrO@\rY1Kk}\rPPC$e19=k-\r>6qPq	.Y~iwȠ9!bҥPϕ]T\\.+Ԛ	<=e|GDς	`:q{ߥqæs*Asriu5?3K՛WZ\np8k).Nt[Uu؜1;M!K3*le>4>7XA!\ZMuZD5T~tR\'ȹapR?;0M5/8*XvJKCIE11:Y굚G|)kGDcZB,$AQJ[T#9Do\0~*s\\A7	qpU.M=4=0Uw-L~&d~ԬlKZCT?ƻ=vмAi\rAc?OH	a|BG${vf?C9]}!ǀ\0-7+ȫ#͇;R*,k SQ2C{)gR^ٌ{dQ1fUN5gt<NEi>_( :K-˛?,぀!& Vc\\hzzek#G1c!@\'`}A\rZunq1%\ZjSxl/wndM`+.lNH`\\:BG}e5jE<ʈ3qo\0~*s\\A7	qUy`d1|Nt|^\"2vMhhy~8}ޕz5唵)mzLǻ\"I23=)Ep/\'A Pk!4GAٱ[xF2Yr5q\'~llcc0:#%@x6%((yb RB\"\0]?goJFdx>z-mFi-a\np\ZeOciA%n8R:7_=9cj	|\0n0	Z9\Z/ /EX&+0n56X/J6&ZЄ#LOƾ.BH5pþ>jBuWmBMo	ZWjm98o\0*s\\A7	qU^˔=!yq#[sœg\'ZKߒYUZgW|ߑN\'ȿ\'}][soԫϥs9U|5u%։r3=a(*Kj˳ෲOGc˴N잗7\Zdq.&)\'&$Xjq>0&<0?餈W{D\"(3LRDl*mw2\Zq&h2re|m(.4Aɒs\"J.egF}ycoCֲ1&b]vZN4	kbPy32]\n1Uz`Nu[+}1-W9beo\0\0\0\0\0\0\0\0\0\0\0\0\0\0\0\0\0\0\0\0\0\0\0\0\0\0\0\0\0\0\0\0\0\0\0\0\0\0\0\0\0\0\0\0\0\0\0\0\0\0\0\0\0\0\0\0\0\0\0\0\0\0\0\0\0\0\0\0\0\0\0\0\0\0\0\0\0\0\0\0','1005540734.JPG','2016-08-22 19:29:21','2016-09-15 18:38:34'),(11,'luis','gabriel','hernandez','rodriguez',2,'1098699932',NULL,2,NULL,'1991-02-08','calle 22a numero 1-05 piso 3','los cisnes','6784195','3157528940','',NULL,'\0*s\\A7	qU݆>P{, }5q]\nZZjSCNT`g5]2TE0ٕjg2&Q}*\Zx 8e\0CSJyƐ1c=tn`Qn5OOҦf.CVk+ReOŨTJKk>piD&JD_ePa?c2%c![#(/7[-`凵pMhA7:u^7#frP63K҈U?\0.:N1BJ\Z,\'涅]fW(/,$hAlr`T\0p9;J(0468jv	<͜YN+)c!d@HOo\0*s\\A7	qpUZU=-tx`%0ʀĤ,,-tI%).75nHg\r/3uN|+g.\'*s*L]^^\ZGYa\Z#\\vڡ]B6\Z1m3!B|l\\啸y߱7zP]8KG\n*[Î+&MV^=T$f!)V;rO	 z<aCHobVz[`mGֺ&7+h$	YC2Vyc#GGzzb3\\q32kFËoǿE<wy:YoU)%rY\r4եo\0~*s\\A7	qUg|*\"$P@\0%4>EEjQiWG{.D$\0D\0YJ]I=Llm<0DX$z:xfMCkV$4+F\nz0)|6蠆\ZG5Ks0Z,i=N\n+&|Bt\Z3D[ŋ1\0-rIȨGՀ\\P{$-\Z}Fw>)\0R1\"(-lRrHy2ߘewq^\'o\"ɿإoZZ3s.SIS8HibސmAk\05~]~dmo;)-T)$iOo\0*s\\A7	qUK_/(lw% Sjp$+CK\npaVbP)0D (P\\0ΑsպM\r~4O&y[/rz\\-2$LQ\ZЦmr{*QuF9M5玣2{}cZJǴFj9\"~5)X*6Ha4v$`a\r8D._GS\'\nabT5#(,cIs?QW.?<h~(r(,^2|ć.GQ|S5ɜ*:ojS-b7gR2\rvB4l2կ\\F\\vBVAUV\rqo\0\0\0\0\0\0\0\0\0\0\0\0\0\0\0\0\0\0\0\0\0\0\0\0\0\0\0\0\0\0\0\0\0\0\0\0\0\0\0\0\0\0\0\0\0\0\0\0\0\0\0\0\0\0\0\0\0\0\0\0\0\0\0\0\0\0\0\0\0\0\0\0\0\0\0\0','1098699932.JPG','2016-08-23 06:55:31','2016-12-12 07:04:33'),(12,'jimena','andrea','bueno','suarez',2,'1102369938',NULL,1,NULL,'1992-10-27','calee 7a numero 10-36','san rafael','6540667','3178584421','jimenaandreabueno@gmail.com',NULL,'\0e*s\\A7	qU0COO-\Z1*k	=Z8`I	)(z\reF7Nk{HqM=V^x@ Iq<ŗov>iw)dm;u3\"_qvq)湜)[+0aVĊR{cD\nZGމON|pS:4q1S!~S;\\7u#3<d\r8<Kq+&GEd<ø6!M*woM4Y++\0?\0ƈEg.Ab-ni7?Qqpg&Tea]څ!,0ԊiYo\0*s\\A7	qU,_K@(qA)Tq=.\0h~*(\\u붘\rzRsoa\n)6rA}F3;ODCЊ6pQh)T!9ɭh뛈It|}wQγ]EW0hsgr8$&fb`crT%X\Z֎v\0\'Fu>|	.%cK\Z,#\',Wō /^U4mK]+^`Ogemga+_O#hljڡk.ĘKGp9.1XWAd7o\03*s\\A7	q0UpXTNpc`\Z9?{Svi@z1y<S=ol=Wb7ާ@fC\r$~ШNڀvl\'.Hyv<=xc2\'-dd2It=o\\4m\\_\"&l7%WLe|i]̆JkwM~ΊiXS@a5*wK\r$콁bnLc&.~T#tZz*?А6~5KH[\'g,\n&8\\6+U$Zo\0~*s\\A7	q0UlUk\"@	#+!\0:6\r\"ˊov\"xQCCvč6=\0EI	XGd7Mtwy	wPÊĉ3]UR%<Xr?*▁1WQT\r^*)1X?V|Ey+.R} 	4Tu3k6xRPZE xV.*Orσ|r!qYF;r*m\0VKsvtp,f/RNG4g;j$L, 2Bp~0rƼۤm\0^-cnaF\0*H=iim>YIH\r~Z_Ɲ0o\0\0\0\0\0\0\0\0\0\0\0\0\0\0\0\0\0\0\0\0\0\0\0\0\0\0\0\0\0\0\0\0\0\0\0\0\0\0\0\0\0\0\0\0\0\0\0\0\0\0\0\0\0\0\0\0\0\0\0\0\0\0\0\0\0\0\0\0\0\0\0\0\0\0\0\0\0\0\0\0\0\0\0\0\0\0\0\0\0\0\0\0\0\0\0\0\0\0\0\0\0\0\0\0\0\0\0\0\0\0\0\0\0\0\0\0\0\0\0\0\0\0\0\0\0\0\0\0\0\0\0\0\0\0\0\0\0\0\0\0\0\0\0\0\0\0\0\0\0\0\0\0\0\0\0\0\0\0\0\0\0\0\0\0\0\0\0\0\0\0\0\0\0\0\0\0\0\0\0\0\0','1102369938.JPG','2016-08-24 05:15:38','2017-01-12 05:18:34'),(13,'cristhian','julian','aguilar','espinosa',1,'99011609623',NULL,2,NULL,'1999-01-16','CARRERA 16 NUMERO 1D-06','san carlos','6558676','3167635647','cj.ae@hotmail.com',NULL,'\0*s\\A7	qpU-7ǎ͊3jsd2N;kG1fu o+_\r̖kj5#XL!*LXLS@\"e#{O܀6!ؿc(9u[y\0Z4,V\rp\n-yOwH6#фb׈}yf|f{\rT(g/e::X51_6P.uD>e1\Z{z͙H}`\Z9cg$7<i-2U5E<KF{)N^\ZkFK`zdPjIQRU8jCoN|zkx@oo\0~*s\\A7	qU+qqZ{\rȤ`Yޤ	<;\\7A@~.9+qVcR*ٓܟ!M3ٽ7اY1:@Fzh)@7QM,lVِǠhFǖ)Z9|.N3B\n K;q3cfxFPШuǲA2zA3/;)tWy#)*{<aJ<l4(AaH$\00[eTE4ߊ5ʡ\\q8Ҩ^.s\nu*^ډylR[.Y5;5t>P74sf҃URU\"G\"?o\0\0*s\\A7	q0UC_\rIeo䭣<ms`q&yQ\\tq[g%Ӷ]C%*=\ZtVčq,Nt̼dfCؠcOP/3{Hi$5Q&t>I|2{be@\0JOtXҊ=l\Zuؗ[@;vȩG~\\N%$FED&L~qɘGG:WȮhQx_eo\0~*s\\A7	qU!.]<F絰,*V}`x[!#9W!+\"g`%^Z$|)\rL7\0=j<Uspħf]nvIݠ]vJ{m.PF,`jrIr7}\0rU>p.5,~FZw:نB[\Z[]kW>P;7,0VByat̗|]\"~cGg_\\ڌ2\Zo+cJ$4YHL-p@\r^dEVOlQCAnuT3U\\^]JL7\"\0b\\wPO:ro\0\0\0\0\0\0\0\0\0\0\0\0\0\0\0\0\0\0\0\0\0\0\0\0\0\0\0\0\0\0\0\0\0\0\0\0\0\0\0\0\0\0\0\0\0\0\0\0\0\0\0\0\0\0\0\0\0\0\0\0\0\0\0\0\0\0\0\0\0\0\0\0\0\0\0\0\0\0\0\0\0\0\0\0\0\0\0\0\0\0\0\0\0\0\0\0\0\0\0\0\0\0\0\0\0\0\0\0\0\0\0\0\0\0\0\0\0\0\0\0\0\0\0\0\0\0\0\0\0\0\0\0\0\0\0\0\0\0\0\0\0\0\0\0\0\0\0\0\0\0\0\0\0\0\0\0\0\0\0\0\0\0\0\0\0\0\0\0\0\0\0\0\0\0\0\0\0\0\0\0\0\0\0\0\0\0\0\0\0\0\0\0\0\0\0\0\0\0\0\0\0\0\0\0\0\0\0\0\0\0\0\0\0\0\0\0\0\0\0\0\0','99011609623.JPG','2016-08-24 18:17:57','2016-08-24 18:17:57'),(14,'oscar','mauricio','guerrero','castellanos',2,'1102366106',NULL,2,NULL,'1991-04-06','calle 1g numero 16-23','san francisco','6651107','3138055093','oscar.guerrero2012@hotmail.com',NULL,'\0A*s\\A7	qU]oTqvE]y>rvHs*:lLTNS@;|~IV$E\0mBЫNߦk}Md,P:O+VJfN^vD\'F89AKi+KEaI! 7*hsQНs15/׷D;%rjcNv$\n\\1Lܵ=uN\"5MdevuէK?EgngH:pVڛ~6\rJۙ	\'*V\n<o\0i*s\\A7	qU}_[C5tM*\\P\'/dB,7}6;>SGG3r\\GڋqZ%>pQOLɜ\r# @^5ѳ^P:o\\S\0BP*mr\0`)Qdph0@t\n)Os>84\n[)\no@rm<eaPeȬ\'ipԎ֕{cct鮈s=VJψb*YW(mi[U:m#a1F(LB?C4Ͼk:1y̍#J\rõr\rI1N-4SlآnH4Y5ɸCbwoo\0*s\\A7	qUb&vޣ^auuoZQ\"\',}P:tڮ\'$6r47fJjpD#6q}Z7isS\"dxr\"tT	MThjgEH\";/H7vTLU;Hht,KMeX0P	=Xnb/\0WM,YKApe#ǦfZ GX,lL߈^*?\rr([((\0HD!Wћp[hwrw	xԮ*K\nUX4a5ҷO~ؓ9]o8gdD]g/6mR\"FLX-juM68?֨o\0k*s\\A7	qU꣗2,փ@41	y\Z)f!	\"rU~KKپWk+Sw6/9#|pCަ9u+\Zy\"%P5PA\0#M.m<-^kП4MRƞ\n*Ԅ]DfEJـlK-XjҐD[S.R_䤥і8-s%Rr`$OGA\n!>c\nb:\\VJkDjwAsZBV5&fCXnBۛ9ҟ[e	f^ihkbTzvAXgl;vo\0\0\0\0\0\0\0\0\0\0\0\0\0\0\0\0\0\0\0\0\0\0\0\0\0\0\0\0\0\0\0\0\0\0\0\0\0\0\0\0\0\0\0\0\0\0\0\0\0\0\0\0\0\0\0\0\0\0\0\0\0\0\0\0\0\0\0\0\0\0\0\0\0\0\0\0\0\0\0\0\0\0\0\0\0\0\0\0\0\0\0\0\0\0\0\0\0\0\0\0\0\0\0\0\0\0\0\0\0\0\0\0\0\0\0\0\0\0\0\0\0\0\0\0\0\0\0\0\0\0\0\0\0\0\0\0\0\0\0\0\0\0\0\0\0\0\0\0\0\0\0\0\0\0\0\0\0\0\0\0\0\0\0\0\0\0\0\0\0\0\0\0\0\0\0\0\0\0\0\0\0\0\0\0','1102366106.JPG','2016-08-24 21:11:02','2016-08-24 21:11:02'),(15,'mayerly','','ortiz','duitama',2,'1102383205',NULL,1,NULL,'1997-05-06','carrera 12a numero 4-46','villa nueva','6650782','3173243090','mayerly0602@hotmail.com',NULL,'\0*s\\A7	qUvxS.1.&FL#?cW\rPwJVOj潳3	[Җ(	-jN	V\\3HC\r~}}hZPz|aQt:YGz%|W\'\\ڀڷz}Xsؙ\'D>PuFkYo+<UÙ#Cf|ŋmR6Xr=nUJ9b -g0B4,Uv=મ3k^$UEB@!V]&!MŢvLzTϠ<Ye9N,.w)udQא\')XO4o\0~*s\\A7	qpU5erqܠCněX036sKPSudf\'=#w7&RUբ,=}&7 RDޙ⣛pqAU]cHeY\'o/geQP^K9(~F$/\ZhO9{Eds_A,ǻ\"d> I09|\'ܞ2lr |~CUl6$1(b\ZɣܟZec`+\0-&wÈ܇`]~^rzsk~/ً,\\{QV^r;/j_9≱[5YƼ?ܴM{0I@ΔF;u%u@q}\\0^Bm4pdOi3o\0*s\\A7	q0UL\r<s>DC|\Zt]f{BSم$3l_M2M< |I-\0S߲c=\\_̒]кssƍD\n5Cܯ[& 0QDbFP\Z|T}6Y20|f͘>oA{P^Ԉ߇\0aRv;ӺBV3zjY:!MYj[M9b`l̋4>W0 ÎL1n8=0}Y2\Z9tl|.QQLy0YvbK3Arv[˖f]\0Z}NVLO黹W<ec*#^<8E\n[{f4Ǌts?7No\0~*s\\A7	qpUꍋ/kmۅ;Nu|Cή~/hV\"?~`8J|qq^+]Pe	wTQ:Tsc]6>*NG-}̊\"ub6\"*ah}d{fN<l~Vr܁WN^$*AWVЁU9k훗F0E0U80mP\"j\\oc\"NKMa6&J掠=3ϻVCz=bc׷V;xjcn)](0>^\0|E 1u}LΜPwзy )l+q[yɝ\nѸo\0\0\0\0\0\0\0\0\0\0\0\0\0\0\0\0\0\0\0\0\0\0\0\0\0\0\0\0\0\0\0\0\0\0\0\0\0\0\0\0\0\0\0\0\0\0\0\0\0\0\0\0\0\0\0\0\0\0\0\0\0\0\0\0\0\0\0\0\0\0\0\0\0\0\0\0\0\0\0\0\0\0','1102383205.JPG','2016-08-24 21:19:40','2016-08-24 21:19:40'),(16,'diego','armando','leon','rico',2,'1102367315',NULL,2,NULL,'1991-09-06','carrera 12a numero 4-46','villa nueva','6650782','3102943575','idpumba@hotmail.com',NULL,'\0*s\\A7	qUF!P/̓({ZXPcup%7JX0:g\'o뛦>Շd\\6f{ʢن:kmQ3Ak.fUD7-q)vxЂ*EmK+Yg}^׋NbbI⏀챤ĝS~\rtLoɴ$9Kɮ<c.lkgДU\0e::5,e \0}v	u{-qO]MdcoϢ,8ff! )!+G8WO呌R!nqs١A;zg	k,Uh=)o\0*s\\A7	qUܟ4ꭷ£K+c,BgRciHwLt#b=\\A6y;C,+aݿS)\nuAwFLs[`U5^~vvA]ZF~>)^BT{QfY\rJǕˏmDӥgj&T?{!HbV8io\"hJhIQ.:-:Fz@fbr\\ICg\".߱k2/B\"\ngcn$Yw^JsK 2er>&q5ITieGezʵ/cGRN\\}DVK?2RR9ea`wǙo\0*s\\A7	qpU<\'vvu8EN=G3$zeYDÚO۠pc\rOo\03NM#+RZ<\ZJ>pDgrW҆IcWCƜkM0	rIgg)v:0@*^١PBcI5Er9SZ;1	r!V>HWz%}Z?zY.o(qG4,}erDɌ\">Գ$yV׹b&ǨeJvA%&m޹D1_0w,m^V5Y&*\nuP840st&KMe`FjI	+tK-a<Mo\0*s\\A7	qpUVIb6JOJ#zadjזkj}c77o|:G<̭cS	:C1[\"FFU!31Tbŝ3a\0ꃹ0\n\Zfqjԯy&OB0<ũ%YwZStRUz @-a2HN`bIMF۰)C(c=Rr邅˶8cPZu_H>#\n+jd5l,xD(g˺#9,y}Kb6wTOD5Vl( aIJtb5\"Rl\\^)VPREO#2Flo\0\0\0\0\0\0\0\0\0\0\0\0\0\0\0\0\0\0\0\0\0\0\0\0\0\0\0\0\0\0\0\0\0\0\0\0\0\0\0\0\0\0\0\0\0\0\0\0\0\0\0\0\0\0\0\0\0\0\0\0\0\0\0\0\0\0\0\0\0\0\0\0\0\0\0\0\0\0\0','1102367315.JPG','2016-08-24 21:22:12','2016-08-29 05:28:40'),(17,'miguel','','mendez','prada',2,'1102354516',NULL,2,NULL,'1987-01-22','carrera 13 numero 6-71','candelaria antigua','6543424','3156852424','kmus_1987@hotmail.com',NULL,'\0D*s\\A7	q0U:-\ZpHb\\r|zH	BGciQHEB\n1!wڿ|BqWu@3MݮөeHx63Y#^R(#x7FTa2^Il\nYUdmYmc0݃\Z_bXu^\"ƒ\\,,c\n_gvP׮}	_H.\'kWvtr$\n\nkC?9y_w`Ľ=!4W#um֐+@׏1.P{Q>WWwo\0$*s\\A7	qU\0۩\\J$R۞eN~|]fi@2~R8srsO3,LB䎶yk_`׈4	\'iMc9\Z@V\"y9/#\Z`&f3ä-\Z$ǭ[\Z8fk\'\'X[ƓRmMW4Y\rat-l%ŹD(rH~;īcJhk4u\n\\r^!fkWa_HQ>dXC+Bz-ljTo\0I*s\\A7	qpUzh]=V?QA?P*i-!]Oҡ\r7T΁+7)/c#\\6T,Uv0{Zաs$(0)6=//Hv$ybz7#YgAp9C*6i^49}xAVH\"\0j;f\ZT8:F$!tmaUWvCI\0UnQ!\'6j(d81OslI1YMz`V }iwi=&/>ۥ1st\Z dvtGU|őϲC\rŐo\0*s\\A7	qU=V\Zss:q-_\n;y00_^4xj]C!3Z*i[.^J\0MXug/JLf-C\0x!\"j{F\rIK%_#d.١\\#\"/!W<Dxw*5Q``Z&\"ʶ!\0i=*dWw`Tdа|)CbrA$)lQ& K>.zPa?o\0\0\0\0\0\0\0\0\0\0\0\0\0\0\0\0\0\0\0\0\0\0\0\0\0\0\0\0\0\0\0\0\0\0\0\0\0\0\0\0\0\0\0\0\0\0\0\0\0\0\0\0\0\0\0\0\0\0\0\0\0\0\0\0\0\0\0\0\0\0\0\0\0\0\0\0\0\0\0\0\0\0\0\0\0\0\0\0\0\0\0\0\0\0\0\0\0\0\0\0\0\0\0\0\0\0\0\0\0\0\0\0\0\0\0\0\0\0\0\0\0\0\0\0\0\0\0\0\0\0\0\0\0\0\0\0\0\0\0\0\0\0\0\0\0\0\0\0\0\0\0\0\0\0\0\0\0\0\0\0\0\0\0\0\0\0\0\0\0\0\0\0\0\0\0\0\0\0\0\0\0\0\0\0\0\0\0\0\0\0\0\0\0\0\0\0\0\0\0\0\0\0\0\0\0\0\0\0\0\0\0\0\0\0\0\0\0\0\0\0\0\0\0\0\0\0\0\0\0\0\0\0\0\0\0\0\0\0\0\0\0\0\0\0\0\0\0\0\0\0\0\0\0\0\0\0\0\0\0\0\0\0\0\0\0\0\0\0\0\0\0\0\0\0\0\0\0\0\0\0\0\0\0\0\0\0\0\0\0\0\0\0\0\0\0\0\0\0\0\0\0\0\0\0\0\0\0\0\0\0\0\0\0\0\0\0\0\0\0\0\0\0\0\0\0\0\0\0\0\0\0\0\0\0\0\0\0\0\0\0\0\0\0\0\0\0\0\0\0\0\0\0\0\0\0\0\0\0\0\0\0\0\0\0\0\0\0\0\0\0\0\0\0\0\0\0\0\0\0\0\0\0\0\0\0\0\0\0\0','1102354516.JPG','2016-08-25 07:08:42','2016-12-27 06:22:21'),(18,'luis','guillermo','delgado','guerra',2,'10515902678',NULL,2,NULL,'1998-04-11','calle 7 numero 11-25','villa nueva','','3102687985','',NULL,'\0L*s\\A7	q0U[WG\0<W_i(dS$Қ,&FRu\n.v[ϋ`\\/akɹiQOSJ+\rں[=n(6t_^/bfl|aP=ǍI3YKsmAa&$͢~>\0W(\n?dJDJ;B*vԽr\rZ]-Er;RT%̚f#	03|;.4>B}ve{[Okjn;\Z4rI0Df@٠f6xҌo\0e*s\\A7	q0U\n6WɚN茯!*Ȝ^NVRtkIر\ZҨoSxEXX< Jpo\0vV҄VzV=L!OW[nyKF5\\ƺ?4qLjˇ.A9?a`1]c-# zs\nL#aѦ\\ڠȏ68%dz*:?]BƨH{\0-^o{Y.PvX%ytѤ\ZΞ |:sфY-!.R߽ΧfQ{fF!*cdX]/Fi_뤍2ɞM)c(=B-3G)no\0w*s\\A7	qpU4\09!Ź҈j¬r4~gMiUzӈ(2Zc^蘊եgpqضAC.b1ĥ9CJ@#qceu08O\0(>	ltR*޹4ݎ\rQwD\0bU1%[\r*j\'HJf)Big	MPT.Âҫˎ69!\nN}GX奔))+\"\03b,\"qv2aY{^qJ\Z(Ka$k\0-E,D\rYtoX!\0tp>kV?ٝc	+7042r˙HOC5<0ks7	Wo\0*s\\A7	qUumBvK\Z8XB|ߊ-hPƟjd|G|v\\u{p(\n\\65{qlꬫR\\&7=Bh𩩽Ё~Co!\nT-\Z:I݆x>_n5Il\0vIY^;~	aIzm,W{l@&)8mX	UFi\Z{܈Kz-i bʖ~jjvݜQ7H\r)WbX\'}e9\0hgvmCLlYǯ*Y؁AiM@0y+>źl-8VT:1`ܟԫ$:o\0\0\0\0\0\0\0\0\0\0\0\0\0\0\0\0\0\0\0\0\0\0\0\0\0\0\0\0\0\0\0\0\0\0\0\0\0\0\0\0\0\0\0\0\0\0\0\0\0\0\0\0\0\0\0\0\0\0\0\0\0\0\0\0\0\0\0\0\0\0\0\0\0\0\0\0\0\0\0\0\0\0\0\0\0\0\0\0\0\0\0\0\0\0\0\0\0\0\0\0\0\0\0\0\0\0\0\0\0\0\0\0\0\0\0\0\0\0\0\0\0\0\0\0\0\0\0\0\0\0\0\0\0\0\0\0\0\0\0\0\0\0\0\0\0\0\0\0\0\0\0\0\0\0\0\0\0\0\0\0\0\0\0','10515902678.JPG','2016-08-25 15:35:47','2016-08-25 15:35:47'),(19,'diego','mauricio','basto','basto',2,'1096955350',NULL,2,NULL,'1994-05-02','callera 1e numero 11-39','villas del rosario','6554246','3118884583','diegomb20503@gmail.com',NULL,'\0*s\\A7	qU><q@=*<}tXA殱0<FY/\'l*+1:tH,sJٵc>2K_#M?+qHb\Z\Z._1Ş>M{OqmDwR?\Zcqyń\"▂bO[\nf?ϘM~O8e_I\\tْGemSv<f-Gf\\\Z0{vwS\ZYSGkYqÒoݒo~פOEQ\rb}qW\r?1\\z\rP@\ZOU`-ч\0\"|/pWft}=Zut./d<qW/z>o\0*s\\AI8?KI^ؤy.\Zr&dVQ2y0U_/8FE\"o|PBn0*K頝DbV,놠	p1uTj\0z\nݛƄ׸dHJ\rĔWŶ\'<C\Z,#ݚ[}S^2y1{1pr0rfqェ6 ߔ܍.=$5CJNFZk.Ǫ2VJTP~?!.|h?31u;\r\r$\'E;ڬpMd\\y*kfk;e{xYuo_h$H*HVM}JB+r#DϬ}s\r6o\0*s\\A7	qpU|ш8#{!*	\r FNoM,ӚB:Dpfo\\AU\Z`<7_lwWZbC\'oGoABejնaGiJ|2gt N\'xhTv.\r([vSUvIee`B7f\0VGD\"K}1glܝLAuΘH\ZF+I9V>2siI3gƓ7@uc7jg.<HC&-Ϗ\rj\rr#\ZdY\"AeјҫЉ>Z\Z1O`jȟg\"5SfetѠ}f+>o\0*s\\A7	qUbQ,oe,]3E	@\r !;\Z\"o)QB@(7t\n]\r2a>i:Zd\Zo\\$GN\\X3jb!s6Cumx\"^6zBLv(0fAib04B>jsb0Hkw;Dm4*ʕP1ׄdƊ3<hk͓Niirwv%bZlgeoHzQNdZt6ۿQ\n-XJUlSJt̑9$/w%]3GqfƗ7I>_\rlK{4|S~9\\J,֩o\0\0\0\0\0\0\0\0\0\0\0\0\0\0\0\0\0\0\0\0\0\0\0\0\0\0\0\0\0\0\0\0\0\0\0\0\0\0\0\0\0\0\0\0\0\0\0\0\0\0\0\0\0\0\0\0\0\0\0\0\0\0\0\0\0\0\0\0\0\0\0\0\0\0','1096955350.JPG','2016-08-25 20:52:25','2016-09-14 15:22:23'),(20,'anderson','ferney','chanaga','carvajal',2,'1005154080',NULL,2,NULL,'1994-11-01','carrera 5 numero 18a-19','paseo del puente 1','6781788','3108094288','af_94@hotmail.es',NULL,'\0*s\\A7	qUC.HplXVoƨ3*~\\FA,K`o^ƌfOBv)ܮs38W\Z䙻5\'lKaD/uaĉiHgq^7LZ@`5j[OR9h3؜7A\nM(cg=P\".<F	i߼j(X8zp9g4\'ٝd`O\\И R+^}c9Ji\nڊ*0_BPg/C}o)ҫ\0A\0?<P^\nr\r㣠R\nY\\REo)56\\?䍗GHLH>ψ\\o\0q*s\\A7	q0U5qzȘcM^ 1]4+h_ApB¸S@~#`xF\"[ 4kGBVf΋d-D29#XH)iXaBw:tíSg׏W tOC.v@bHV𢀍Ez~򔴱ng\n36%)(|Ґ\Z>hfTL\nRJݜ&UukH]ܤWM|c	bM	-ԝ^)Z*5r֬L%3l*i\0<3M>]!GP|bSvс6M]\'1V&ĩͽm9̆AKX+oo\0l*s\\A7	q0UkV(CyxocXミ_/؏@q*T(*ɠSȸ:2=h{#{tUopM}+OAlg:D`W=1έ\r⽥_{\"Y|!ݥ_YX9\0ەf:(#IUDch\r,Ax&`*Ibs0	eρNJ۝.+YΌ,#/ahKYMZf3.F~~XT;83ÇFS<c얞kaK]:zʂwfa ZeU%@{ʹڼۿ%e{2]o\0q*s\\A7	qUX~7}}c~%Yn\0)IFMn]bX>&o<RKrGBc{qpa\"V\03;ÈU_ױcotW|?P9BѶXpیSDK.avRq`l3Åة\0H3ŭ9(ǔ#Sk&\'HwR1\0k5/\rQᨱm|4h79R/w7@ͺhJgc1_@KP]6pMv (rRTgr\n7?CRpw6\"f	6h\np}P5rPASaãt\nDT/P?N*	F`:o\0\0\0\0\0\0\0\0\0\0\0\0\0\0\0\0\0\0\0\0\0\0\0\0\0\0\0\0\0\0\0\0\0\0\0\0\0\0\0\0\0\0\0\0\0\0\0\0\0\0\0\0\0\0\0\0\0\0\0\0\0\0\0\0\0\0\0\0\0\0\0\0\0\0\0\0\0\0\0\0\0\0\0\0\0\0\0\0\0\0\0\0\0\0\0\0\0\0\0\0\0\0\0\0\0\0\0\0\0\0\0\0\0\0\0\0\0\0\0\0\0\0\0\0\0','1005154080.JPG','2016-08-26 07:07:46','2016-09-06 06:30:51'),(21,'luisa','fernanda','zambrano','parra',2,'1098731420',NULL,1,NULL,'1992-12-01','calle 4 numero 15b-28','san cristobal primera etapa','6650874','3166203756','luisafernanda_0192@hotmail.com',NULL,'\02*s\\A7	q0U-rPcjT6w#{\0k\rj5Zo^j\rdO$*tFCoL?9C$7@¢g4N\n]ouhY\\\Z~2=!OY,Zb\npvկa\nY1m\"kj%ZLj%o0[.vBf譙ѧy\"[<>\Zpihߪsj֗cYcx(i<x/gf	4aLVx4]VxV_\n>¬jo\0)*s\\A7	q0Uu)T5Vu,8xhrdsfa3;xڐ4;A/_+!4CFxu~7MZSk5]E\\CseGp.췅][D\r8F>m\03<pۊ)Ys\Z#14[h4Z(fe;aƯE`2`>%x!\'v%/?%u\"D#JڏOUGJ{gfN^l1yY^iz͇e:\0 o\0C*s\\A7	q0UWe0 @I?]EYLSptq :ϸ!զ_@fb.8\'A!]\"Uy3ѧׁ5N+38F(Q$@1|zg@a3iJLa=!UۜY)m	]ulG`efw{C\r\0#H\\	xRbcQr@|aa-#%TH6?ܢuN\n˩GF\ruUTԫL^hw49TIyg=6g@n=go\0:*s\\A7	qpU%ڈ%7oƘƼ!QqҗeQδP1seg<o-S4ü<c_\00I-/H&E|#+_#ԏmo:r>ӗ{݉In/kO=E2OflxꍅGaï:GWo Z<>LUSo_H7j[1^o@A&ޖ\"p?b`ũtuNOIq[5H\\az0Ǎ۰f4Ǽ!w4X`14PB˭@7̶ZtOG߉!o\0\0\0\0\0\0\0\0\0\0\0\0\0\0\0\0\0\0\0\0\0\0\0\0\0\0\0\0\0\0\0\0\0\0\0\0\0\0\0\0\0\0\0\0\0\0\0\0\0\0\0\0\0\0\0\0\0\0\0\0\0\0\0\0\0\0\0\0\0\0\0\0\0\0\0\0\0\0\0\0\0\0\0\0\0\0\0\0\0\0\0\0\0\0\0\0\0\0\0\0\0\0\0\0\0\0\0\0\0\0\0\0\0\0\0\0\0\0\0\0\0\0\0\0\0\0\0\0\0\0\0\0\0\0\0\0\0\0\0\0\0\0\0\0\0\0\0\0\0\0\0\0\0\0\0\0\0\0\0\0\0\0\0\0\0\0\0\0\0\0\0\0\0\0\0\0\0\0\0\0\0\0\0\0\0\0\0\0\0\0\0\0\0\0\0\0\0\0\0\0\0\0\0\0\0\0\0\0\0\0\0\0\0\0\0\0\0\0\0\0\0\0\0\0\0\0\0\0\0\0\0\0\0\0\0\0\0\0\0\0\0\0\0\0\0\0\0\0\0\0\0\0\0\0\0\0\0\0\0\0\0\0\0\0\0\0\0\0\0\0\0\0\0\0\0\0\0\0\0\0\0\0\0\0\0\0\0\0\0\0\0\0\0\0\0\0\0\0\0\0\0\0\0\0\0\0\0\0\0\0\0\0\0\0\0\0\0\0\0\0\0\0\0\0\0\0\0\0\0\0\0\0\0\0\0\0\0\0\0\0\0\0\0\0\0\0\0\0\0\0\0\0\0\0\0\0\0\0\0\0\0\0\0\0\0\0\0\0\0\0\0\0','1098731420.JPG','2016-08-29 07:56:14','2016-12-27 17:16:53'),(22,'carlos ','andres','osorio','franco',2,'1102359101',NULL,2,NULL,'1988-10-05','carrera 9 numero 10-10','centro','','3175853922','carlos-osofran@hotmail.com',NULL,'\0~*s\\A7	qUupw6ܟ;Ž `P.90-)A4:l4]8-b&f i<hru=`z$lZh\0Ob)׈{>W3TGdof8DŒh:t\\IdȗF>O@=4\'gKjs,hl\'BLKT{EoNÛ@ΰpr~G{I>4t,!5@Fzzg\"DujlC L\n(42V3UOȍKyXUKbATwOcFΥJI	~;>}kO;InקJiLQpnR}face&\r=Ƹo\0*s\\A7	qpUt\"#`\\	YOm\0^C^o8N/)bC7\\#!q<Pu$Q`ře/{ͪ# 9Sub?h:\'*Jud®=\rZw[|$_8&	}Q	w:tN%@\"*@,=f5i=޵|})ZtC\"s2GРȫ5ŋA>L$x(ky4&*t\"XN-C<&\"Хa)V$n84jR|n#F=){:\'ls6Pw.Raײ;)8M9^S^\06O\n!\'l9GܲI\\8f}so\0*s\\A7	q0U\0$7jɮkbs.}KHN)YS88q0P).`W7S>J0 RSk=pCE2~dVSuҮ4(ۛIrK /sRWtҸg!SZ:hZwJ\nGN1KlO+iOr_#H$#ٕaj7VޥXbߥH\0^^S)j,\"MGY֑iCGnW?n6]#](CeXo+&\'es\"\ZV*gDp^kޫ<`te21`*%9?PϗQ Lsd\0o\0y*s\\Abʵ02\0RO2	bh_h\"JZj.ћrt&duy$O{s&q5 u3(ꪊK<.\'M<Vo1~x;\rU~&wf꤮X4}Tݶ|W<^$#cBZf,ބ0`J1\ZW8u}6%5Ü/܀ 55\\G\"(UF\0we1ߪ[1>zN\r8\n=AHc[\ZDn2W{St~	q6(ǻ	a>xtz5*KP<u-Vf\rKqU8.y tQE(c/ZNT	5\\-%o\0\0\0\0\0\0\0\0\0\0\0\0\0\0\0\0\0\0\0\0\0\0\0\0\0\0\0\0\0\0\0\0\0\0\0\0\0\0\0\0\0\0\0\0\0\0\0\0\0\0\0\0\0\0\0\0\0\0\0\0\0\0\0\0\0\0\0\0\0\0\0\0\0\0\0\0\0\0\0\0\0\0\0\0\0\0','1102359101.JPG','2016-08-29 19:25:43','2017-01-10 20:42:37'),(23,'ana ','maria','orduz','ropero',2,'1098707495',NULL,1,NULL,'1991-07-10','calle 3n numero 17-3','quinta granada','','3014448360','ana.orduz@hotmail.com',NULL,'\0k*s\\A7	q0U$0S|sUۧ14*PSO`?<Vmzzv1-%wZQDw!ēp#an9M!1VgoMoc5s2z/\nc\0{c\\zY?f1Sj3	\";s#z\\C}}id=g3\nQN#i4Q2yu\\, k\",ҟS\0bzw~*h=cfp[.ag͐ޟ>p,XuN+`33\ZR)ck֜{,t-Z_j+:R\rx07 cN	K#D3ro\0*s\\A7	q0UGƺZn]PjF7ILKz\n&R;e2ڂӰ\"m(ʒw\Z\"-Kfat}lRXV-</k ϹE;qc@k§rBq1V_Si78=\nԞ3y,-ĝ86ﶹ$BFV\"2C#\'\ZW&Oa!+acjRE{|`%Zvlz\nTrKep**`;re+\"P@	$ڐ{TyY./	Cke{iȂ؟p.^cr\"[p.h~_24o\0=*s\\A7	qUMC.c\"K\"p\Za_ecg92m@\\ztv:\ZR8֗gHmR1_?L&8ck&ħr8m[)94yЩQv>}rԳ.4$ц\n^+:)Ѭgh[޳9J\0OTZKewL{4^W\Zˋ~X\'[.3O$4fT*J|&p2H+٬2JH\Z~o\0*s\\A7	qpU,n=a+L9I{Vk<3;]ZîCzi5ߐ5M!)Up5`:#s55j#[?PȒU5b41Z7}kQ\Z=Bb_ݟ S\Z;Q\r%ZV;T.뵓 Q(xk9=rF^PLh2xv{ɟ,\')\nRD A4b4CI]	%\'iO,Kg+$bwo\0\0\0\0\0\0\0\0\0\0\0\0\0\0\0\0\0\0\0\0\0\0\0\0\0\0\0\0\0\0\0\0\0\0\0\0\0\0\0\0\0\0\0\0\0\0\0\0\0\0\0\0\0\0\0\0\0\0\0\0\0\0\0\0\0\0\0\0\0\0\0\0\0\0\0\0\0\0\0\0\0\0\0\0\0\0\0\0\0\0\0\0\0\0\0\0\0\0\0\0\0\0\0\0\0\0\0\0\0\0\0\0\0\0\0\0\0\0\0\0\0\0\0\0\0\0\0\0\0\0\0\0\0\0\0\0\0\0\0\0\0\0\0\0\0\0\0\0\0\0\0\0\0\0\0\0\0\0\0\0\0\0\0\0\0\0\0\0\0\0\0\0\0\0\0\0\0\0\0\0\0\0\0\0\0\0\0\0\0\0\0\0\0\0\0\0\0\0\0\0\0\0\0\0\0\0\0\0\0\0\0\0\0\0\0\0\0\0\0\0\0\0\0\0\0\0\0\0\0\0\0\0\0\0\0\0\0\0\0\0\0\0\0\0\0\0\0\0\0\0\0\0\0\0\0\0\0\0\0\0\0\0\0\0\0\0\0\0\0\0\0\0\0\0\0\0\0\0\0\0','1098707495.JPG','2016-08-29 19:29:09','2016-08-29 19:29:09'),(24,'paula','andrea','pimentel','martinez',2,'1102381674',NULL,1,NULL,'1996-11-01','carrera 15 numero 7-52','san rafael','','3172885899','pp.andrea@outlook.com',NULL,'\0~*s\\A7	qUǙD\nB||Z(CcttwЄ<׻qt[io}%t[y*H< MZ@ΜE[$\'+(1D#Ͻ7\ZP\\ڵ6E#ciVܩNKk[U[ZwR$:\"tFƱE޼%cTe+Ha.wo|bQ/2|cvbsITϕ7&u4Ŭ-aq	)ds%.AAzT/&db]Rk얙|BD@O\"02\'TzH(KִuU̓4岴Π_]*o\0*s\\A7	qURhOHi5[eTD{t]y>+ɒ\"E\0\"qOEK\Z`pmXN˷!E7Ћo07\">\"u_f?}ح7dMV18~_8IS-|-Ɩz>|Guf0m}Sd97kbC(:\'0M)C:8\\Ye|kHA{\0ғR6l۵\n!\ZYdZ57>\r,̪ 78+ӽi`薁[#1.@#c! *NUv.$稴T1bZp[kodKX^S9~6)P46сo\0*s\\A7	qUbx~o_6LwjTBq6wh9A\Z\0C.KdD~pBhkѮfj\r\ZCM:UE\\-KusB=jgugNW?g\"hZX,!CGL 0UMӰr4Mh\0_ڎH\'!D0)~<W%:Meg	h	Фz¸Ji[8K)0+F7&8[Lͅ*+*]\"KLdkla]cl~.^u2w8<لe6{l0\\m-i\rzCvwf%iBKo\0~*s\\A7	qUbal4\\9ʱq6i1g%%C``v@@Y22E4MX:JfwXb`Ϟ*),+ˍ,)iohEKajl\"Z;b~\Zȷ-BH@oX\nSXBWQ#tZeSxbI3/7?Ib!LVuEuNWZ ŀ}f׀J	#4])#G6mdv5k  RvCl(.v@\0ւ	V.ֲ3Ь+\nP5ك_Hcm~*2  9so\0\0\0\0\0\0\0\0\0\0\0\0\0\0\0\0\0\0\0\0\0\0\0\0\0\0\0\0\0\0\0\0\0\0\0\0\0\0\0\0\0\0\0\0\0\0\0\0\0\0\0\0\0\0\0\0\0\0\0\0\0\0\0\0\0\0\0\0\0\0\0\0\0\0\0\0\0\0\0','1102381674.JPG','2016-08-30 18:27:05','2016-09-19 20:27:26'),(25,'carlos','eduardo','ardila','archila',2,'1098742398',NULL,2,NULL,'1993-08-21','calle 1b numero 15a-15','san carlos','','3008674117','ceaa.amaya@gmail.com',NULL,'\0y*s\\A7	qU\n}΋@4;\'N\\%Fą\'w.dN62k LuF7Vn$R5`W=J!j7]}g\Z[56P9[^\0mK8SA+a<O7Zc>:SF.*PKF1I#wWIhT˙fE61K?K4#.?21eSZcm+JSFs?e.Słgwdx6MBH`;4\ZddXwuu婉V4-4褌L\\⠟p1=t+dyشO?\n.y$?Qˋ3=\nQG:y盉mf(Ӽo\0G*s\\A7	q0U)3Y^ۤv`ȘjR}ܤN{Y9yFD:񿔇#NyKI\'f	ܟ歂؆vi1?H /SG<bKf0tVEApy2٤S|4\ZELp@qH+Hړ\ZaPI(FI`Aw9ztǴPu6+殩[󗜻(~ktj[if\ZRQN-ңg&ȷ\Z1EFa.ξq2Syfٚj[Q{[Ml؃^Ӻo\0*s\\A7	qU~҆{P`ga%ʦZcY;`i/\\iE}$7{浃~N;j䨎I}2j*-BsiЂI6\r=G\rTz\0jypn?Ox|wѯٷxkZH6	qxOs\"\'z折;!%VDcS+\ZQĉ\":aj5}5E9 TYrkA\\l0̞XIɲcsWb.<+&cs}P4άeVSuMt-n?<8A3Rʊt,޽`Z[ls¥p\ZPo\0~*s\\A7	qpUQ>YKދ2+1KqϞsӱ[_~jg\"Kֹ~ҏk*̀4vpas\"N	κ(dEG)\"@9n֘L|z>%C\n+L:ʋ<땑\rnyU@/}g>&Fl=͒#=Ni!mEP_FѠ+`^qI)hT0-⽠ؾL3\nS	o2?#q$B[]\'gGAk\'8\0+8wp(ܯqboHnP؛\"40dn-spکln{<1NhLTrDQo\0\0\0\0\0\0\0\0\0\0\0\0\0\0\0\0\0\0\0\0\0\0\0\0\0\0\0\0\0\0\0\0\0\0\0\0\0\0\0\0\0\0\0\0\0\0\0\0\0\0\0\0\0\0\0\0\0\0\0\0\0\0\0\0\0\0\0\0\0\0\0\0\0\0\0\0\0\0\0\0\0\0\0\0\0\0\0\0\0\0\0\0\0\0\0\0\0\0\0\0\0\0\0\0\0\0\0\0\0\0\0\0\0\0\0\0\0\0\0\0\0\0\0\0\0\0\0\0\0\0\0\0\0\0\0\0\0\0\0\0\0\0','1098742398.JPG','2016-08-30 19:29:15','2016-10-10 08:18:39'),(26,'paula ','viviana','acevedo','careces',2,'10986464411',NULL,1,NULL,'1987-10-03','carrera 1b numero 7-51 bloque 9 apto 102','la cantera','6653194','3134863216','chaquirin10@hotmail.com',NULL,'\0*s\\A7	qU\"Ext^tӋ>![faς^S5\Z*xs4s掹{D/*ZT\0\\(*_WplDY+!j!d}F67t]?Ky[LT]\'\rkWvl֖Vb?xٞf~l(;ټ AX7	^Hrh@\rLN=9EI/WS?Q\'vi;d ͸peonRIdJ:TIT1r7H\'/E]6Nĩ*m>ݩ+#\n{lylPX?sz%S\Ze-td2,=TVvkͯ\Z \"%AƾQq\0hoo\0~*s\\A7	qUwl485u^z0ngM\\b؊HSrJU|q--0xE`}eEQą\'A\n~Mq43LDhʱG^O${ޭ<h!`+s%P!\"\nEXmwe{%B#^g+KVz#TF!(נ\Z	gjiz5Bhq2iul*A.i1@`+\rhc#嫨u$cҷE%Lvjٙ7z+W{oSƲV1kN˵ׇ3+-)dH$j5:>>m)	\Z*l[$:l|5Yġo\0}*s\\A7	qpU|6#&R!\'TugJ4AlBVbh +Y,WvP\'`qNVMf\"~W`d~+0\0\nL]PZG);*-b<:bM0Z2ꊴ[CK~v_M{2f/)#JZi*\nOcNWD=%<+T	 Ç/@tqSK9dfCy%m4\rqlZwo9#A_لG]^}i)xk\\aT\'?W~`Ut]pWڇo\0*s\\A7	qU!_!w,tI-O0!%hIN)KMֶ\n덗~\"\'f=Zd߇dYv漋-=뜼bM\"s@o$uzmWؽ[6qc.di<jH%|Wu,9wi!#JZLxq?.>*tohkv}Ki<\0ē;y\n\Z׬\"3$yXE7F <(Bc;_?-T?Wt޿\'eI֢\Z`]-\"_31_o\0|If6nAf[ңdänkg9BrgO.u~*؊o\0\0\0\0\0\0\0\0\0\0\0\0\0\0\0\0\0\0\0\0\0\0\0\0\0\0\0\0\0\0\0\0\0\0\0\0\0\0\0\0\0\0\0\0\0\0\0\0\0\0\0\0\0\0\0\0\0\0\0\0\0\0\0\0\0\0\0\0\0\0\0\0\0\0\0\0\0\0\0\0','10986464411.JPG','2016-09-01 18:42:45','2016-10-10 19:09:41'),(27,'gennifer','paola','daza ','fuentes',2,'98081259879',NULL,1,NULL,'1998-08-12','calle 3b numero 8-57','hoyo chiquito','6555890','3004728915','gennily_12@hotmail.com',NULL,'\0*s\\A7	qU^|B(7!Llw\\B<7`ºmgKo/\n	ìx2_nDx|T\ZɸYREFu:s 鍬\'k=uPEf}q/֠o\')U^f$ x5UjD17ЅvPIk˧8{`?دa=/h@C,ʑ4UCop\";Mscחinⷯo\0%*s\\A7	qU6~=HK`۴φzǕe.&ā\\=D\nU1M1P	uMLp\rZ%̚W	وB~+5jal-]o\0loü--F\'=S!՗SꅱO\\lg83xr6m\\AD=_L`һZZ2\\wAlfc٦Xiܴb/!䜰M> .u٫AKK-eI<=9 AV2o\0*s\\A7	qU!H\r,>DCӌ3,E8AOO랾U-Jw۞tSŗFOH>7oa.<u#\0_apB\Zв<CS5$;QMM\Z?GF\\0ƀrUFj\0Zx\0`XH$0X>>QfkX^s&\r-Ւso2а%mgpYߥ	bh6gˍ;&kI>瞹zh\Zŕ4X3x>+yo\01*s\\A7	q0U(taU)2uDJ␻%7,2T#(	[cpE52IB\0!%^JrjriWg8I_D{uHƤC+\n4{EveXPI~:F4RmG?_Gs\'gI}6Zh[%^gy$+\nEC.\\Јwiq?I$-7e5n$mmd)L}d&<o8{-u-.%Y oڔD)yo+fx2A`)̎&ޟ{`Y*<o\0\0\0\0\0\0\0\0\0\0\0\0\0\0\0\0\0\0\0\0\0\0\0\0\0\0\0\0\0\0\0\0\0\0\0\0\0\0\0\0\0\0\0\0\0\0\0\0\0\0\0\0\0\0\0\0\0\0\0\0\0\0\0\0\0\0\0\0\0\0\0\0\0\0\0\0\0\0\0\0\0\0\0\0\0\0\0\0\0\0\0\0\0\0\0\0\0\0\0\0\0\0\0\0\0\0\0\0\0\0\0\0\0\0\0\0\0\0\0\0\0\0\0\0\0\0\0\0\0\0\0\0\0\0\0\0\0\0\0\0\0\0\0\0\0\0\0\0\0\0\0\0\0\0\0\0\0\0\0\0\0\0\0\0\0\0\0\0\0\0\0\0\0\0\0\0\0\0\0\0\0\0\0\0\0\0\0\0\0\0\0\0\0\0\0\0\0\0\0\0\0\0\0\0\0\0\0\0\0\0\0\0\0\0\0\0\0\0\0\0\0\0\0\0\0\0\0\0\0\0\0\0\0\0\0\0\0\0\0\0\0\0\0\0\0\0\0\0\0\0\0\0\0\0\0\0\0\0\0\0\0\0\0\0\0\0\0\0\0\0\0\0\0\0\0\0\0\0\0\0\0\0\0\0\0\0\0\0\0\0\0\0\0\0\0\0\0\0\0\0\0\0\0\0\0\0\0\0\0\0\0\0\0\0\0\0\0\0\0\0\0\0\0\0\0\0\0\0\0\0\0\0\0\0\0\0\0\0\0\0\0\0\0\0\0\0\0\0\0\0\0\0\0\0\0\0\0\0\0\0\0\0\0\0\0\0\0\0\0\0\0\0\0\0\0\0\0\0\0\0\0\0\0\0\0\0\0\0\0\0\0\0\0\0\0\0\0\0\0\0\0\0\0\0\0\0\0\0\0\0\0\0\0\0\0\0\0\0\0\0\0\0\0\0\0\0\0\0\0\0\0\0\0\0\0\0\0\0\0\0\0\0\0\0\0\0\0\0\0\0\0\0\0\0\0\0\0','98081259879.JPG','2016-09-02 17:26:43','2016-09-02 17:26:43'),(28,'julian','ernesto','castellanos','gonzalez',1,'1193151322',NULL,2,NULL,'2000-08-02','carrera 14 numero 4-43','las delicias','6650166','3125594639','jjcastellanos6@gmail.com',NULL,'\05*s\\A7	qpUY8=lsSæ1S)xB@_<٪搡3ߚhȍNy+E~Q墻5lZjDիʀAhHpGTd[1(4\"B![sEpp|{25踑ִ#He}rԙ3]SC_IY͘Q\"/;̳8K[h\neYYܟ^&myQE6[ 6w	x:#Kh\'td[Zw9to\0]*s\\A7	qU֊TI\rTHGi%EmfW0ׂ*:⢃Eh$/\"=٫T.wi\Z-o$.oti5@ɱm`g/.Dg\'Fp=࿠/EWۏX(_ٮ;4>7rkYp|\'/Dg\r!x+y\\\0IyZR	rg¯\\喫-+jU5[,46β.;}-EOe͆c7uJWL5\0J\\+\'3B\"r\"/o\04*s\\A7	qU$MP&v&`~-S#ӄ+qO`y&m:Ig[\" \'!w$X\r6\ZLaz(@Nl%Je>1UEC_(}]t֢}?od⭚[\'td+^k:n\\g&{P,yU9YbV^J\"pٷm@-\\h|t|H\nFـ~ y\\G.@mCPJ2mC;\r9ӇG:N	+d&ю]$vo\0*s\\A7	q0Uld|OH⻀\'|ȳTi!MjR9kHL3޿45hlLA;3ɑH\'pGfx+pzLgV@ #|*P.2w͊rA=ǄhƼ[˓0HQyC\\W[ʦoE%\Z;]I4hXM%K \"AjO!P9lMNI*Ã8MMɋO\\,p3{$%1H{4Zg<	Ͳo\0\0\0\0\0\0\0\0\0\0\0\0\0\0\0\0\0\0\0\0\0\0\0\0\0\0\0\0\0\0\0\0\0\0\0\0\0\0\0\0\0\0\0\0\0\0\0\0\0\0\0\0\0\0\0\0\0\0\0\0\0\0\0\0\0\0\0\0\0\0\0\0\0\0\0\0\0\0\0\0\0\0\0\0\0\0\0\0\0\0\0\0\0\0\0\0\0\0\0\0\0\0\0\0\0\0\0\0\0\0\0\0\0\0\0\0\0\0\0\0\0\0\0\0\0\0\0\0\0\0\0\0\0\0\0\0\0\0\0\0\0\0\0\0\0\0\0\0\0\0\0\0\0\0\0\0\0\0\0\0\0\0\0\0\0\0\0\0\0\0\0\0\0\0\0\0\0\0\0\0\0\0\0\0\0\0\0\0\0\0\0\0\0\0\0\0\0\0\0\0\0\0\0\0\0\0\0\0\0\0\0\0\0\0\0\0\0\0\0\0\0\0\0\0\0\0\0\0\0\0\0\0\0\0\0\0\0\0\0\0\0\0\0\0\0\0\0\0\0\0\0\0\0\0\0\0\0\0\0\0\0\0\0\0\0\0\0\0\0\0\0\0\0\0\0\0\0\0\0\0\0\0\0\0\0\0\0\0\0\0\0\0\0\0\0\0\0\0\0\0\0\0\0\0\0\0\0\0\0\0\0\0\0\0\0\0\0\0\0\0\0\0\0\0\0\0\0\0\0\0\0\0\0\0\0\0\0\0\0\0\0\0\0\0\0\0\0\0\0\0\0\0\0\0\0\0\0\0\0\0','1193151322.JPG','2016-09-02 17:52:31','2016-09-23 20:40:07'),(29,'claudia','liliana','carvajal','carvajal',2,'63507738',NULL,1,NULL,'1975-01-10','calle 7 numero 10-98','san rafael','6654037','3212643757','servidataelectronic@gmail.com',NULL,'\0*s\\A7	q0Uʜ<9oqY?~/FGdE UD)8\Z]͍rg=BS$_\\,l|uIC	Jk$X5S2\r7S:9~w@2AI%	\rN5IT^6B!}\"nrQõ}RP\Z_\'xVe:Bd85I\"́b/Β1ޔE%zc_(On\";sr#e\rz|\\Cָ\ZPIKʆke\n\ny1Qk)\Z:x%GGZZgowyEW9e`-TͿ`M|)Ixo\0~*s\\A7	qU\\w` wL|_<,,׏>Lbs>r\r}zkS|9g_TLǜ3zJr쇓5Ӄ7S۷k뺐q\Z֩!HBHJ`|_[JBcry*&,>GB&0xf1nޤ$=\'u\Zxq d#nrω#ғLNwVj\r\rS̫Mg2Wqi~qacd[1i4*\ZI?ӊ  Q5W#Ě?r<vJiΘBTpZ樌IWw018$yb.(SkH a\r)[wEME3t+,~o\0c*s\\A7	qpUEh~[  N4\nqq[\0C;+yP.[-&FמĞ%U$7YL%S}c@a8TܓAY:~JGڹ#uidZ瑢}C?Ҏ!V)Y]ztx(V@#V>c-#2^UMNU%5J:1Zf_ss.XYp,v]~mn=`e9u\r(9N1#a)02D!uKjHVbU釋z6h8\'-V\'D`}p!ƉYxZC9i,\'kF¡6uzi87Jo\0*s\\A7	qpU8zn~.-i{÷}&-oDVoQ+S=sF}9cru:i\',COM7Oj>VwF+Qî聝+ܚuG| *̐*_[F )UYyy/ywg(ؘ?-yȼTm\\?lM	4xL\"*T(\n/1UG/>t\r\rJ0t9]8`\Ze8e-</7\"±ȶ|#qo];~e#Ce$Lk}K\0ʲDQyg!hBݺeM+}vc\Z$-W6t\'+`zB Ou״v\"Q)AFA)icEo\0\0\0\0\0\0\0\0\0\0\0\0\0\0\0\0\0\0\0\0\0\0\0\0\0\0\0\0\0\0\0\0\0\0\0\0\0\0\0\0\0\0\0\0\0\0\0\0\0\0\0\0\0\0\0\0\0\0\0\0\0\0\0\0\0\0\0\0\0\0\0\0\0\0\0\0\0\0\0\0\0\0\0\0\0\0\0\0\0\0\0\0\0\0\0\0\0\0\0\0\0\0\0\0\0\0\0','63507738.JPG','2016-09-05 07:45:00','2016-09-05 07:45:00'),(30,'cesar','julian','navas','delgado',2,'91348925',NULL,2,NULL,'1976-05-24','carrerta 4 numero 10-67','la feria','6560120','3204774640','juln24@hotmail.com',NULL,'\0>*s\\A7	qUQo)%H+퇼Kk+\'P)tꙑ+!Ւ\Z\"`\'\n(NK\n\\l矘xqi$oMdN9eވ?A1m*0$A(XvqjQX*^;,I!l[Լ3߯Tb\"@շ{~,Ŕc2%]j+_]^8ADeIRP^;ǧjtm5TPLԡd|sǖ5;oo\00*s\\A7	qUGDcRVdd+_o1 /##4Y]8ztR>SX4B1pp\r+O1E\Z-:I}oA29?G6!b%^,+Tq8,\rP\Zm,@Y\r\0	olLV;A Ӱed،\r\n6QJ)vK\r&\"OpYj<</{q\'Cc|~\\]-\"vhn-gG2(:as?bv@=dpI!]21V$>._TJ]\0pbnI$Wo\0*s\\A7	q0UmXL:c5!M}|#->ouL$dlc8X0qjDvyZ16[^naKthZoq#Y/ۧ4.}rH)\"&b~=xû.YJK$bݿY1\r;*<}Ч=>\'RPA8e;o;~sUF3H[YBߏw}xbze1Vc\\RD43(\nPC\r;K.|0D~\"o\0*s\\A7	qUKğ-bƃOx,t{`\"˨!7Ňd0åq-\00\'Gט{J~b\"\0x.s)IxzxW@EʪoKMsa\n8nٸ	3jM^UT)1.G.EEz\Z+.\Zco~Bq\n Ns-fwnm/G },]]ߕӱԬ^ UQ\0\"IV\Z`s	yo\0\0\0\0\0\0\0\0\0\0\0\0\0\0\0\0\0\0\0\0\0\0\0\0\0\0\0\0\0\0\0\0\0\0\0\0\0\0\0\0\0\0\0\0\0\0\0\0\0\0\0\0\0\0\0\0\0\0\0\0\0\0\0\0\0\0\0\0\0\0\0\0\0\0\0\0\0\0\0\0\0\0\0\0\0\0\0\0\0\0\0\0\0\0\0\0\0\0\0\0\0\0\0\0\0\0\0\0\0\0\0\0\0\0\0\0\0\0\0\0\0\0\0\0\0\0\0\0\0\0\0\0\0\0\0\0\0\0\0\0\0\0\0\0\0\0\0\0\0\0\0\0\0\0\0\0\0\0\0\0\0\0\0\0\0\0\0\0\0\0\0\0\0\0\0\0\0\0\0\0\0\0\0\0\0\0\0\0\0\0\0\0\0\0\0\0\0\0\0\0\0\0\0\0\0\0\0\0\0\0\0\0\0\0\0\0\0\0\0\0\0\0\0\0\0\0\0\0\0\0\0\0\0\0\0\0\0\0\0\0\0\0\0\0\0\0\0\0\0\0\0\0\0\0\0\0\0\0\0\0\0\0\0\0\0\0\0\0\0\0\0\0\0\0\0\0\0\0\0\0\0\0\0\0\0\0\0\0\0\0\0\0\0\0\0\0\0\0\0\0\0\0\0\0\0\0\0\0\0\0\0\0\0\0\0\0\0\0\0\0\0\0\0\0\0\0\0\0\0\0\0\0\0\0\0\0\0\0\0\0\0\0\0\0\0\0\0\0\0\0\0\0\0\0\0\0\0\0\0\0\0\0\0\0\0\0\0\0\0\0\0\0\0\0\0\0\0\0\0\0\0\0\0\0\0\0\0\0\0\0\0\0\0\0\0\0\0\0\0\0\0\0\0\0\0\0\0\0\0\0\0\0\0\0\0\0\0\0\0\0\0\0\0\0\0\0\0\0\0\0','91348925.JPG','2016-09-05 11:06:44','2016-09-05 11:06:44'),(31,'ivan','alejandro','duran','navarro',1,'1007367334',NULL,2,NULL,'2000-02-03','calle 15a numero 16-10 segundo piso','tejaditos','6556117','3176173594','alejandroduran903@hotmail.com',NULL,'\0*s\\A7	qpUy<Q-=OuQ266\"+$syQS__k{+}n+[%>	4:&ӂ~B4Sy\n˜\0@9g\'f&~;hK mDXt8t,zƀ7fj9|^]+W,x@嘐6aj)&DxTZf1\0[8KGe4_()Y76)\\pB)X3T{?!ٞ1xm	-\\eJe/l]y5&np3Y_\\Scn/m\n;HQ^;;#i;WAx~eMQ\'_fMJ\"o\0\0*s\\A7	qUY\\[I5k**9LUxkd|{nЎEv]X-߾\0*j4${wIC*\r&뮓Ξ!B/0e|T4Hl<\0TSBN#H2s!VqM>vbS՘\neܧ\r\Z܎R\ZE-S+4״k7E4~hU`,P*9Y{$u.._}\'o\0~*s\\A7	qpUeLF+4L1)-6YI,fƉI]]ł	Hnpc2|JW<*e2zӮT>~9ʑa	LvR7+^f6LD->Y,<-BOO:<WOxkaBy\\9{ds,imAʕֹ?\0ZܒkR٠\\Ny+2P(=ؓQOx(f?%8u\n{2Wn	<A^0oSwY]ZkyT/>!=&Sww*_4%tZr7SOUGjD~o\0\0*s\\A7	qUxȬm_圅xoQڠ3\rC3B],\\UUB/XM73uU˽cduFt,MG_ܪ3~v^7Jg	̹Jq=KgDI}|p+UPBy֬ŗD_YvAn=ЧavfIcCt׼;(E\"v:_f,{W&Z(Oo\0\0\0\0\0\0\0\0\0\0\0\0\0\0\0\0\0\0\0\0\0\0\0\0\0\0\0\0\0\0\0\0\0\0\0\0\0\0\0\0\0\0\0\0\0\0\0\0\0\0\0\0\0\0\0\0\0\0\0\0\0\0\0\0\0\0\0\0\0\0\0\0\0\0\0\0\0\0\0\0\0\0\0\0\0\0\0\0\0\0\0\0\0\0\0\0\0\0\0\0\0\0\0\0\0\0\0\0\0\0\0\0\0\0\0\0\0\0\0\0\0\0\0\0\0\0\0\0\0\0\0\0\0\0\0\0\0\0\0\0\0\0\0\0\0\0\0\0\0\0\0\0\0\0\0\0\0\0\0\0\0\0\0\0\0\0\0\0\0\0\0\0\0\0\0\0\0\0\0\0\0\0\0\0\0\0\0\0\0\0\0\0\0\0\0\0\0\0\0\0\0\0\0\0\0\0\0\0\0\0\0\0\0\0\0\0\0\0\0\0\0\0\0\0\0\0\0\0\0\0\0\0\0\0\0\0\0\0\0\0\0\0\0\0\0\0\0\0\0\0\0\0\0\0\0\0\0\0\0\0\0\0\0\0\0\0\0\0\0\0\0\0\0\0\0\0\0\0\0\0\0\0\0\0\0\0\0\0\0\0\0\0\0\0\0\0\0\0\0\0\0\0\0\0\0\0\0\0\0\0\0\0\0\0\0\0\0\0\0\0\0\0\0\0\0\0\0\0\0\0\0\0\0\0\0\0\0\0\0\0\0\0\0\0\0\0','1007367334.JPG','2016-09-05 17:29:49','2016-11-02 15:46:18'),(32,'camilo','stiben','alvarado','bedolla',1,'1001343941',NULL,2,NULL,'2001-03-29','carrera 13 numero 3-163','puerto madero','6547023','3223160368','calvarado.bedolla@gmail.com',NULL,'\0*s\\A7	qURmQfPXEC~sFy\ZK()_g\rh)@ȏ%t7zJĠ2w?$]P4S8Mm3)ڑXM2K,w]-wܨA]0iiD2b7B/dሥ[4T0ƛS8DsLsmhj,\r`Yi*aLT{-dOv!ߔ4	ѱ#0 \r	t.Ҁyӣ$Gs>MTEU\Z1Wo1|Yl,mЇ5,1ҏcRbȁH	<OAK0Li_o\0*s\\A7	qUE/	<\'%#<__Hvn	QzէBLөi-̝Cvl:jҙT|b6V\nJkOXC\Zb}ݨ.\'j*oFnNʩKH@&k_J5jC.\0\Z>Q:Z.c	n%wQ΢,Y.#q*^tPj4J`aI?A(ctY֠{Mʚ8;.ynWCA{:;8ĸ2n1ѲMxic;`RBʐ9+ƅǵPit\nA<ͮƐQn,^2帤mf]\Z+o\0*s\\A7	qUj-kZl䄇R#tV}>1,O,4?iK\'A$\nё,FI,=\"~Hap2+JhLpy\"LМ=́!\'s-q\'h\"e<G诧>ƽvQïh8f7*L~z8z?ByeXB}k|+tmr<y.Q{RE-tP[g.BIe<1I%JofI?iHdF8YKy\ZyP_Y(ڷ-84jNter_@O̂ltkx8\rn}]qf\rl3sQifnͣL5u4	o\0*s\\A7	qUrMva猪qj_ҚolNMEҟ+sǶ{YMB&;\r}_/vHCӅi\"+}m*Z\0{S\Z靖vRzXClagk	jZ8󀂔8㴪ًZlDŶ˜ERx)_gŘՏ?Nz34k-ɋgA1JX[\'pۓ\rIL$izIK<t.K]! ~\nXjU#\"@g)@|R`QiVro\ntӧX xC+pBJ(kPqjrCjMzazÇGWo\0\0\0\0\0\0\0\0\0\0\0\0\0\0\0\0\0\0\0\0\0\0\0\0\0\0\0\0\0\0\0\0\0\0\0\0\0\0\0\0\0\0\0\0\0\0\0\0\0\0\0\0\0\0\0\0\0\0\0\0\0\0\0\0\0\0\0\0\0\0\0\0\0\0','1001343941.JPG','2016-09-05 18:16:57','2016-09-05 18:16:57'),(33,'juan ','david','aparicio','valdez',2,'1102378252',NULL,2,NULL,'1995-09-11','carrera 15 numero 7-52 torre b apartmento 402 urbanizacion suza','san rafael','','3162736608','juan.aparicio1109@gmail.com',NULL,'\0r*s\\A7	qUp1zkO>j{!\\x/@bt\"H5`/Ew 0\rvuR[[CY$2ߙ}J`M.ᢠPs\0H4r\nȐ8NFKXµ87v<IՕǂòNY2EMl&dJdr\r:`Qf~GL7OAa~oj]Y G!l@<&V<p.(<Ĺϯ˓1rc/ZwN\r\Z+)LߛdO\'ľ%\\vQD$)SZ};<!+k;1Ѧo\0q*s\\A7	q0UT|pM%	y<^X93TڋIw8rؚ$*(vT|h{gHN\\Vz1U\\`!͏BRyrl	(}+ 4sĎP#E;cwA`=Q//L?,\'tE22J~HQQuG47\r[$u3̮dFCh[Xy5\0,M6+J_MOݧւD)#YeY\ZML2?_y^?%{Diq=	8ѯnmhF]\Zd2ZN!qDo9(B!e\\9\'\09(Q;WmOxtT~a{o\0p*s\\A7	qU+UY)zWzx`JNnM,0tׅ8Ξ,xE1K3!>$5Y=񍘼YYM~*\0c/y/6[J:f}$޸jɍ0H]1g?X!.Ο\"&{J/^H͸ExGjÍTc]4\'r*?>֬ɿ=bQ5}+\0d)&둒@x3\\aO\\LBg#裚30\Z _%啅\rv!SS)\r\ZW{G(CV19;i(V?céo\0*s\\A7	qUSDV2N`DcM|-3LJ-,!G\\/Z4wXLM/|J  ooƮxLBwu-;PU4	N\r^|#[?Cג)U\rc=z+*O\n+p5\"i!5&]\0Ȣ:1~7/<S)bA5XM!r!We*Y%6+	Qi%H	Njj/Q1z\"^RRЫxӆh	Z4^~1rbx`ʽ	em	~tmrK)*AhMb\ZNاSbw[[V:8fE-ոX;O4Ǭ`o\0\0\0\0\0\0\0\0\0\0\0\0\0\0\0\0\0\0\0\0\0\0\0\0\0\0\0\0\0\0\0\0\0\0\0\0\0\0\0\0\0\0\0\0\0\0\0\0\0\0\0\0\0\0\0\0\0\0\0\0\0\0\0\0\0\0\0\0\0\0\0\0\0\0\0\0\0\0\0\0\0\0\0\0\0\0\0\0\0\0\0\0\0\0\0\0\0\0\0\0\0\0\0\0\0\0\0\0\0\0\0\0\0\0\0\0\0\0\0\0\0','1102378252.JPG','2016-09-05 19:12:30','2016-09-05 19:12:30'),(34,'sandra','paola','ardila','guerrero',1,'1127046534',NULL,1,NULL,'2001-01-30','carrera 10 numero 10-26','san rafael','6653154','3125168610','sandrapaolaardilag@gmail.com',NULL,'\0*s\\A7	qpUR@亃=[BMY͉R3A-\0Nd@Ci-Z!ՅHVuvhO\'X#rƸ=7oOJ8\ZF6ּ}tRq}g\n\ZlJ7Z>u~⍀\ZSm\n8>D\ZPTiH P6/d~B$QLArkm-ZQՊ-$cl/c\rT-@E?^πb.I\rᴾ]OܫlyJuP.kj.3a\'ߪ^FF:gX@$te)\nL`z>7WET\"lĺ~ /2 Q<8i&a&>\n6Lo\0~*s\\A7	qpU`q\0>\\?hB4ҷ)Sހz} Eҁxz/#^?{qd(`)>V,M !zS(@u,LJDfЍz˘׷\rtr!5zߝXi172J@RChmS<=z5ף?`>2ԧS]qOUۀ?^*ʠ[,a/\\/ -\\/om{K-.{{_G]YkR\r9LZh₭F;uŅM-Mh(!^s`L/^7kkMG`%XZ\07\\hw$\0)K7o\0o*s\\A7	q0U9eWm6d)P{>ͫn΋AUIi8ͅ%AB\rZ9}ɚ^\r:*\\FI0]W(k\"rͬnҫjhI`g/Y:`d]V̀\nJ_d:ha pkib}>5?kx؀N,hR}{e,JR\'tr<D]\"\r}@IK0iw}Vv2 G1OF\n5O|@!X$V`?wg>kIwtӲ O;pjk-$9mmIwȔЍj0HwBUHQKho0(}l0o\0*s\\A7	qpU9QRh3;g!Aňw\'nnrq$Ŕ2b{u:\Zln+Z10-ۭCFYXᴘ:Dɒd\\aP˺Zf\0 K`\ZZ~wv?AjJpd.|&il`ʙPβe.Sx&VvoojY8\\8\Zvfnm>rw$F=\' tǟ6\"(nh6c/jhf~pC|()u/ *m`6|0\"|N|AS|[*꿔9+H8$0\'o\0\0\0\0\0\0\0\0\0\0\0\0\0\0\0\0\0\0\0\0\0\0\0\0\0\0\0\0\0\0\0\0\0\0\0\0\0\0\0\0\0\0\0\0\0\0\0\0\0\0\0\0\0\0\0\0\0\0\0\0\0\0\0\0\0\0\0\0\0\0\0\0\0\0\0\0\0\0\0\0\0\0\0\0\0\0\0\0\0\0\0\0\0\0','1127046534.JPG','2016-09-05 19:29:02','2016-09-05 19:29:02'),(35,'dayana','liseth','solano','grillo',2,'1102378436',NULL,1,NULL,'1995-10-19','calle 15a numero 4w-05 ','tejaditos','6927857','3108660681','dayana_solano19@hotmail.com',NULL,'\0\0*s\\A7	q0U,(N/CaѢVLZtfmcHZmxׂ9Ǟ\"T\09:i\\gŢ֡ڣrI`^1˳im$lbx3v;\0ؑ!\"HL<2]m_\'GSm^j\n;Y1`}jٗ\"xɣjRSDfk1sFFCBޭ>Z5ǰFo\0\0*s\\A7	qU,}%6tzX\na\ZK0^RB	v1,zx~ϻJ2@* K/wRNN(;\'V(1j325xQJ9\r\"KPӤ0*qJJbZ/oEi\0%ȿAS->/*uh!d	pK\'ڜUr\0`is倇Y;<Bpbo\0\0*s\\A7	qU\'n[f.%D2y/r0k?:mZ0pAXֻ65Qu=(|G}/h.$ubݮTnsU$H\\\"뭗y3 l{$>3\"r)&t_t\\-6FcI\ri7}u1i V.RE%hIA\\ErFSp,\nC;Q0/-=Ao\0_*s\\A7	q0U(wH9NHoAxic\'B\"\\;N2}({߈zG{eJiv8GN߽*܋n2~7\ZD7tE*Yn\"$o{DXs:fM*\"C\0qyВ:x¼ľ^iJHfCx|k;\n_PkV6jޖs>ia?@Bx.ҶGt>~ЗF{4GmF\rpQECݫpЮi9U_APL\'VQ]h_m?uޡR-\n>~(L AתJVѐ7Lo\0\0\0\0\0\0\0\0\0\0\0\0\0\0\0\0\0\0\0\0\0\0\0\0\0\0\0\0\0\0\0\0\0\0\0\0\0\0\0\0\0\0\0\0\0\0\0\0\0\0\0\0\0\0\0\0\0\0\0\0\0\0\0\0\0\0\0\0\0\0\0\0\0\0\0\0\0\0\0\0\0\0\0\0\0\0\0\0\0\0\0\0\0\0\0\0\0\0\0\0\0\0\0\0\0\0\0\0\0\0\0\0\0\0\0\0\0\0\0\0\0\0\0\0\0\0\0\0\0\0\0\0\0\0\0\0\0\0\0\0\0\0\0\0\0\0\0\0\0\0\0\0\0\0\0\0\0\0\0\0\0\0\0\0\0\0\0\0\0\0\0\0\0\0\0\0\0\0\0\0\0\0\0\0\0\0\0\0\0\0\0\0\0\0\0\0\0\0\0\0\0\0\0\0\0\0\0\0\0\0\0\0\0\0\0\0\0\0\0\0\0\0\0\0\0\0\0\0\0\0\0\0\0\0\0\0\0\0\0\0\0\0\0\0\0\0\0\0\0\0\0\0\0\0\0\0\0\0\0\0\0\0\0\0\0\0\0\0\0\0\0\0\0\0\0\0\0\0\0\0\0\0\0\0\0\0\0\0\0\0\0\0\0\0\0\0\0\0\0\0\0\0\0\0\0\0\0\0\0\0\0\0\0\0\0\0\0\0\0\0\0\0\0\0\0\0\0\0\0\0\0\0\0\0\0\0\0\0\0\0\0\0\0\0\0\0\0\0\0\0\0\0\0\0\0\0\0\0\0\0\0\0\0\0\0\0\0\0\0\0\0\0\0\0\0\0\0\0\0\0\0\0\0\0\0\0\0\0\0\0\0\0\0\0\0\0\0\0\0\0\0\0\0\0\0\0\0\0\0\0\0\0\0\0\0\0\0\0\0\0\0\0\0\0\0\0\0\0\0\0\0\0\0\0\0\0\0\0\0\0\0\0\0\0\0\0\0\0\0\0\0\0\0\0\0\0\0\0\0\0\0\0\0\0\0\0\0\0\0\0\0\0\0\0\0\0\0\0\0\0\0\0\0\0\0\0\0\0\0\0\0\0\0\0\0\0\0\0\0\0\0\0\0\0\0\0\0\0\0\0\0\0\0\0\0\0\0\0\0','1102378436.JPG','2016-09-05 19:33:27','2017-01-03 20:28:23'),(36,'edna','patricia','diaz','niño',2,'1102366790',NULL,1,NULL,'1991-02-17','calle7 numero 11-39 segundo piso','san rafael','6928371','3154817496','ednadiaz09@hotmail.com',NULL,'\0*s\\A7	qpU|k7QY$e6LH:a|Zp!}ૉ8\n-b#l[|g̒py\Zՠdwe\ZSJF=7M*;%XOSr7j{alwsէ\0epmb\rj^aM.J)՜a{\"oGи;Iت,ڔ6^\0m9\'nI\rh56lȍf0TYn>Eq=s\"f%\Z_H)A|FIl(4Nvqh\Z67ā\\\'<Joqū.\\X`ڲ\"^o\0*s\\A7	qUp5unKѳ[ؗ@iP$ԅ0<2<r<2m>0MqNN!s8|\0ZQW:\08t`@5cq@0r.b/D&2}TU%N/T{0ՙ:o밢~wV}\"?/闺Dwnl^\'n\Z-0a&QNRBN\nބM=hmb9L%ɆZrn)\"Zɦb_z $/X,@%Vw\'{5?Fj̓z#VJ4\n:rQTP_+?\"d-[Fk\ZgPA$\'lX\0|XrWao}~4o\0*s\\A7	qUۤv=.q\nLZ1p;\Z7\']aL	)koZ7~v(Jب.US{ѕn@ֆKAr5ֵ -V<1w⿙J1 K<ݏyi{ν&ށ:vqB\'!Q,Q檞ax0kI)m5p_A<sڟ?`:VL4UMd8?#;s/=s1tR	V2ǎ0 &У^Jbn=-[!7ȥI+[`t:A)?֘0Tip3)^}o\0~*s\\A7	qpUTxN\'T/-j>&1I9fN咠,RZZ|:Vtjkc1\\+\\SJe)VCe,6u+sdQ\rͳiܕ<ԵF{b2e}c?_ԟYEs19LHk(#bޯ9VsLo[@8υwwN.HI\\f>JTrpyd(!+a]f].rpQ\nu+8g,ClxNMju]8na\ZꑦL*k2lUkXk\Zؠ\"~WwH80vvo\0\0\0\0\0\0\0\0\0\0\0\0\0\0\0\0\0\0\0\0\0\0\0\0\0\0\0\0\0\0\0\0\0\0\0\0\0\0\0\0\0\0\0\0\0\0\0\0\0\0\0\0\0\0\0\0\0\0\0\0\0\0\0\0\0\0\0\0\0\0\0\0\0\0\0\0\0','1102366790.JPG','2016-09-06 16:34:43','2016-09-06 16:34:43'),(37,'tatiana','valentina','poveda','carvajal',1,'1005333169',NULL,1,NULL,'2000-08-23','calle 7 numero 10-98','san rafael','6544412','3005539773','vale2000tati@hotmail.it',NULL,'\0q*s\\A7	q0UkrYø~Sfhǋ*&E\\;(P4go?b،\r|dDΕn~ԄԣsA_Jz5~)f١\0j\niX(k4pNQ2\rM2Ν\\4RF3;P ^SB\ZZϳ&lRW1H1?G$x~5I#WCpXLvVt1ו_UG}b;%7r}ed*\"_v?d͂)^{Ym\r\\,n\'iybĲb)Ju<Elp<V?`OiE\0:&=.Nyb{(a,o\0g*s\\A7	qU\\YQ[c{WՒյ͕XCWު7Vu\Zzp2ilyx>Fo($Z;wfEu7Uf܌s\r1E`irx,902HP;Nʀ\"DbDtQvA%#x%\"\n,;ҙX	G^]㧙4\\h9Ncˋ1Fc>UQ|^+J&zhYA-3$cNI$q3ƕț{\Z1#JX_B|EpȓBכ\r|Zm,&r/H3Q\0ݫZ<ִIo\0f*s\\A7	qUMµ34\0҄EG-vJ,Hv໊2d4~Ȝ E(%gx.\'!oxWrL1)uKU@3aB^-7k[DFו	Ʈ4ijMDZRmӝTHw4h *qGgs;kDCFԒ.mZjxgާH똫ǐo\0ػ\0c3~q0L(X.d%O0K.aeX6MIMJc\\>o5~-W,֎BIa(xX~wo\0d*s\\A7	q0U)(.&b)^6k-VG-IOjΖxNIMns?JrR\rIxFɃue`\'W{\nψwE;Hn=\0`#hT?D$nLS)0p,.xxOZ]RyRza_\0j}\0gѺLVSjW~-;gԺWXq9H.Hu_Ӽ߸-&?)^GU,F1Ϯ@WBsǏA{\"5\'k	PxFY9ސ}>\"LEWo\0\0\0\0\0\0\0\0\0\0\0\0\0\0\0\0\0\0\0\0\0\0\0\0\0\0\0\0\0\0\0\0\0\0\0\0\0\0\0\0\0\0\0\0\0\0\0\0\0\0\0\0\0\0\0\0\0\0\0\0\0\0\0\0\0\0\0\0\0\0\0\0\0\0\0\0\0\0\0\0\0\0\0\0\0\0\0\0\0\0\0\0\0\0\0\0\0\0\0\0\0\0\0\0\0\0\0\0\0\0\0\0\0\0\0\0\0\0\0\0\0\0\0\0\0\0\0\0\0\0\0\0\0\0\0\0\0\0\0\0\0\0\0\0\0\0\0\0\0\0\0\0\0\0\0\0\0\0\0\0\0\0\0\0\0\0\0\0\0\0','1005333169.JPG','2016-09-08 16:24:34','2017-02-22 19:43:56'),(38,'sildana','','guerrero','de ardila',2,'60407805',NULL,1,NULL,'1972-03-29','call1 10 numero 10-26','san rafael','6653154','3222236765','silgp.23@gmail.com',NULL,'\0*s\\A7	qpUI1S^`eULYJǸʤxi9Trac]YEQOi=BPR1ل7vdM2spFG\nAyE_(vJP)Lx?;)Nay.	Ki~$UC3&f\0)i_D.2ŋ:柳sjR%5MJ\"srpuHawE\\\rI!F}g6O57wVV^K(8)vQZT}!\\d2w7)r6i:~^mE%\\F.5PM^!fK;vؖR]hH N`j,t$o\0~*s\\A7	qpU=\"dxqnrU:3vw@=/`q\Z$\0g̖4-^q>XMא֦9Dz2_|+{⦏j-~Bѱ\nC S7qy#(yb8`HJ۫E\n\\:9}ߩ\"XT}; iaFJ5i,ڔ@~FͪXi\'V0|Zy&ZϐmgbFqE]r2be-yk	db}?ә]>OǠF[1e#7zSDi|Q7Ir=\rhP24k\Zg_sc}יzeTqE2o\0*s\\A7	qU__;mA\"K\\2uH*@.UGƓ4Ѝ%p?-[ذʱ)qvUj\'Gs\\o?#,&B@F)XC\\`2N\'0rOK^qxI!4ص`prmaxw7}M}K\r|SQ4t5Η$9.IU%#_y&SC\Z\"4H (S5T!pU_\r=F{dvcqL:,LxZ4Uk^(-pw<u!uFn1*F^)#%/{fĪ1y\"h`HpbCD0f/\'{-I\r?1.UEo\0*s\\A7	qUw p\0\Z?\ZJ=MЏ93ב)zN%ubDﳗE%PLl\"U09%hpkA]j^SkaUw·dJ1\Z4hZv&tI`ƬZ$?Kh{j7m\0~Q_L#\\K/fTT mL˸Zҙ7;^K^Q8ר[,^\"KYZ\'>FU\np}m\\k$O6D%MJ؟(DfG;\n͐zKxSw &/!o+C\0M.DZ8?	w%3kL^\nEo\0\0\0\0\0\0\0\0\0\0\0\0\0\0\0\0\0\0\0\0\0\0\0\0\0\0\0\0\0\0\0\0\0\0\0\0\0\0\0\0\0\0\0\0\0\0\0\0\0\0\0\0\0\0\0\0\0\0\0\0\0\0\0\0\0\0\0\0\0\0\0\0\0\0\0\0\0','60407805.JPG','2016-09-08 19:26:09','2016-09-08 19:26:09'),(39,'silvia','juliana','mendez','osorio',2,'1102382104',NULL,1,NULL,'1996-12-13','carrera 9 numero 9-57','centro','6556310','3168224417','silviajulianamendez96@hotmail.com',NULL,'\0;*s\\A7	qUۖ?էxjCd_I%6zgLV1Zq.(-}h;>\\S5ԪO=l2碬-S١;\"Q~MiEOXd,0%+6:Af:µ1oR+HltNV+LLt&^K\nA[TR,h5aI;NC<p-N+,U;X65&vCĊiQøPvp\0BIAo\0>*s\\A7	qpUm39:?\';k@- q}yOnv1F^FͦCxA2I7:-Als8y-]Ud,b)KwmEgMX\ZԤHA0dtVc\\|ޛ:#\Z܈]\0Fy-֓5G=pO 7U\\xxuO;\'ړ늇GuXu	#3^	Lڼd4ר Km\\#\rAdж\01QE0E;9{Q0dTPo\0*s\\A7	qUe+>P|hYu:!G7/vC^Aae.wē&^Ѭ,JHT}RG0KiRN^\'SY3=3}\0ƨj`ŭFz+o|.oioQ(]G̒\rSmVx3횿I͝vr[P`9hX)}!O*\rCd&QU=PuEsۋjjѓz`1IK䥘cTRaXN\rBIB\Z\r8f<ת$5F2tR%+Fxt\0H!m#Ssrf\\G42g&JE3eMA\r\Z 8\no\0\0*s\\A7	q:UfCDgTcm6\nZJ:ܑ\r.3=0nǀ&iPS\Z!Je6G]&%Q4ӭpSgaU<݈Ȓ\'>=qAF%WBUlpb ,1q߈S\rUј^	lD\\#r\n-&%:fwDH-~H^/ghK`ޙf&pwLlWڍƤ<7Ƃo\0\0\0\0\0\0\0\0\0\0\0\0\0\0\0\0\0\0\0\0\0\0\0\0\0\0\0\0\0\0\0\0\0\0\0\0\0\0\0\0\0\0\0\0\0\0\0\0\0\0\0\0\0\0\0\0\0\0\0\0\0\0\0\0\0\0\0\0\0\0\0\0\0\0\0\0\0\0\0\0\0\0\0\0\0\0\0\0\0\0\0\0\0\0\0\0\0\0\0\0\0\0\0\0\0\0\0\0\0\0\0\0\0\0\0\0\0\0\0\0\0\0\0\0\0\0\0\0\0\0\0\0\0\0\0\0\0\0\0\0\0\0\0\0\0\0\0\0\0\0\0\0\0\0\0\0\0\0\0\0\0\0\0\0\0\0\0\0\0\0\0\0\0\0\0\0\0\0\0\0\0\0\0\0\0\0\0\0\0\0\0\0\0\0\0\0\0\0\0\0\0\0\0\0\0\0\0\0\0\0\0\0\0\0\0\0\0\0\0\0\0\0\0\0\0\0\0\0\0\0\0\0\0\0\0\0\0\0\0\0\0\0\0\0\0\0\0\0\0\0\0\0\0\0\0\0\0\0\0\0\0\0\0\0\0\0\0\0\0\0\0\0\0\0\0\0\0\0\0\0\0\0\0\0\0\0\0\0\0\0\0\0\0\0\0\0\0\0\0\0\0\0\0\0\0\0\0\0\0\0\0\0\0\0\0\0\0\0\0\0\0\0\0\0\0\0\0\0\0\0\0\0\0\0\0\0\0\0\0\0\0\0','1102382104.JPG','2016-09-09 19:27:41','2016-09-09 19:27:41'),(40,'dalma','nerea','marquez','caballero',2,'1095792828',NULL,1,NULL,'1987-07-07','palermo 2','palermo','6547706','3004824281','dalmita7@hotmail.com',NULL,'\0*s\\A7	qUh1t*țAtan,FƽYJ_BS8=1bL/4\r\n\'R{(*xk{CD(-Tu_RL\"3v<7RٶV$`qf\r%C(dQ:ɖ\'\"v/9B6;̋/OuҮHgAΫA^0$ЮέTҒiȽ-#8X-@7 r])z\n0Zŷ:\\s~WǾ=Jۈ\\JGˡ}|eU3ITOw	[~{b3s9(4ŝ6Z.\rLjوZ*ջJ߂މ%V)=Vo\0S*s\\A7	qU}cq2[Fs%so+\rb*T=zS7}H\Z0ꗀѕ[¹QSOQ	OnZ\"@SB&Y0DCC4IQ_\n@{ٙf.iOұlY;[}/_Rҵ\n,Gټ ˺~Ehb `\nyyvXG?O3f¤Eܘ_ȅ.Rpr+|mB>X05+5+0?8\"29+hݻa@<_7R@Pe\0J@͔pq:Kb4Ow($o\0~*s\\A7	qpU߇p5QØ+>_0>Ƶ(K,tWNqTcv(98Y̍u#FѿoZqQ?}*YY\ryԽ)aif~<BGzEa6ھd5$~x]3ھJ#sJqm\rJ5r@	,Gf#o?QPAB3L۾Cy	x)aK\04VV鵁-s.OkcU\r[ĈQhlUEM\Z:^H]nifsf\'g<bϛ\rgHY+qEo\'{wyƺ\rCNcb3o\0q*s\\A7	qUX=z{cOz7UbPdw7y4|:W0 \ZfC+LFY̵\'s#J	S\rP_5kljKDX-e F+>E}J/pMt? 1Of;4Q:6j P[.q+Wvf%TFS/ڴB98\'BQV=]Y9uW̹{]NҼHl:a\rŌxԛ(P2jP){󞥶rI=gY%RzuT<w{vJ?8s~?!2.[Y08t&Mwr,?o\0\0\0\0\0\0\0\0\0\0\0\0\0\0\0\0\0\0\0\0\0\0\0\0\0\0\0\0\0\0\0\0\0\0\0\0\0\0\0\0\0\0\0\0\0\0\0\0\0\0\0\0\0\0\0\0\0\0\0\0\0\0\0\0\0\0\0\0\0\0\0\0\0\0\0\0\0\0\0\0\0\0\0\0\0\0\0\0\0\0\0\0\0\0\0\0\0\0\0\0\0\0\0\0\0\0\0\0\0\0\0\0\0\0\0\0\0\0\0\0\0\0\0\0\0\0\0\0\0\0\0\0\0\0\0\0\0\0','1095792828.JPG','2016-09-13 18:49:35','2016-09-27 08:40:25'),(41,'mary','fernanda','solano ','mantilla',2,'1005542946',NULL,1,NULL,'2000-07-18','carrera 12 numero 10-50','san antonio','6551977','3158723633','mary.fernanda@hotmail.es',NULL,'\0*s\\A7	qUb6qgC>4m)qI!Z1f\Z$Ĥ&^P;tfH}]V;4@AFEKXͨe	U\rDALj2\'M?	L?*Jq̟e5&y+i1%#ludW:k:;h	$N\"CM=C@KvΧFܙMHa-v>X^#	y/Tkz۲k04*,+ií(tX&\0goS21S،%Ɖdu#l\rBbLc\"W#rmI,ke?`#\Z:χ6?5B\0o\0~*s\\A7	q0Ue=oŝcV\"_=R%1T:tsNbZ5	?kga*ήToItka+HjbۜF!_VЎtlxcb\nYr%y1̵0~IY[ s[$$>)(`AN]ܶwkA;:F*DYWSQT[涸KqzxF4<)t˞Ce=%`8nkEK, fb*ʃg_I7)/UVN\r>ښ)8@onĻ&ͥPa\'y})H]֒Ci8{̖Xo\0*s\\A7	q0U1y3D$u%ό\0gq>\'ucs>ieh\0d8L.g1Kc]~0\"c^M<J6+kf$:M|\Z߈ƀY+O·[٘\']hvr8?-߾V~X:oY&0[TpC	D6XCeY6vu$#!а۽	AoЪJ>\nK_3`sGvYoӷb{TWʹ!LV2o,ٌq7HDaheոB tHK03bόRb3r&yͼ5*֥}vl_ѿ߱s>l߆o\0*s\\A7	qU!Bi67IXܓ~2I:*5EY)9m;k25kڰ$T3Aٿb\'rv˖<515JAqna:+rxzL菋,5c>j@\ZJ:c8\"}LuZ\'K8W4rOd3(݇MdrWItڞ@ZiUgFM$.)}Mȃ9L<SOꚀ3|λe%`<7 xإ#%zZ1:v1t(lZvqƜq[L+k]rB;%x^x}E?\r{/=еŧAdo\0\0\0\0\0\0\0\0\0\0\0\0\0\0\0\0\0\0\0\0\0\0\0\0\0\0\0\0\0\0\0\0\0\0\0\0\0\0\0\0\0\0\0\0\0\0\0\0\0\0\0\0\0\0\0\0\0\0\0\0\0\0\0\0\0\0\0\0\0\0\0\0\0\0\0\0','1005542946.JPG','2016-09-14 20:26:07','2016-09-14 20:26:07'),(42,'luis ','fernando','martinez','quezada',1,'1095920502',NULL,2,NULL,'1999-03-31','carrera 9','san rafael','','3178000268','jiho.es3@gmail.com',NULL,'\0_*s\\A7	qUIk^hIqgs\n	(KSϔU#t=Tb[|IU\\bqֻՠ3=/X^-+´+})V!\"~%\raX%CuҴdM8˫r-lx2lJ e\"go/Ǖ2\r\'\nI6M&8ͤ`rQE`hQ`S9~I\\jFfs;1N\0lAKYIԭ;:߄roFp5sZM,8f@>-EM.|F=Y2\\ݘl=Hz%Vo\0~*s\\A7	qpU~\"JJ\\Mtp{el0d1<퐔(Gd%r }\"\'{j`d3ޅu,AY\n	hsx\rDޱP\nTO%%U/\0V9`:/ܟ7E\'gǕ7KBknH2pN67F%݄H^3$tblUL+J$r-/\r1NJPRf>\nA%N5k;lx&4/<vм=#zI))mοӥ>I}j=x\"BxW\'~^ҖB[9X\n.MTYF+\r6JNqfƻDH,o\0*s\\A7	q0U<\nW\\Wx^/pZ{A5pt*⺣yEi%^Hᨃʜ`WI$	\Z1x>@\0mߣD\Z\r(a&-{M\Z[\0	{j	2CU^#GBPQ݌y׻p<ڸsLDcͩ!{sOboNt	np.0Y \nŖ0}.wnNKZr$|srbQE}P7,yw!iU$).p0tNBƟ~/(t`:*Z8\\\rӪ#oo3UiZ\\W65\0SN/^RJo\0*s\\A7	q0U˰OH+H:j\r.솸վVx:ӒE\ZH$\ZZ>6~k\Z3\'dv<ܜ\ZMoI-ژ33%hmJ,8fum\\$`?b(T=NJӑM>9\"ftw<BA4߄v&yS_o|%Sx5[U\'\ne~\"9	fcc}u0wtWgli|a]U,\\}ֆD:Z/6\Zhw螐nDṻJܐ`ckCyj7G͊o\0\0\0\0\0\0\0\0\0\0\0\0\0\0\0\0\0\0\0\0\0\0\0\0\0\0\0\0\0\0\0\0\0\0\0\0\0\0\0\0\0\0\0\0\0\0\0\0\0\0\0\0\0\0\0\0\0\0\0\0\0\0\0\0\0\0\0\0\0\0\0\0\0\0\0\0\0\0\0\0\0\0\0\0\0\0\0\0\0\0\0\0\0\0\0\0\0\0\0\0\0\0\0\0\0\0\0\0\0\0\0','1095920502.JPG','2016-09-19 17:32:33','2016-09-19 17:34:51'),(43,'maria','lizeth','garcia','pedraza',2,'1102369554',NULL,1,NULL,'1992-10-15','calle 8 numero 13-71','san rafael','6558497','3178786572','liss_9210@hotmail.com',NULL,'\0*s\\A7	qpUO?w1x-/pim)PF1ÓkRi[(~zҥ܄mZEPKE.o0l]	V?%ӾA+iP7` m99>1=q\\*J!BR{<Ot[z̨EqM:qOֆ\"ݤ˃N\0֙\ne\rSe MH%\n\"N;\"qQFvg\\wX|Tgf\n\\},N3,@H>Av>LE[\Zxnh;Mk0o85_.@خ7v-W)z|z\\.&\\yt\'|ጎAat$FKe[V,(ucVo\0k*s\\A7	qU{l\'OvTK<kчWMTfW>C=CGdfz{zAiBW+k;߄U.tߍh˴.Ӄ-XY\\B$3F^\0]O8s3#WPϳLn%C-L-=Q ᆂP7NcGy?MV% _I+a\0\"P .:re+~$ɟhm	ĵc7^㭁|GU?zGe<L\05ZԻQ?ejѣdV-FIvG \Z]g?4s\r5,<Բq{\njo\0n*s\\A7	qU\rSᜑ@7\nIK8)z}r8S]ud2/G`MuRȸoNzɇT]1Q39-U\rA(S|NyQ3Ռ㥆@\"ײ{_\ZjG%dy(uGI^lZE*7-	\nAg;\'&ukI`Բxzl歷it Ѿz(Xg	gq.qh`7{״w4FFU@\\&Ou7$ !Ȩ;gS/\Z\\I9ۦ-m\\ê0Z\"f3o\0*s\\A7	q0U)GR:-W\n)yǻU2fIC=-LSٶ,4<ݠPk	\n*\r| ϒ8%P\"B\r=z5kjB{Ӹ+yXe0a-\\|~\\lkfܞ^ŊN/}6Chځ̼9y	8Fp~=	c\rf*Sˣ(~@$*:\nIk\'Awx>12(gb\0JS<\"fYFqD/Tnћ^>>>M5I:J_=c`/Kq\r2)!aכeƦOh*c(쁲)v⢔H>xto\0\0\0\0\0\0\0\0\0\0\0\0\0\0\0\0\0\0\0\0\0\0\0\0\0\0\0\0\0\0\0\0\0\0\0\0\0\0\0\0\0\0\0\0\0\0\0\0\0\0\0\0\0\0\0\0\0\0\0\0\0\0\0\0\0\0\0\0\0\0\0\0\0\0\0\0\0\0\0\0\0\0\0\0\0\0\0\0\0\0\0\0\0\0\0\0\0\0\0\0\0\0\0\0\0\0\0\0\0\0\0\0\0\0\0\0','1102369554.JPG','2016-09-19 17:37:47','2016-10-21 09:59:07'),(44,'alonso','','pinzon','carreño',2,'1102378603',NULL,2,NULL,'1995-11-04','calle 15 numero 5-25','hollo grande','6545054','3158909614','',NULL,'\0*s\\A7	qpUHԙ>B$cш)!vւ>\"\\?\n╔	7\0O+HzO8UQfUЦG~:BxeW6j&\rXu(Yyf\0|]~WcYl-[I5\n\\[y:WgAnR%*2^ x/~nn.\'97\"!M;tQvWbcYO/t)j2\'6S#\ZimA\\u#Hvo#TٲDwLlR_ye\0lZSN\r-n[b1k\'B9\rJ.\"{SVj[I|8_Y\reϣ(ȃ(R$M\'<o\0O*s\\A7	q0Ua;VD:d]ДX8렏6_>˾I+M1|	ysuV{hpm@ǳh4å.9*|\0\\`pp\"*~\nEǫwݳZШS@߃#\Ztvjw`u/&YAڷi4[4IP6v?\nK,aT͐HJc^QhS#\na@,u3zwt{L9p?Pђ3\'\r8\nmE󟵫|${4Two\0G*s\\A7	qU\0mUI\'M9|؎®`3^ae@\'WxaUJ:PʐF\Z#jH&rQf)\"AMc|9W}+mkoFoZn-DLe%U8;g|*NEdjͅEzGw5:,\Z1S*hj<|L)m]bDsOKA,jDNJoB	A8:/TIYK<\0MFJZ1G.[o~KRB9o\0z*s\\A7	qU|[\'2	 L!$LC%Y\r-,ZMT1w\Z\\D4rjQq\"JϺA\\8k<2f;y}rYI+hb%L%1o\'5W5ד9K׫\Z[ nƕs.06ѧ`W\02I&5wb@L7T7voʶgXK#z\rn~^tB\Z&Fh>j%\nY\'#a^\\K5c~A`>tXPJ\0yf\"La:9,ƊeLނOq3z$^i~o\0\0\0\0\0\0\0\0\0\0\0\0\0\0\0\0\0\0\0\0\0\0\0\0\0\0\0\0\0\0\0\0\0\0\0\0\0\0\0\0\0\0\0\0\0\0\0\0\0\0\0\0\0\0\0\0\0\0\0\0\0\0\0\0\0\0\0\0\0\0\0\0\0\0\0\0\0\0\0\0\0\0\0\0\0\0\0\0\0\0\0\0\0\0\0\0\0\0\0\0\0\0\0\0\0\0\0\0\0\0\0\0\0\0\0\0\0\0\0\0\0\0\0\0\0\0\0\0\0\0\0\0\0\0\0\0\0\0\0\0\0\0\0\0\0\0\0\0\0\0\0\0\0\0\0\0\0\0\0\0\0\0\0\0\0\0\0\0\0\0\0\0\0\0\0\0\0\0\0\0\0\0\0\0\0\0\0','1102378603.JPG','2016-09-19 19:51:46','2016-09-19 19:51:46'),(45,'eliza','','carvajal','sarmiento',2,'28297599',NULL,1,NULL,'1945-06-29','calle 7 numero 10-98','san rafael','6654037','3177888622','',NULL,'\0*s\\A7	q0U}q{i!iE,p*`LMȁcou)mC4xGj?iTɄ9=yQ!ld4m~?fB\n\0FWc|K\0[`J|0_ZŅt:rF5TF\ZUbaY3ŵVǘ;jr&KԦ.a/F~ƫx~(o-﬉=sCKaOtZ~\\$\rr6e54\nՐfMl(3(աqC:|k{lnHb)d2,Qc}jL\"qߚK7r,J/r/}I@\"ldO\rl	gOv멨9܂o\0~*s\\A7	q0U	t\"*Ki%57A7e=nX|?s\"Q,C\rorKDtDᙫaH476~uVJXUԵ=:-$x\"hX |#\Zrf㫈d>Nj(ZuȚҙN{s~q{c^`-[jM[7H\n*faؗr8ze,z95jʋrng%v:Zn>kP<Z]8*ժ\r^8!a9A[*\ZG~=C%|Hg sh:|\0=:&OGџbkͤ1ź(-F[/mo\0~*s\\A7	q0UKkU\"5)xK\0PzN6:,Nw^y;vS=a74O8%ۭ)fI_\rӁͧ&}ad&)\r%\\\rpP4O7|Ld]L!b\'.sz~D6,gI+˺Nh4\rbRs\ZX7Wq#T_^O]-pc/ubS kΣ+vbM߳\rjE#ՠ#,F#uR=jWAb&Y]!c-ፍˇHk<n6к\Z\'&HM3޻\'Pl)0>lLL戟9ceg1CY\ntU\nތ\0o\0*s\\A7	qpU/LJ17҈*\nF8GP`H\"*.2ڞ*\Z=G흘u+juThySAFN\"VS$)\"]}X?\'^f\\+F` mPTFUȢ_\"W>>{WHz7vi#\0^5k`ۍ#yƊ͈\nc`S\r:qoT6/}W9yxQpq5\\5c1Ht$\r:FZQt\0% %Qn᎗YDR!B A>ȕ&p2dN-zϨ\rqnd:G/\\ȔtIFo\0\0\0\0\0\0\0\0\0\0\0\0\0\0\0\0\0\0\0\0\0\0\0\0\0\0\0\0\0\0\0\0\0\0\0\0\0\0\0\0\0\0\0\0\0\0\0\0\0\0\0\0\0\0\0\0\0\0\0\0\0\0\0\0\0\0\0\0\0\0\0\0\0\0\0\0\0\0\0\0\0','28297599.JPG','2016-09-20 06:59:30','2016-11-02 07:58:17'),(46,'claudia ','janeth','quesada','gomez',2,'37615089',NULL,1,NULL,'1979-11-28','calle 8 numero 11-50','san rafael','','3118479726','',NULL,'\0~*s\\A7	qpU:O^օ)+*Ffn/eTyȨ\0TgЕՆOhmd4\ZeG]ޜaRTc2IyH\0;A\nz	\ZNlzPv)P+\\K)x&]@\"2(ǁr]vX_d,J/|!bpqܡPFAT9}	Lr\"%fTo:JEs~Gpdi7ᤑyda-GLC{nQ( otj=0CP#8%#.ΎU_ϵ%zI͛P2x<{nh۽r4oU:L٫DeE͘wo\0*s\\A7	q0UV5[eA]}t,\'.\\\0mM+yNli%>hsIܿ͏KEEz4	\"XF48yO!Wz_K}~X}=5KPc,T\Za88uf۩ڇAhHKT*~^*)6延nSg$j;txW`GdOݎ?. ֱU+G7\0uUcYC!1y;/`Y59O:Ur?6]0y\ZIb|\'\Zd_Rͽ;gʰu6Z\'%{E&ÞD\0@ޓ{G=X:ao\0~*s\\A7	qU⡓_\'8Wym.aaՉXЇ\\@!Bnxf\ZPRE\"\n4)IY8TuG5B\"<j%yA ;}G*L;0 \0y>HQx?MYd$\nn^}+kBhP&f!2Lb\0WdggunJj\rD05Ӟ\n\rr4r4aNl5c3k|>D#*.YĴz>]DÓ,k#xUZ\n98Ƞ>==lZ /e%KGEg[s&{ZDtAo\0w*s\\A7	qUEby$UaKQ0w5׳9zf&A)D&-d׻|$EPGAFy\"F/^6]|^Or.Q<lHU}2?chGl~\Za&@R6Ð$f\\ʖ(Es\"itu}1 9#B\\\0,)j\\4\02fRVUD]vr\n?OJ$nOwqFu,Sr6zoʝ<M\Z73k9[G~Yt	9}ww5hLW\"ԫ\Z^;͙OH3JGN(o\0\0\0\0\0\0\0\0\0\0\0\0\0\0\0\0\0\0\0\0\0\0\0\0\0\0\0\0\0\0\0\0\0\0\0\0\0\0\0\0\0\0\0\0\0\0\0\0\0\0\0\0\0\0\0\0\0\0\0\0\0\0\0\0\0\0\0\0\0\0\0\0\0\0\0\0\0\0\0\0\0\0\0\0\0\0\0\0\0\0','37615089.JPG','2016-09-20 15:33:32','2016-09-20 15:33:32'),(47,'samuel','enrrique','morales','guerra',3,'27265814',NULL,2,NULL,'2000-04-08','torres de san rafael','san rafael','','3177888622','',NULL,'\0*s\\A7	qUO#A`\n\\)\rAh>xƧG*\'^[e\\!EY8̬b\'h_ΓQ\ngȍ}P[<c0K@7`ۓ1gG[1!pg4Un`NG! Zi*,y]u5O*K{J\Zw#ZX$>&6s=:%N?H%!Jz\n07B֏HC5a FNrnST;RY%ur[\nQ%;嗲S8q}1l+vϬmfefCWa\"S<^B}voHo\0*s\\A7	q0Ud	)<Ro$0exh0ZzQκ |R!0E7cV>o5/y> Nk\r\rC</8ŭ񂏌*۫~r\"k+a\0ZUjg)E\r}x8\ZjK2p(bA#dG*~p{Ja-iו5*$ dlq۸m4\"|4s@==O<\\(5/T6eMc899domZ<\\!rpl\0wd4^W@Zwr{;SH겦br=+`nr^4c_&Æ1-t:Y4\'o\0*s\\A7	qUokG8@ω8WӾ$B4x\0_6ɹ*\Z)--I\Z11g\0ӹ7&15r	rE}`W$kE|\\s?HxTyz[Gd:8	cvqmuӲ\\\06- j`e_&wcy\0x?b	¶YSӸlOW1hxgM|v%<`vEŦBҬe\Zef~X\"`_ϐ0\nU9lodMVy{P.\"߯BQd瘭6]@}2\"(o\0^*s\\A7	qpU1O[?kǚ)U叁BCɫ^>e~1u\ZDCS+Y6JM]oW0ܥ;BvqltJuMa\'%!T i|-B[4it.:cqQ_fcܧq!GT8|kRE]%bML.v<1D9o%yhإxjp,sY{Hz૲lǶ\\iv鸣\Z~uqN9Q\\*-פ\"Oz0{#94B? -v%57)x!%k3o\0\0\0\0\0\0\0\0\0\0\0\0\0\0\0\0\0\0\0\0\0\0\0\0\0\0\0\0\0\0\0\0\0\0\0\0\0\0\0\0\0\0\0\0\0\0\0\0\0\0\0\0\0\0\0\0\0\0\0\0\0\0\0\0\0\0\0\0\0\0\0\0\0\0\0\0\0\0\0\0\0\0\0\0\0\0\0\0\0\0\0\0\0\0\0\0\0\0\0\0\0\0\0\0\0\0\0\0\0\0\0\0','27265814.JPG','2016-09-20 18:35:57','2016-09-20 18:35:57'),(48,'paula','andrea','molina','uribe',2,'1005543383',NULL,1,NULL,'1998-08-15','calle 7a n 21c-28','la colina','6551854','3002808693','',NULL,'\0*s\\A7	qU\0)6\rqM,AD+!O^պz\rY qIqW+Wj¿)h)MblmS?/Jl=Asup#tá3{	Tx\'C!Tr<\ZaW2G+N[hE82?!`\Z_+/】@/ꍅf:\0\"(?\'HL\ZIow@r($Zlt(&[mԗ\Z6+B(K\"܀~wK$@\rBl챝 ;S($}s;*VskS1Q]4j!aذ@Ğ	M&/z>0o\0~*s\\A7	q0Ul,\'W5fpQwcDא!i,0MxܼM	\"0ZH5&2΢Fy\"\n<3Vڠ*hc87ldpX%\0iW]}\Z4-R22$}^\'Ds~:d	?閧85KXjB\"\r$D{.B~>tys~sDB6\"Y$kOm+r>D1.;5Yu\n)ÔICyGy y`vۿR:O:P^AyDɐ8+;8fhy}U/<x&II~be<(d@\rf *r%?k}n/l|Jo\0*s\\A7	qUg*;YH`bCaKcRPL=V9ӊc*+ԧ׬}*	ҧ]pN`7@}njLْ{k	Z6WB;>xjZKN`+jœ1)D$\rZЀyBca}-@ɬOXmy0	r40ُ;5K/O6YA&L#(;2&?\"0\\:K-_ti*d	]%.h*	_xry<h6J_4vE0p4mT%+@f6P(iuQq0fۯ)6EsӷMR-AEc,\"](\"wo\0*s\\A7	q0UZd;zAnIGXV=TQ??Jg<+Hh%_gCd`\Z0ycXoMWpyx7xo~bmkvDA~;\r1͍u\n |{:v*#ln\rF)xXWZ*3eJSVo/֞u+RzDiƸ}Di+xn(>S21Ut6r4Gd#n,\'V@_g̌%g?.86&\'6p	rU\'9\Zkp%nEm(KqO8 I<Qs]U	* , OMM=/qGvp|JYwo\0\0\0\0\0\0\0\0\0\0\0\0\0\0\0\0\0\0\0\0\0\0\0\0\0\0\0\0\0\0\0\0\0\0\0\0\0\0\0\0\0\0\0\0\0\0\0\0\0\0\0\0\0\0\0\0\0\0\0\0\0\0\0\0\0\0\0\0\0\0\0\0\0\0\0\0','1005543383.JPG','2016-09-20 20:34:25','2016-09-20 20:34:25'),(49,'diana','marcela','acevedo','ordoñez',2,'1102375660',NULL,2,NULL,'1994-10-23','calle 7a numero 21p-18','la colina','6551854','3002809580','',NULL,'\0*s\\A7	qUn|#C{vGr+բ\Z$,Fam{ya{<;EUS5ZC6bk_#kD<\r#N.UXu)>HԸ򈞯5j	A\" X&۞Ƒ	6\'&N\Zn\'%	(+9q%厳Bܝ{[vQ<kBwCίD(|z>\Z),؀\'bc][s2oJ-n}ֳBr*FE o!xdAD\rЫ:\ZQdu\Z,\0ql.*oE$rE|)|b|zjAFo\0~*s\\A7	qUA)\"!cXB\Z\'DٜFBosF4r1CSDƊ݈_P\0VUSϣ*%KNUTz`/ȿ.J\\JY\n[J.:u4T\n$#gYSHKMțΒw\nQ}b3OI\\^ |3R~:?m*b_bP@\nE!\\β;ԥȊF83YMB|r|)h\0ÀTSz8[}V9@,@Ñb{\Zᮋ\r9߂ҒG !6!_7ͲTaZ{?-~	ͦoY}Zpd0Uh*9MA.s}o\0*s\\A7	qpU&}^!wy&W\ZI8}K\nSqBlzO|.?)/ȟnsNURj־⃂Y^]P-\ZzFP1ipӝ$tˁL3.lhDp~l\nI6ߛ\rU	I\\tbVꅛ÷	wK\0AMK`\Z-PɆ0&`l	!/4!\"$^\'\'`5ڃy+#aaPyj4u@bkih><E,*4Tw\r Ҹ\'9pqOrFGXEWANoS9.o#櫖1Ǚ!-~hۧMmaWE=o\0*s\\A7	q0UĈA<D\"w洨B枹Ag˙3{EW\Z<\Z&uι}efkp\nbU晧dN#_(A&2c(eF:[n{:dW}~k\"sg,3ˉq>ScfH}}Uy90bOM7%?ap0,v\0ȏցB+LI^Sw\r1<ao\Z\0@H]AH9}{_?K%zf=\0t\nˮL$0aPw<bJKڥ:\r)U/<+ӟQ0-d\0۳;LM{XMo\0\0\0\0\0\0\0\0\0\0\0\0\0\0\0\0\0\0\0\0\0\0\0\0\0\0\0\0\0\0\0\0\0\0\0\0\0\0\0\0\0\0\0\0\0\0\0\0\0\0\0\0\0\0\0\0\0\0\0\0\0\0\0\0\0\0\0\0\0\0\0\0\0\0\0\0\0\0\0\0','1102375660.JPG','2016-09-20 20:37:16','2016-09-20 20:37:16'),(50,'paula','alejandra','mendez','rodriguez',1,'99031002652',NULL,1,NULL,'1999-03-10','transversal 6 numero 21-31','mirador','','3183698896','',NULL,'\0*s\\A7	qUnseĥ>mpc[	6BI`Ŵ1[xo\rҀ?R+ed7Iv,ĕ9)ʥ3̺ӝ#~JB	$yMCW=*i*RjKsa#E/:#\rꗶA[neR\re!\\R{fˈg47.\"\'\rڣ߇晇 c䀢~0R%1msFX.ۤZlmkW|ƌ]\"|Ֆm?4bPuvfuʾc[)K@d+E$&X|+g_y\0鴮&H\"YR4ՕF0G74ypWxGbH*|gho\0H*s\\A7	qp(Ug{W1 ZyZ-b;Cfnח_d]KMV@BmXꥷbtJ/\"BUh6*=0\\ނQY7õ%B3NQl\'ǽm;kSh8Ʋ;B(?at=!haf67%ә}jR]Ɓ\\:L\\m&#$h\Z\nG%׵QS_9fvQ6N/\\wvS9\\ZUw\0v\ns\Zhƀݭ΢lLHo\0*s\\A7	q0U~`B]hher(Ȋ;DVa\'bEA4$*E&u\"\ZЯN\ZҽSG -m3\0_.p`;f*J黆v5_\'ZStȚ.j\rz(?l_`ݼ̝FmC=\"KI?f#H2$AێL	>2@8CA#^..v|2LyWF)o5F\"prfr@i\nmBH}<aRc[n1!%yʑ-`\"Zh5ϩc9?O\nrįkb8KL#eZA\nLxӗ7+c|_o\0*s\\A7	qU۩KoLU9ixDڕI%2<\ZWN^e?ۥph%pj<˽ATCnon?RcG0QAn~hQmN\'I6$<9Prݦ^i\Zq\Z`LwqS=ꪆyR_\\JQyM5`)_*{s`3=_Oh-ڟu?\Z;ɻ2ڣSGBLk5ko8;F7sTƺ#>P2UPD|lL2bAX7rX2%%8?JDkdjNhkE\ZX4cN7q\r輏q952مTR>bHq\\aZo\0\0\0\0\0\0\0\0\0\0\0\0\0\0\0\0\0\0\0\0\0\0\0\0\0\0\0\0\0\0\0\0\0\0\0\0\0\0\0\0\0\0\0\0\0\0\0\0\0\0\0\0\0\0\0\0\0\0\0\0\0\0\0\0\0\0\0\0\0\0\0\0\0\0\0\0\0\0\0\0\0\0\0\0\0\0\0\0\0\0\0\0\0\0\0\0\0\0\0\0\0\0\0\0\0\0\0\0\0\0\0\0\0\0\0\0\0\0\0\0\0\0\0\0\0\0\0\0\0\0','99031002652.JPG','2016-09-21 18:20:26','2016-09-21 18:20:26'),(51,'lida','fernanda','prada','albarracin',2,'1096956510',NULL,1,NULL,'1995-12-18','calle 7 numero 13-59','san rafael','6557202','3165787448','lprada802@unab.edu.co',NULL,'\0*s\\A7	qUFѧ\'F_<VԺV*&C\'`-l?gkN^!ǉCVΞ\Z+,%}KXI\Z!x)lT\n«i5Mq{a+<_%_({Tλ1\'.)MwТ;]\"ф]JHc\0<??أ6XtʅHӲ2{8T\ZKgER/K]sS6ټx;XP.\05&I!2!/FCdL8bɝZ\ZCyfBN!D~gtP>izqK:jPu<H#3G~Njہ$7[=N\"oxllA81UkkCKA}qko\0\\*s\\A7	q0UƐD_.-]K.>\"5Jw0Iޚ^l<B\'AaF+*|sBa49ύ~ZӯM`\'8q=LKq2H}Owa>(q*&:RxbєgEx*.:eu	v:`@/XFr\r=6i´Ev&qȺ}mtZ#LB UeRۑ\07Ȇ4vW\Z*vF#\rhpIړRC3bI=\Z\0XSdd,s<#\\ޡYo\0d*s\\A7	qUm?Ȼ4g[%FaqǇv-/6ۻ\'\\\0pѵsJV91}^_]\ne(|UR4kq=nX.h+|m>CyrDk#b@?tٛ*⡄ˤ`&:VÖq(،̭U,5=nD\nuD-mǈKjrS\Z`2^!Xխcq\rg\ro{(Z#U=f~0_\n-[6Igݷm>8rT[^Z\Z0Bo\0y*s\\A7	qpUU$ʽm[v\0$J\n֏\"s$2hn;k!tc*CWYNݵfPtLgKT0:gÁDr	qj6QW,:Fhls練htv.|%@ސ 	gt\"biIgpŶ%zԪ1ۆ:62	l\Z먻YIMN(X=QDӊ_yd/iBkIJn}	]#4G#SPqx\\Baf\\xxo	;U(X[^)ҦF9\nhJp\\Dx-ԩTo\0\0\0\0\0\0\0\0\0\0\0\0\0\0\0\0\0\0\0\0\0\0\0\0\0\0\0\0\0\0\0\0\0\0\0\0\0\0\0\0\0\0\0\0\0\0\0\0\0\0\0\0\0\0\0\0\0\0\0\0\0\0\0\0\0\0\0\0\0\0\0\0\0\0\0\0\0\0\0\0\0\0\0\0\0\0\0\0\0\0\0\0\0\0\0\0\0\0\0\0\0\0\0\0\0\0\0\0\0\0\0\0\0\0\0\0\0\0\0\0\0\0\0\0\0\0\0\0\0\0\0\0\0\0\0\0\0\0\0\0\0\0\0\0\0\0\0\0','1096956510.JPG','2016-09-22 17:32:44','2016-10-31 18:24:12'),(52,'mayerly','viviana','ferreira','',2,'63551561',NULL,1,NULL,'1982-12-09','manzana D casa 187 ','paseo galicia','6555583','3177888622','',NULL,'\0*s\\A7	qpUG<i9@~7iĽL@:}sbubEMl{jJEE*x/fW)mQZ\0\\/1\'D1D\"Vxɫ\nKeRq7S`{HB6/=kDk7^/=HպR0&HmlSPEB-|9(t~\Z-Rlq*2ϿE-5],+d\n`NAǒ3Qj`ιzʷ)N|V*Ӱ6diV$^lQVۑks8nBCyxy7,\"J&\Z{ZQaLOi߿ǎ~aୂ_/l=\Z,E5oL>?o\0*s\\A7	qUv׵$UU\Z֓rób*^nIybyn\"Ǐe\0 )u>ط{רL7SiB9D~1#WQ!,OJLU\rN-[S^xX]\'7\Z\'SN}X_ĉMc#\Z*mM=Xv))ŝX0P)T+ҟCL&9BA3g2>F+:1LЈF)\'דAއTpGDP:4\'@1PힷH?b\'st{Ta<n*y4e,o\0*s\\A7	q0UBU%vi+@9`+v=}=34\Z3*h(0	*z8N\'*wӘ,]x0k苞nwMyvP-CXD,y7ߴ78\\>R=Ss(0@ XMG߂[ٴ*2P!`=O9~f]VW@Pjcٝ&`A*c:<Z }օ	lUʾ`*:?d\ZO\Z74\'!]*\Zu^^f*)&@CqrTH1<a1|ʦGu	m\\\"jj-{	e[1Q2agf*IU)7K2a\'4o\0*s\\A7	qUTwW	TTWfmk6)]\"\Z˾B\Z&7F޷1<Thp}VdYU\n*OϔQPȈ0tLa	R:J=Q8J@D΂<\\n)%c\'!,^AvsJ\"\\DwbvଉF9\"$7(#^)0$aőJY\0	Do3ܲ@_q5Q4b%g+nB*EWg$Q\r	i9V!yܔҢuA.u쀷;,9?RksGqP3 ҢSh\0l\r9VƁao\0\0\0\0\0\0\0\0\0\0\0\0\0\0\0\0\0\0\0\0\0\0\0\0\0\0\0\0\0\0\0\0\0\0\0\0\0\0\0\0\0\0\0\0\0\0\0\0\0\0\0\0\0\0\0\0\0\0\0\0\0\0\0\0\0\0\0\0\0\0\0\0\0\0\0\0','63551561.JPG','2016-09-23 15:31:28','2017-01-19 15:33:18'),(53,'luis','armando','velazques','quiriado',2,'91207270',NULL,2,NULL,'1959-08-01','calle 1b bis numero 18-48','san francisco','','3177291354','',NULL,'\0*s\\A7	qpUu\Z6}wVb%_sCD	魛y=ny3?\r?Z1d(R9(rb!dD1*Rw\\8zBc^dqoba4\'a^]1Ю\"R൏H=GzyyT\nn^)CɯL\"g:&V&j\r	t`қj2Ur24d(uzW6h*]彍7^)We-=அ~~Աkz	(6*9\\WOet<wp; \Zh/S;g!sχM<hQK*^HHOH.g;hBNfu]5u7,To\0*s\\A7	q0Urær!Jqs:UE TRikZ$fUY\Z~b.鋱rrg7TnV܏\\w[\\\\(VV{lŅJڠq^َyљ\0*\ry!W3f\n\r2v6X21tLAp<QMj\nziO<z؏<\nB4~ONZeQ)u)<etGKj}:l֑\r^+񝏀.0	b>섂\rESv2GXo0\Zޔք_&mÿ1+֡>Ἡg2{dA^_N	\0ou		\0ُA:&]~p_#XWw aG)>}sT f9>$o\0~*s\\A7	qU&thT$IL&$M_YB\0	YRUj6RLLH$ȳ0flVժ\"BV@T,JfVmҷ,U^l\\VvG@pv&0; L\\95\"\'\\iĤ]bx3T)nyK $=\"V9>8YB*Uug6^]р9,ff[qğ$&x1:.;#[it),#$A\'ʉr6@.o]2ÏYRE#\r_=)iwEѲ<oH(nm\Z+g0E;N%ӶkEGg]>+~qv	6PQs>o\0,*s\\A7	qpUAM͸\"KBيUdYy#P>fDUP\"VA}˗\nl>\\pdFoQqrQ靗k\Z4iM\"PA\\%#hnw`OOF_eI6^k	\'\0b{	EZ$fXOm}1Ӆ-;`keFXep6.-2zvSTd9_z3Ybi|I׸\'fjJJOo\0\0\0\0\0\0\0\0\0\0\0\0\0\0\0\0\0\0\0\0\0\0\0\0\0\0\0\0\0\0\0\0\0\0\0\0\0\0\0\0\0\0\0\0\0\0\0\0\0\0\0\0\0\0\0\0\0\0\0\0\0\0\0\0\0\0\0\0\0\0\0\0\0\0\0\0\0\0\0\0\0\0\0\0\0\0\0\0\0\0\0\0\0\0\0\0\0\0\0\0\0\0\0\0\0\0\0\0\0\0\0\0\0\0\0\0\0\0\0\0\0\0\0\0\0\0\0\0\0\0\0\0\0\0\0\0\0\0\0\0\0\0\0\0\0\0\0\0\0\0\0\0\0\0\0\0\0\0\0\0\0','91207270.JPG','2016-09-27 07:08:36','2016-09-27 07:08:36'),(54,'wendy','vanessa','gomez','quijano',2,'1102381502',NULL,1,NULL,'1996-09-06','carrera 9a numero 7-55','centro','','3184410467','wgomez0624@gmail.com',NULL,'\0D*s\\A7	q0U`8MbCq͵˝UIk:\"EvyS#TN5k\0ңS~b$ֶ5idzБD]5zpp])93<Q\\ߖxy} %.biA9n,*:.LjYYyg`؂k9~Ji铷hCBaEˣcKĀqbS[+M1?q\rE/P=	Gf0=x-e=ޢG#fَ\" |DG~=`\n.f6zp~siYٴDso\0*s\\A7	qpUa>)r>jZm[\Z\">Kd$$S_Cc\\MKjAI}p[XtK<e\"^ćMZ#uÁ$zk14?9mLNןJo2)(\Z`|yFs14lyƄS;jNKڲKĘ!R/:U+?62:m%~	t@npl\0b䔬2o|mTg0H-\Zj}QtAo\08*s\\A7	qUݿW +0͑QiȝV>DSGkI6:]nP/g<gO~qjP c_\\:Gؾj}h0%$jp^g\\Ÿ\\-	:兵}*X|iL]mU/sFkeHJlj\n򷭗cpYU[#DQ</\ZtI]PWPFU<f*hèw7۷Yx%kbkx@re*&jd*1\'BRaõ~`$e=ݩhw;L3>o\0*s\\A7	qpUIo\Z(	o$ksYgz¥.K	\"ym/@sp\\VÅ听#t:MZWdR-|r9?+ЉRaIEDV_-	L	[[l8)8G78e_ѾdV~bc܂H}#˖q/\Z<lrvǭsݎip8F4#h_Iia|wJ#\\0=;De|NDlσ]X.YRWƣ2ao\0\0\0\0\0\0\0\0\0\0\0\0\0\0\0\0\0\0\0\0\0\0\0\0\0\0\0\0\0\0\0\0\0\0\0\0\0\0\0\0\0\0\0\0\0\0\0\0\0\0\0\0\0\0\0\0\0\0\0\0\0\0\0\0\0\0\0\0\0\0\0\0\0\0\0\0\0\0\0\0\0\0\0\0\0\0\0\0\0\0\0\0\0\0\0\0\0\0\0\0\0\0\0\0\0\0\0\0\0\0\0\0\0\0\0\0\0\0\0\0\0\0\0\0\0\0\0\0\0\0\0\0\0\0\0\0\0\0\0\0\0\0\0\0\0\0\0\0\0\0\0\0\0\0\0\0\0\0\0\0\0\0\0\0\0\0\0\0\0\0\0\0\0\0\0\0\0\0\0\0\0\0\0\0\0\0\0\0\0\0\0\0\0\0\0\0\0\0\0\0\0\0\0\0\0\0\0\0\0\0\0\0\0\0\0\0\0\0\0\0\0\0\0\0\0\0\0\0\0\0\0\0\0\0\0\0\0\0\0\0\0\0\0\0\0\0\0\0\0\0\0\0\0\0\0\0\0\0\0\0\0\0\0\0\0\0\0\0\0\0\0\0\0\0\0\0\0\0\0\0\0\0\0\0\0\0\0\0\0\0\0\0\0\0\0\0\0\0\0\0\0\0\0\0\0\0\0\0\0\0\0\0\0\0\0\0\0\0\0\0\0\0\0\0\0\0\0\0\0\0\0\0\0\0\0\0\0\0\0\0\0\0\0\0\0\0\0\0\0\0\0\0\0\0\0\0\0\0\0\0\0\0\0\0\0\0\0\0\0\0\0\0\0\0\0\0\0\0\0\0\0\0\0\0\0\0\0\0\0\0\0\0\0\0\0\0\0\0\0\0\0\0\0\0\0\0\0\0\0\0\0\0\0\0','1102381502.JPG','2016-09-27 08:00:52','2016-11-12 10:20:33'),(55,'karen ','milena','  martinez','quijano',1,'1007733570',NULL,1,NULL,'2000-07-12','vereda los curos','los curos','','3046217709','karen.martinezquijano@hotmail.com',NULL,'\0*s\\A7	qUvv;)VUY0> \0SFr=[x36T/MCOϬ%9.\0=_C|\rq`gpCcعgΉgxv+Ꚇ͟#Y?D͠s*\0RCykO2m>*݄T%o*$P73e6hR?slq(š/Wӓ|(hwxUv@(:C6̎\0g\Z寝e>@LIϓDo\04*s\\A7	qU\r(iHqf\"=ՐX+l/!a8\ZoN,A\\X{剛uɱ<91^M(D?2d4VeAo=9W=>X|ϻ%/4\rgФrP:\0ç3kڨ:lNjxU?x\rYG2+6RvH\Ze\'vUgGzGM\"u#b0Ed*\nn\rC86V#2JkFkmͽSʐ-uLp 3(W*o\07*s\\A7	qU}fΨ.[VΚ/rG01V,NpW봴X݅Rw8h	Qu96\'k{ˢMT5Pprp: 殰T-\r^9,v=0N\0!㍯{79y>R<jZ\',a<03 _^_՜\"+&\"/|<f$Kk\ZC[E\\1e~I]/oE&4F\r=oao\0~*s\\A7	q0U4=]LF~\r|\r	@E	V\\FyP\n9vp=<*֧>2,SՁ,;zoa,ʅ]\\o/v9G\ZC?ǫ6<tQcWh0>>y#\ZƵEJ**Kad\0jCX\nK{en%㳖@X9bWM <TI]8(l?szVE\":[5b*(z}kNr%ƟI۲sFR,ƠKnGeɄ6A2yJ	dO~.ܡ@F(pOKTن\"y7Ƈp2o\0\0\0\0\0\0\0\0\0\0\0\0\0\0\0\0\0\0\0\0\0\0\0\0\0\0\0\0\0\0\0\0\0\0\0\0\0\0\0\0\0\0\0\0\0\0\0\0\0\0\0\0\0\0\0\0\0\0\0\0\0\0\0\0\0\0\0\0\0\0\0\0\0\0\0\0\0\0\0\0\0\0\0\0\0\0\0\0\0\0\0\0\0\0\0\0\0\0\0\0\0\0\0\0\0\0\0\0\0\0\0\0\0\0\0\0\0\0\0\0\0\0\0\0\0\0\0\0\0\0\0\0\0\0\0\0\0\0\0\0\0\0\0\0\0\0\0\0\0\0\0\0\0\0\0\0\0\0\0\0\0\0\0\0\0\0\0\0\0\0\0\0\0\0\0\0\0\0\0\0\0\0\0\0\0\0\0\0\0\0\0\0\0\0\0\0\0\0\0\0\0\0\0\0\0\0\0\0\0\0\0\0\0\0\0\0\0\0\0\0\0\0\0\0\0\0\0\0\0\0\0\0\0\0\0\0\0\0\0\0\0\0\0\0\0\0\0\0\0\0\0\0\0\0\0\0\0\0\0\0\0\0\0\0\0\0\0\0\0\0\0\0\0\0\0\0\0\0\0\0\0\0\0\0\0\0\0\0\0\0\0\0\0\0\0\0\0\0\0\0\0\0\0\0\0\0\0\0\0\0\0\0\0\0\0\0\0\0\0\0\0\0\0\0','1007733570.JPG','2016-09-27 08:58:48','2016-09-27 08:58:48'),(56,'jonatan','alexander','siza','bastilla',2,'1102356330',NULL,2,NULL,'1988-03-29','calle 8n numero 3-170 conjunto torre de la cuesta apartamento 806','torre de la cuesta','','3043980292','jhonattan_siza@hotmail.com',NULL,'\0h*s\\A7	qUXVʚ\\&)쾲;\"a)v[ w>mxē-dBz_yī\\3eF7-ƽ{I\n<OsW\\YX=dvv{AA].~\rZ197kq30?(YrɁ\'c+07}~+-Ș\\	A$P_	Vmty޼|T.w6!8>zdH;tjOԯ<}YS\'(UZF3\0q2g	\'Snʊ?v`A\0K)o\0[*s\\A7	qUoFg6WAW\n&l(ƲbǴGIz.et-LWT)TG}3]^zg ϝc3pH8oW(!d0.L.+H*b/\\n;*J\0Z~\Zu!VpTJ03f6NJn[s\'15C%Sc%u\\v-ƀb[8cFVZ¾RC\'\"ﳼ>4Cl:\ZyFYe_eZ\n:O&ۯ75}x-LhOo\0*s\\A7	qUtіR1z)\08	T*\"Ūs:%KSGQdtV1OjWx3ؕ[Iptzg+	R:V)PC#I3O|yLiMV$^P-)Hl:~91\n_\ZYi`:58v0jurL &<2\ZY+CA[zm	=Mo0[yXs CԾ)%u60{RFrf<aeoŏv53w%xq_3Jh8dC\\6D\0zܡ4PkDm#|oՑ%L6՜`Ro\0K*s\\A7	qpU@;VPkx<:@ 4̔f-K\0cVH @xK;l#C$,׳&,8	ZpVrUv&XEt%j:4ŉR?Ώ{64ǲrLʎI8BqU%f2np:&jxssddnUtmXe\\ɫN)<15;[621Q/ӊv_=mg({t\"YlR1(;ڃ?˒\rm,P5X!_x<=/yRgg8o\0\0\0\0\0\0\0\0\0\0\0\0\0\0\0\0\0\0\0\0\0\0\0\0\0\0\0\0\0\0\0\0\0\0\0\0\0\0\0\0\0\0\0\0\0\0\0\0\0\0\0\0\0\0\0\0\0\0\0\0\0\0\0\0\0\0\0\0\0\0\0\0\0\0\0\0\0\0\0\0\0\0\0\0\0\0\0\0\0\0\0\0\0\0\0\0\0\0\0\0\0\0\0\0\0\0\0\0\0\0\0\0\0\0\0\0\0\0\0\0\0\0\0\0\0\0\0\0\0\0\0\0\0\0\0\0\0\0\0\0\0\0\0\0\0\0\0\0\0\0\0\0\0\0\0\0\0\0\0\0\0\0\0\0\0\0\0\0\0\0\0\0\0\0\0\0\0\0\0\0\0\0\0\0\0\0\0\0\0\0\0','1102356330.JPG','2016-09-28 06:01:40','2016-09-28 06:01:40'),(57,'andrea','stefanny','siza','bastillo',2,'1098682723',NULL,1,NULL,'1990-02-21','calle 8n numero 3-170 apto 806','torre de la cuesta','','3043983932','dis.andreasiza@hotmail.com',NULL,'\0*s\\A#MRTD˶fl32ޝS966-b1@Y1ɩ\n3yƵthBԭߧa\03⑹o:-J۸r6>:26b9?AI|qiPǅ&Hc\'Wo.ܿpZ\\#fG14 N:]gQ>U[<E6ie_XCԁoZm_qs|8P-_W\06b\Z/Ƶl*!Ws	fX~}r$IS6K;Mx\nK.\noz|fm?L;?cyLm0ևB9\nV~81V=U.^Yuyd<>QCV`6_LZo\0a*s\\A7	q0U`,Kӷi|#,gB:&087H\Z*OQDrPԌޠVܮ/X{YeNXtנYw\',u<U0uR(Vb1]HI&dCV?HG8U\rá([)p	n$xͯpσ8!V2bQ_+;{P[nHVIʉ;Քrjb0<ͮT⨰ĥ*$gNs5ѢbtQe#MY~2{ۖ3,:O\0^a#^o\0~*s\\A7	qU\\]Y&l&ND#w5l7@6%MK-ONwt1Iա6SY-[\0T.BccZF}2ګ%rԘCt\Z$>hL̆yPkH Qi\'#XnVFԝ>OXz7A\"Zc33N$d2VLYeM>\r!HopώRD+x0߾\\pe/LdAcoC^X_$Mv%0fp1ȫbk|QM*HN&EZr+a\0\\Ɍ!6*|;T(Du5N(Ğ隸8uˁRo\0*s\\A7	qUh@w((`baL=t9oHe\"ri^?x5y\ZK܇;`,f<G\Z3Y(l,r=8m8Y$b&\\89u#AT)\ZսբP\'EbY`2FwO1k/;aVIjh(:`.d_DGY|mհqNۧUVyY8:JC>VAop2nkE(Pbq\n$BZV9zzxK  e23R|o;UH~\rZ\Zerz.)sK7܅o-3ZKӫp5.6[o\0\0\0\0\0\0\0\0\0\0\0\0\0\0\0\0\0\0\0\0\0\0\0\0\0\0\0\0\0\0\0\0\0\0\0\0\0\0\0\0\0\0\0\0\0\0\0\0\0\0\0\0\0\0\0\0\0\0\0\0\0\0\0\0\0\0\0\0\0\0\0\0\0\0\0\0\0\0\0\0\0\0\0\0\0\0\0\0\0\0\0\0\0\0\0\0\0\0\0\0\0\0\0\0\0\0\0\0\0','1098682723.JPG','2016-09-28 06:04:47','2016-09-28 06:04:47'),(58,'luz ','stella','mantilla','carrillo',2,'63433266',NULL,1,NULL,'1969-04-05','carrera 12 numero 10-50','san antonio','6551977','3173134443','',NULL,'\09*s\\A7	q0UE%A$;Seo^0VV`cňUk?0^,tN0XMp?OVc\'8.[Ww,+ 2JS.TM~jR`\0(Ht0=#;$d>?RNl\0+G_х9%UJiOe,°gWUb&=h-\Z9[Ƃ[`3F>G}`Q\r4Ih\0~S3fkVXJ;o[<E><kK\\Zo\0C*s\\Ar^2sDD:wv:+BLN#~d	E[/U c%8Db2 |t$KX\ZԔs-I\'Cn7ey(m1>P	hiDvzN+;\ZK,98͵{ˎqDhᑣ\\H!;p6O0wut@Gi۠sj At(*	pp9qA6.f{CJ@}+Z.{};~R(A	|Z\0Lֿv.\'o\0=*s\\A7	qpU cfbBXv7\'8v Rnmz$km`i[*}aU-l@#K>+UF!ڶ.3@>M	閛ĳk37Ǭαq:q\nɇTgRlWzM\'+{#Ѱ\Za8eƜ3+9;Zaݳҏ]!AmK;aM^Q6]m@ց۟+Ly8ak>}<蹼1$ר~Gf	C_\Z[fQe*9ˋ_\n,(Jm޻o\0F*s\\A7	qU(`GQfDdħ P-oc*\"$Qڑa(\\{KfEpn!w^G&nn\".N|K [ȡ?1iv!djz]0.0h:qh+cyN틻rPǔYb}mp\'9R<[%iݸy0X9\0i\ns7܎802rP[ZED+`6IH\'C\Z+2oE,q,>pAƣz3o\0\0\0\0\0\0\0\0\0\0\0\0\0\0\0\0\0\0\0\0\0\0\0\0\0\0\0\0\0\0\0\0\0\0\0\0\0\0\0\0\0\0\0\0\0\0\0\0\0\0\0\0\0\0\0\0\0\0\0\0\0\0\0\0\0\0\0\0\0\0\0\0\0\0\0\0\0\0\0\0\0\0\0\0\0\0\0\0\0\0\0\0\0\0\0\0\0\0\0\0\0\0\0\0\0\0\0\0\0\0\0\0\0\0\0\0\0\0\0\0\0\0\0\0\0\0\0\0\0\0\0\0\0\0\0\0\0\0\0\0\0\0\0\0\0\0\0\0\0\0\0\0\0\0\0\0\0\0\0\0\0\0\0\0\0\0\0\0\0\0\0\0\0\0\0\0\0\0\0\0\0\0\0\0\0\0\0\0\0\0\0\0\0\0\0\0\0\0\0\0\0\0\0\0\0\0\0\0\0\0\0\0\0\0\0\0\0\0\0\0\0\0\0\0\0\0\0\0\0\0\0\0\0\0\0\0\0\0\0\0\0\0\0\0\0\0\0\0\0\0\0\0\0\0\0\0\0\0\0\0\0\0\0\0\0\0\0\0\0\0\0\0\0\0\0\0\0\0\0\0\0\0\0\0\0\0\0\0\0\0\0\0\0\0\0\0\0\0\0\0\0\0\0\0\0\0\0\0\0\0\0\0\0\0\0\0\0\0\0\0\0\0\0\0\0\0\0\0\0\0\0\0\0','63433266.JPG','2016-09-28 19:35:46','2016-09-28 19:35:46'),(59,'luz','mayerly','rodriguez','velandia',2,'1102360397',NULL,1,NULL,'1990-02-22','calle 7a numero 11-48','san rafael','6540341','3157505077','luzmaye2202@hotmail.com',NULL,'\0F*s\\A7	qpUř;CԿr&> Se,`PrEWrRҏn@LSZeA<X,xӷ^\nBnM#GyK\0FK\Z_bB\069@Sd_+}+)D\'YzwPdW9FoOѝt\rkZ]A-Q<.l氪6&hgW۷NP׉\\6)#E@EL\r\0e :RE(^g,ݎxtgZ\\](6o\0E*s\\A7	qUC\'R{sr8	LzP6zI\rѭq*yJ|VܙwX7\0ȤLjctӛxq[Qb5OO1,CckZ҄ 8ӯǴq@nyX%Em>OvAFpPF\"#s1ILpBz$y(ĻM9t[JMx?	vu=Z8\\^Zh\'7AZXϥ6\\Un`9mР\nݻj%p@F筮FWa|Vo\0\"*s\\A7	qUod8QS_$C8r|jg!X(\nBYԚKL6[~nRW~\'n>WiA]EN\\g=r}\'^Z}L,wy\'DA7QY\0]dтl_|;S =`+ڈInݔG&@Gb\ZR20f;I&gt7WIȠAfjb}kɁҚ+mOqDUZqm,\Z Fήlo\0\0*s\\A7	qUI5lBpN;&\n*]w_9j!8*s:]n/ʚY=8`|;X\\Ҥ$e7z\rx>-Ky]		˨Tx\"%.۲th[)VK&Ew*Ώ#}\"~yn▕jZ3<{q\Z\"XIk̫)R\rN˪ʝvCH)4<gYMo\0\0\0\0\0\0\0\0\0\0\0\0\0\0\0\0\0\0\0\0\0\0\0\0\0\0\0\0\0\0\0\0\0\0\0\0\0\0\0\0\0\0\0\0\0\0\0\0\0\0\0\0\0\0\0\0\0\0\0\0\0\0\0\0\0\0\0\0\0\0\0\0\0\0\0\0\0\0\0\0\0\0\0\0\0\0\0\0\0\0\0\0\0\0\0\0\0\0\0\0\0\0\0\0\0\0\0\0\0\0\0\0\0\0\0\0\0\0\0\0\0\0\0\0\0\0\0\0\0\0\0\0\0\0\0\0\0\0\0\0\0\0\0\0\0\0\0\0\0\0\0\0\0\0\0\0\0\0\0\0\0\0\0\0\0\0\0\0\0\0\0\0\0\0\0\0\0\0\0\0\0\0\0\0\0\0\0\0\0\0\0\0\0\0\0\0\0\0\0\0\0\0\0\0\0\0\0\0\0\0\0\0\0\0\0\0\0\0\0\0\0\0\0\0\0\0\0\0\0\0\0\0\0\0\0\0\0\0\0\0\0\0\0\0\0\0\0\0\0\0\0\0\0\0\0\0\0\0\0\0\0\0\0\0\0\0\0\0\0\0\0\0\0\0\0\0\0\0\0\0\0\0\0\0\0\0\0\0\0\0\0\0\0\0\0\0\0\0\0\0\0\0\0\0\0\0\0\0\0\0\0\0\0\0\0\0\0\0\0\0\0\0\0\0\0\0\0\0\0\0\0\0\0\0\0\0\0\0\0\0\0\0\0\0\0\0\0\0\0\0\0\0\0\0\0\0\0\0\0\0\0\0\0\0\0\0\0\0\0\0\0\0\0\0\0\0\0\0\0\0\0\0\0\0\0\0\0\0\0\0\0\0\0\0\0\0\0\0\0\0\0\0\0\0\0\0\0\0\0\0\0\0\0\0\0\0\0','1102360397.JPG','2016-10-01 07:57:35','2016-12-09 05:04:09'),(60,'valeria','','alvarado','vera',1,'98102256859',NULL,1,NULL,'1998-10-22','carrera 3w numero 14-109','villa marcela','6925697','318','valeria_aub22@hotmail.com',NULL,'\0:*s\\A7	q0UW,\rIPhҷ톱A+{!tM[̛fEHwPؘ?4!kUge.>f$IiI9wB͓~\Z$\\ee]#78]LU#rM6\Z:ᬎLK%M\'$*=k^g2t[Ad_O^SP??fxcn@w$w!`)ᶸrn67X|I`\\L1fG\'a4gjeƶeB\Z\09 |ʍc`d!f5zI&8㝋Jo\0/*s\\A7	qU{vES&S2G>?kjļRa,[\",w\'YO]^.n*\"[e>?CJ>2]S!-\ZJge]*8Z,S[\\7ǎ{HFbkF=z,!b\05D,l6˩,G_襥;JO}\nY*ZW,vB)2qӬHiJQjh8\"E@Q,P6z!aaGM,遌 &\Z>gHgTo\03*s\\A7	qpU?-\'1;̎hdk:8T:9w}^p(a,9(g|[y԰;CVC|2_oLggCx4l!uDٰnU$zr$c?jv/ߞ񙽕xv@(N8P4Y2k&:<\Z\nefެOQ$R-iD4 Kw\nI2CNY!:1D	g%[Vy=~\r1#`eׁ#{}QuÍotpn`q^,}ᰍf{Xo\0*s\\A7	qUYUxܕ%_T	%Ti.\\-t,7K/%Q}!sէKYxuI5M-`dS{ 2|SJV^NijIr_|$q͕ ;;W)\0\Z\rCMU&s!v0w!`T!pޠSvzAo-jT5ֲ&N=S\0WX3E}v`}j\"^E\Z`yz*Tʶ:FN`2+ato\0\0\0\0\0\0\0\0\0\0\0\0\0\0\0\0\0\0\0\0\0\0\0\0\0\0\0\0\0\0\0\0\0\0\0\0\0\0\0\0\0\0\0\0\0\0\0\0\0\0\0\0\0\0\0\0\0\0\0\0\0\0\0\0\0\0\0\0\0\0\0\0\0\0\0\0\0\0\0\0\0\0\0\0\0\0\0\0\0\0\0\0\0\0\0\0\0\0\0\0\0\0\0\0\0\0\0\0\0\0\0\0\0\0\0\0\0\0\0\0\0\0\0\0\0\0\0\0\0\0\0\0\0\0\0\0\0\0\0\0\0\0\0\0\0\0\0\0\0\0\0\0\0\0\0\0\0\0\0\0\0\0\0\0\0\0\0\0\0\0\0\0\0\0\0\0\0\0\0\0\0\0\0\0\0\0\0\0\0\0\0\0\0\0\0\0\0\0\0\0\0\0\0\0\0\0\0\0\0\0\0\0\0\0\0\0\0\0\0\0\0\0\0\0\0\0\0\0\0\0\0\0\0\0\0\0\0\0\0\0\0\0\0\0\0\0\0\0\0\0\0\0\0\0\0\0\0\0\0\0\0\0\0\0\0\0\0\0\0\0\0\0\0\0\0\0\0\0\0\0\0\0\0\0\0\0\0\0\0\0\0\0\0\0\0\0\0\0\0\0\0\0\0\0\0\0\0\0\0\0\0\0\0\0\0\0\0\0\0\0\0\0\0\0\0\0\0\0\0\0\0\0\0\0\0\0\0\0\0\0\0\0\0\0\0\0\0\0\0\0\0\0\0\0\0\0\0\0\0\0\0\0\0\0\0\0\0\0\0\0\0\0\0\0\0\0\0\0\0\0\0\0\0\0\0\0\0\0\0\0\0\0\0\0\0\0\0\0\0\0\0\0\0\0\0\0\0\0\0\0\0\0\0','98102256859.JPG','2016-10-03 09:06:56','2016-10-05 08:15:28'),(61,'luis','joao','jerena','rodriguez',2,'1099208899',NULL,2,NULL,'1991-08-17','manzana j casa 370','molinos del campo','','3114956293','joao_174@hotmail.com',NULL,'\0*s\\A7	q0UNhbryb9|{x,f\n)Xmcp*qۖ=I#fY)B}2C5y|2\rFDr-F#onLkwkYgRx/$3I6j)0I\"6f]Z(ɦ|HGo1.*Eؑ9[\':I@޶iabP2!,0bgKj+![?Z\Zʹ\rFw̯8|6?/)e-HʎPAĸMQQZvE\nƿÇIv+{2Rbv%w)Z+YNT0dG\\@s*cHFo\0*s\\A7	qUzN7;IZ?ˉhP=1\Z,(1o`G׋9Sµ}O\0S<kimLq\r<o	{R͉2\ZS(PdP6nju*)(j=\Za)ri4\rzr|`VSճ5wrQu`-I]Ed4h5o_h/$&M2FeѰZ/bkX]G#\n_C@߻wOGu8\0ʤmHhzԭFͬmJt)D\Z\"_,x/	e~0NGpm0T%TPAȋ%\Z@SXo\0*s\\A7	qU~{F81ƫ/%/NxǛ3֬W؋ad̈J h1ʓns/koKۮlI^_\\j[Y!L}?#\Z9K˰	j2sݓp`jGxTc;,6%\Z\rP_VLNZWTNVvdIr:s03k4L\nQ%0igtfGӖ5D^k:/\Z\"Z5G\0w;PW?u>V\"m̖=Vx*07L8qVODOʶ7J}7iـpO4	SZZew)EfWMC1T_J:Xo\0*s\\A7	qU4Sf35	*kšA)?&{O\ZNͻIu%N2`W;6INX#uek3·	(#DbFh(\0I&pk	{hAF]cf	N\0KVk\ZJUh)!ꢌcuH[??ǘsEXO\\\\]~YjZ12gB3\r\r:KpJk>8w,\Z]W]<ՔWPM	lK9?>{Q:>wjfYiG(RFpi>>\"ןzșl\\@nٙ1/**fZG^ݟZW_o\0\0\0\0\0\0\0\0\0\0\0\0\0\0\0\0\0\0\0\0\0\0\0\0\0\0\0\0\0\0\0\0\0\0\0\0\0\0\0\0\0\0\0\0\0\0\0\0\0\0\0\0\0\0\0\0\0\0\0\0\0\0\0\0\0\0\0\0\0\0\0\0\0\0\0\0\0\0','1099208899.JPG','2016-10-04 09:59:47','2016-10-21 08:54:49'),(62,'diana','marcela','guevara ','garcia',2,'1098648995',NULL,1,NULL,'1988-01-31','diagonal 3w numero 13-50','mirador de tejaditos','6556536','3212222404','marce2383101@hotmail.com',NULL,'\0*s\\A7	q0UB9*~#()OjTaioBqp:ZSzO^*q6^[$}W)]P!FIFA*h*qM:ҩ8Zڹ;vkZ]խ,PFetU+ԫؖg-sEOc|˚ k,G9<͡9-V[Vx)GpNQ3ycIq7)y{YXs8!s	}+W%#}Jod,Gbp;Dܐз{ƺm4K.}69BuH3W2x}\'3Em!8``H|9f2T6,=Ktǥ`Z)&eW^#Oo\0Z*s\\A7	qUG8mK7G3mq{xbtjFYO7#xP]ɽ?$Q7R9%ΎvzY\Z@~BV|}xL\nK]p;] tw_{\"j32\rJʬ̾+V5ZZ zA@ͣD4=c\\n{/1b]\0ȵMu3q\"/g}sl<чP\Z稓g|y=WH!OȀvғpY恠_יctuj}9kwlt8I0o\0*s\\A7	qpUځ4-ذbߛLIgĝ!|\"o{T	*?\"OEڴ9șI;{`ZjQNm6Վ/OY %Dd:^Ktx]bkQ7}?hiYc2x~EGļee.V13NjZWRkK)Ʒak^3n}*BmL8*e#Oqeh*xSuܖ\Z7sojϻ7݂6@әZ:w1iN+W@t0PX3:=3a2;<l=g_mQgbL\\7v`o\0~*s\\A7	qUF&rY\0zyҤOr?|?cZق6Uqk~Ho]m΍%=wh$ޡ\r3dV,Ke=	q~`&&WR\Zo!\nyQ\0>>}TH@F]x+v$CX,B&->΀A:6wyN|M17C7e\\M@1Du{o}Cm5A/XDdM(j@˶ǶB}A\\..sDKcd|Y8K/h2[o/76ү2oXo\0\0\0\0\0\0\0\0\0\0\0\0\0\0\0\0\0\0\0\0\0\0\0\0\0\0\0\0\0\0\0\0\0\0\0\0\0\0\0\0\0\0\0\0\0\0\0\0\0\0\0\0\0\0\0\0\0\0\0\0\0\0\0\0\0\0\0\0\0\0\0\0\0\0\0\0\0\0\0\0\0\0\0\0\0\0\0\0\0\0\0\0\0\0\0\0\0\0\0\0\0\0\0\0\0\0\0\0\0\0\0\0\0\0\0','1098648995.JPG','2016-10-05 17:05:01','2016-10-05 17:05:01'),(63,'blanca','nieves','navarro','felizzola',2,'63515430',NULL,1,NULL,'1976-04-18','calle 15 a numero 17-10 segundo piso','portal de belen','6556117','3172768845','bnavarro3@hotmail.com',NULL,'\0*s\\A7	qUvZi071t-zڜbs<ж%R0Reuֱ蛓d3t_fE6xiT*Ʊ٢/\0DGn\"p?n&\"OA`i)qdJ EAEGX0Ua\Z4_,6:qnnL0Vx_O\0%Ū FԘ\'#e뫫Z?Ԣ_ĂZtmuI\'^o?ync\0g{Tjo\0@*s\\A7	qUP?o@\\s}0#3 nuuZf\'mnO`T&Tu P+v=(X.*kcpO\"<0:DOw$Y%\'ÁC\0îHQenX:4_\n@{\':MN~8)3V0NA^^f˷6&\ZqCJӈTaC\'nl=HV8FU\'+|]V-5\Zȍ\"\04iL}+zvD\"R\rIo\0:*s\\A7	qUBQPVl[$g9ܮb^6<zx,XA0	t,N׻ 9jOSՖf L;SqvO^9%\"y?+Ρ+LA=(,	};_%ǽVJZ@9R&Cb쮻˻Rk,Űe֤Z{#VRrӷ5eخT-_#8X\Z*5/-7`\n%1/PFG_ A%[mAxuRj#FmE9O~3`VA*u+o\0r*s\\A7	qpUM3-M|vܾwyMO	V1g\r[<-W͍_ȏe:(׌Y{P#нCgmʸC2bYryZ Iʪ\nz`f^ BfUSK\\l(%yVz:A0ˉ쩉{g@+\rqcXK.XnR}-7A`qňR[KiA*@!#Rb,,\roxQ*kwTBfK@%whKة@jNY^jӿ]qy1i,66Q\"C&D=ws|	To\0\0\0\0\0\0\0\0\0\0\0\0\0\0\0\0\0\0\0\0\0\0\0\0\0\0\0\0\0\0\0\0\0\0\0\0\0\0\0\0\0\0\0\0\0\0\0\0\0\0\0\0\0\0\0\0\0\0\0\0\0\0\0\0\0\0\0\0\0\0\0\0\0\0\0\0\0\0\0\0\0\0\0\0\0\0\0\0\0\0\0\0\0\0\0\0\0\0\0\0\0\0\0\0\0\0\0\0\0\0\0\0\0\0\0\0\0\0\0\0\0\0\0\0\0\0\0\0\0\0\0\0\0\0\0\0\0\0\0\0\0\0\0\0\0\0\0\0\0\0\0\0\0\0\0\0\0\0\0\0\0\0\0\0\0\0\0\0\0\0\0\0\0\0\0\0\0\0\0\0\0\0\0\0\0\0\0\0\0\0\0\0\0\0\0\0\0\0\0\0\0\0\0\0\0\0\0\0\0\0\0\0\0\0\0\0\0\0\0\0\0\0\0\0\0\0\0\0\0\0\0\0\0\0\0\0\0\0\0\0\0\0\0\0\0\0\0\0\0\0\0\0\0\0\0\0\0\0\0\0\0\0\0\0\0\0\0\0\0\0\0\0\0\0\0\0\0\0\0\0\0\0\0\0\0\0\0\0\0\0\0\0\0\0\0\0\0\0\0\0\0\0\0\0\0\0\0\0\0\0\0\0\0\0\0\0\0\0\0\0\0\0\0\0\0\0\0\0','63515430.JPG','2016-10-05 17:41:58','2017-01-03 21:18:07'),(64,'sunay','liseth','camargo','camargo',2,'63550556',NULL,1,NULL,'1984-03-10','carrera 16 numero 5b-24','san cristobal 7 etapa','6562217','3102863609','sunay_camargo@hotmail.com',NULL,'\0*s\\A7	qpU#PKS6xb~Fc\0(B@1jFں\"$b-jmlkhF4p3]\r&-tVO,i,Py:.-W?G䴃VlCJiA6,\'TqݬgM{ZD}I]5`A0NV@F%#YQ>:E7evU`Y5hXʭFU0)ܹIlFUoJ&ouarGO#վ*WgYHK:\rFm8??rgObޫHlDRT\n3v2D٘-E{+)H\"\rR/hD4=tmْKo\0~*s\\A7	q0Uj|^4>1S&sm7@EUfxQO$D+|O]Qp	h,I|\n[6bTΆ1pits2Oq>H,5ф`@̋/=~SE5D_I)^Pl!ςؙ=<8Z.KռZ\0lpʊ;OI}PX=k?jkn^_nbmP;;Wb:\nC\Z7sHL^E!nc`$5B4irp??ocMP7}<LjTøzxE0[1@*>	UT\nډ]iq; }xˏCNegK%G~o\0*s\\A7	q0UEY\\T΀Xv;ʆJWyY:\nTO$4\nH^4-L?Y+	t|TIl?G@W\"Vi4pW+ޗS8wKq2crG/󴤳r꬀pϥ_7jtZbC$+|t&ÉA	/acJ\nL\r5gځ0A%ǺȏZВmZ=Hͥnqe\n^V4%B}3\Z(EAZ(<{¥L6&	\nl\nRJ_mw!VL	➂Q}xJ*\'MAB{ᜃ!1-o\0*s\\A7	qpU(J=(_bݱr(?w̹8~Cy/sAVF\'h\nC:RycM$dFEp,*Wǝ&<,l8c_jh~zc<ULȀCʍ[udGib9mbsZڙ;<`\\hndt\nWu_	Q\'>hQy$ՉUCzJH\r+r\'a\'VOzZ\":WKx2fVˠيu@5ԛ=۞~ %(YcCW\"+ygS}ykN\0WH~Kԟx	o\0\0\0\0\0\0\0\0\0\0\0\0\0\0\0\0\0\0\0\0\0\0\0\0\0\0\0\0\0\0\0\0\0\0\0\0\0\0\0\0\0\0\0\0\0\0\0\0\0\0\0\0\0\0\0\0\0\0\0\0\0\0\0\0\0\0\0\0\0\0\0\0\0\0\0\0\0\0\0','63550556.JPG','2016-10-10 06:35:44','2016-12-14 05:06:13'),(65,'laura','margarita','rojas','peñaranda',2,'1102381604',NULL,1,NULL,'1996-10-20','calle 1g numero 16-16','san francisco','6544217','3115948227','lauralmrp@hotmail.com',NULL,'\0I*s\\A7	qpU\0\",:D0ڣ=-JA0NV(=9paL5)IT%6.Db\'\n6rxHLZ($?-\rJF;rkSЎЂR#@62Rvr^)Dh_Zp̞qI?4>[chaN3vལhB\\Y|Cڳ:*6GL$!ֺ;\0Jwq3=DhFO?[x$<A\Z&yH͓LBpo$ΡKJ1rƠC#,:צ`ƹd:o\0B*s\\A7	qU51BKwUӽ%K/4łI# Ŕ\r ~k*~#Q_h:>͒A7ڗpX/CG[Jׂvnq)wm3&t.+D%BQe>B%*HC/;{\r>lT#ȫa\\B_\"ն1/&(-Z57撩F	@B|g\\x\Zhbn~6wN.lAAPޅI@Bȋ}>^^o^d	\Z1ƨ_!0-\'o\0B*s\\A7	qU+7qW勑$nj\Z3OtZg\0ߘ^plܔdRr\rM$+i6/,XYԺ(a8a£!{i7K3b\rPc[iG3}r{ԦCUpGG}=]:.ts41}lcp;Ƙ	f\"٤W+w(zQ8~9ʙ`0\r1aܪ`DRuk~En,gSBKZ$hAIo\0G*s\\A7	qpUl@,Yt.M =;Qq*:\rM`.k@=O3\n!LJ2HziH4,߾U6:[;1B\'ߤ*enx42dwRc35cS!÷o(\\CÄ\'sRNtΎ\roM\r\"p!,N,;ϞݛY&rΠ	׳etn#MWX&dPL\\jI.\\:G\\y*oZ/wq@qhl33aOhӭ)$~6C}6o\0\0\0\0\0\0\0\0\0\0\0\0\0\0\0\0\0\0\0\0\0\0\0\0\0\0\0\0\0\0\0\0\0\0\0\0\0\0\0\0\0\0\0\0\0\0\0\0\0\0\0\0\0\0\0\0\0\0\0\0\0\0\0\0\0\0\0\0\0\0\0\0\0\0\0\0\0\0\0\0\0\0\0\0\0\0\0\0\0\0\0\0\0\0\0\0\0\0\0\0\0\0\0\0\0\0\0\0\0\0\0\0\0\0\0\0\0\0\0\0\0\0\0\0\0\0\0\0\0\0\0\0\0\0\0\0\0\0\0\0\0\0\0\0\0\0\0\0\0\0\0\0\0\0\0\0\0\0\0\0\0\0\0\0\0\0\0\0\0\0\0\0\0\0\0\0\0\0\0\0\0\0\0\0\0\0\0\0\0\0\0\0\0\0\0\0\0\0\0\0\0\0\0\0\0\0\0\0\0\0\0\0\0\0\0\0\0\0\0\0\0\0\0\0\0\0\0\0\0\0\0\0\0\0\0\0\0\0\0\0\0\0\0\0\0\0\0\0\0\0\0\0\0\0\0\0\0\0\0\0\0\0\0\0\0\0\0\0\0\0\0\0\0\0\0\0\0\0\0\0\0\0\0\0\0\0\0\0\0\0\0\0\0\0\0\0\0\0\0\0\0\0\0\0\0\0\0\0\0\0\0\0','1102381604.JPG','2016-10-11 09:51:13','2016-10-11 09:51:13'),(66,'oscar','daniel','ropero ','lozano',2,'1102386625',NULL,2,NULL,'1998-05-17','calle 7 numero 11-25','chacarita segunda etapa','','3167783845','',NULL,'\0l*s\\A7	qUyם)1Aj1yR(]+>S#y/tjq(MXdFkw?kEcB]*0W}ՙ@cnR{	I<j:#Гʲt8zsW^+\r\r.Boc\"	U\r5S!aJX4 ˧ؿLdR\\XgQ`Avs|yȺ=kd!֭Kj|Aq#	Z0>WM7GxP+zY=v\n	pљJ\\0Me$\0{ʏO4D6ȇi/d牣>W++oqľ3U@\'mo\0*s\\A7	qpU뜓bzI\n7@|\r\\JXf*zRN90y0[S{^ְAK&WT1,j׻LlDT.\\ˎnpiat֯I:L\nk[T/,:Gh=x3c\"5\r{_Iq?I$84e)+arkp\r7d!m<u*N)G6G?B:.I[&0@筶6[R		ނI\rR(mg\ri Y~h-2EA|הtwbPcxH\"ּ	5Z语hT7592F 6IOOto\0*s\\A7	qUnw@HeGqs@\0ǹ,=ԟޤ;_#.Ǎ*$K ٮĂ1|R+^/Z|$lbíW]?}.D\Z4nd [:Nh+IcRswJ{.А?ZzXʉpDoS4*4\0IH.oϫl\'̻j436!-.^3z!mmQ<mAIq\"(\nϟ	Ru	t\"O<H7i\\u|6P,w.P}R6_ʾVfEr6JckH	Պ]nM\'1ڒyPJ=-h,}qH^-Rᬻf}X1ީo\0]*s\\A7	qU2&^_JRAa~+SJvb:k-Rӏff8ϼQ8ZrEwVlp`6tuυ\\r$<uS>,jV85@(0PsZ=p?5^8L	LI7?\r7<{]\'/PqcB<f94&tEOj}ݨb/c_8UOU!#˟9ܱ:{J}\Z7H\\5@_k$6Ksn\Z-X]dROMhA$,!F_o\0\0\0\0\0\0\0\0\0\0\0\0\0\0\0\0\0\0\0\0\0\0\0\0\0\0\0\0\0\0\0\0\0\0\0\0\0\0\0\0\0\0\0\0\0\0\0\0\0\0\0\0\0\0\0\0\0\0\0\0\0\0\0\0\0\0\0\0\0\0\0\0\0\0\0\0\0\0\0\0\0\0\0\0\0\0\0\0\0\0\0\0\0\0\0\0\0\0\0\0\0\0\0\0\0\0\0\0\0\0\0\0\0\0\0\0\0\0\0\0\0\0\0\0\0\0\0\0\0\0\0\0\0','1102386625.JPG','2016-10-11 19:39:18','2016-10-11 19:39:18'),(67,'edgar','alfonzo','salazar','manrrique',2,'1102354902',NULL,2,NULL,'1988-01-06','carrera 8a numero 11-15','centro','6654283','3014005397','orcos756@gmail.com',NULL,'\0~*s\\A7	qU(\'GZ,6\r{n!)&՗J}ʫIz2U@ z,MU͎\')2~t\\%IҠuJhuhN5y:D`JUxlˋP-H,~Vu!9l.G_=\Z`v=s\'L#j~!~1(>#;#ZWx>*{U[$XkN\"g\ZQ}R5\\Nt\"]I1o{jPWRfd%ڤ,fa/GWG<c?,m$S$zPtf6ĥУ=[׀ّmRd-x/y2o\0*s\\A7	q0Un-fO<Q5Z#N.~>m«P\0-Vş`cRO:{$i`hp,iW|M1|M\'P|,<-W%`+t}9i*U/c뭤0|xl\'~Q޶y$wpɽSMAO0Є-娴~xX厸b-Ǧ3X$o}\r\n@.A]UC.ѐ|\0	+XD1{\\sEG ɒ/߅ӱ6z(C/WC%<{wE}1o.َB֋·÷Kns:7	s2~9\0\\k%o\0|*s\\A7	q0U\"cjQb1;iTٸ,.B[q}l`\Z%uw&4SR+I\"l>D:|x5L)3I\Z,mo/ʛF6U!k7x3-yH*>;MP}TxI/qj|0o齹*j`(÷rfk 9e7ϜJ%[py\0Mr_L<gcb8i4ii@rpÕDFFCT]2{R4iR檀{!*TC+7חE7%p\\4}HWaQ,Skvgo\0*s\\A7	qU{\ZpWa>J:`6e$9}\'^w).Q\"stx8Z!%{DpB`\0G Ys1l:=ў|,E`bd; 7q;~]§Y@v3ʅ?,m3`O@:A)GqQM>u!Vė=J8ELvTF}>\ZhʋT[h=\Z\0䜑tbNs,`~Jm~6kgS!Pl`Irf vQxd\n\ZeRS		fH@I;>K/p$X+h;;{ӱ5},õKW{DbK\'4l\0o\0\0\0\0\0\0\0\0\0\0\0\0\0\0\0\0\0\0\0\0\0\0\0\0\0\0\0\0\0\0\0\0\0\0\0\0\0\0\0\0\0\0\0\0\0\0\0\0\0\0\0\0\0\0\0\0\0\0\0\0\0\0\0\0\0\0\0\0\0\0\0\0\0\0\0\0\0\0\0\0\0\0\0','1102354902.JPG','2016-10-13 18:28:24','2016-10-13 18:28:24'),(68,'claudia ','','patiño','tarazona',2,'63475945',NULL,1,NULL,'1974-09-30','carrera 12 numero 2-65','villa nueva','6652922','3185830999','clao_2804@hotmail.com',NULL,'\0*s\\A&-Y2NH.* 0}+.ՆĸlQPh5:\0*1t7^RځV\Z\'heAkg\\I9	z.«CA%eV;K+\']E.Ӹ#dS䏈fS* g2w&#oBÒ:j:ЏM`j\n97엶wEadO;T핔\Z%ϱG/NKu\'](79N;SҘRC$Qݍ?sw\n1 XJ\rOKOBPi)V.%cDr,C@^ѢrTE) \ro\08*s\\AU\"3Mad:%Vm.w	m]sN[qf2r	|+y	;\"\'@ N->/y$jg|1;lLl\'T=nGz5:D8۝2뻊\'b_>\\\nUOPn@Ȧio;cLO2f-W5F?W.\'Zm%`aCYMr.sL՚DM$ҸC+2[ʻ#`KthQ?Gl܉|9Ho\01*s\\A7	q0U)+S	X;uc-aG.\\8G\'{m\'p1?dωĎ֍XLt|cs\0?T	{Ƽ7H-®u^O㸭W}*ȵKr8e~~O(GuM/#~]jh&&`?sj}6@ 8ar+nE!7t\0),_Nxo0jmZfP;~Q-N{*\'$!*ɋ`lo\0,*s\\A\n5^/݌wrlL×,\0a?ೲPea>OI\rߋEMõbG7)B\r_7J=k]QRh6\"ڈڦ:($\ZӴ$WTn]ңgMÉ\'LT\r\\7HwX\\nUܫeEҶtJ$\"t;s0dZ\nzt3\'B1bRQ֮^OV, A­B/\Z;sфaM@_#{7֕iMQhZo\0\0\0\0\0\0\0\0\0\0\0\0\0\0\0\0\0\0\0\0\0\0\0\0\0\0\0\0\0\0\0\0\0\0\0\0\0\0\0\0\0\0\0\0\0\0\0\0\0\0\0\0\0\0\0\0\0\0\0\0\0\0\0\0\0\0\0\0\0\0\0\0\0\0\0\0\0\0\0\0\0\0\0\0\0\0\0\0\0\0\0\0\0\0\0\0\0\0\0\0\0\0\0\0\0\0\0\0\0\0\0\0\0\0\0\0\0\0\0\0\0\0\0\0\0\0\0\0\0\0\0\0\0\0\0\0\0\0\0\0\0\0\0\0\0\0\0\0\0\0\0\0\0\0\0\0\0\0\0\0\0\0\0\0\0\0\0\0\0\0\0\0\0\0\0\0\0\0\0\0\0\0\0\0\0\0\0\0\0\0\0\0\0\0\0\0\0\0\0\0\0\0\0\0\0\0\0\0\0\0\0\0\0\0\0\0\0\0\0\0\0\0\0\0\0\0\0\0\0\0\0\0\0\0\0\0\0\0\0\0\0\0\0\0\0\0\0\0\0\0\0\0\0\0\0\0\0\0\0\0\0\0\0\0\0\0\0\0\0\0\0\0\0\0\0\0\0\0\0\0\0\0\0\0\0\0\0\0\0\0\0\0\0\0\0\0\0\0\0\0\0\0\0\0\0\0\0\0\0\0','63475945.JPG','2016-10-13 18:36:29','2016-10-13 18:36:29'),(69,'carlos','andres','patiño','pedraza',2,'1020774495',NULL,2,NULL,'1992-08-19','carrera 12 numero 2-65','villa nueva','6652922','3209038329','vondutch_0819@hotmail.com',NULL,'\0R*s\\A7	qU$ˍT\n%D70SB ?A=k\0nB<d\n]}\\lϞ3x$ik2JaS=CoBe:i1\"K1?o`A\r4tW`\'We%>DGGL~2M+&P`{vͳfE\ZtBRib	ĖV9zc(c6N+.bnI1땾+OġP\\E\\rs4bcgЧ!05\r%6o\0b*s\\A7	qpUM5m+|Q&~HЈ#%\05CԎ,%K`fZi0)\n\Z6^IBBQ/KM@jl8]\\G&0d~B	HcGdUޝ1`-2\\EK\0lj4;Ҡ1ET/pTs\ZH^>\'ӿV!=f	1*0=&)\r%h,)l&nqn$\0$dm~RgbS]\'OK:2F*\r3~fV&\ZDKB6](i\Z\\f}xCT<o\0T*s\\A7	qUGq`\Z@{9C`$;nE!gLf cnyڬ3Q2+PN^Zg!硼YnNLA!\0`6\0uNu- #h@T_LBDUFW=`<2,=Sw\nrw62֮β*ߐ%/&ϋIb\Z{p.{ev-Zs~-?0ĥDHNxgpxqiH}xIB £sR|Rsxҙq1	5vw($|j_ˇ~7<]e2h\rYd^Zto\07*s\\A7	q0Um<yTo\n((}	<kc	WL<,uUzEJZ4.W7\Z}d\nl\Z9O283k%9@6*]t\"q$ש\nF*\\D&w+[)8:d_WdE#\0ƋDL#M0pLL4{oD\'WtQi\n/l%k@negab\ZC5RyNu,Ix\Z͜rVyBVKξn$Rm(gEӏr\Zo\0\0\0\0\0\0\0\0\0\0\0\0\0\0\0\0\0\0\0\0\0\0\0\0\0\0\0\0\0\0\0\0\0\0\0\0\0\0\0\0\0\0\0\0\0\0\0\0\0\0\0\0\0\0\0\0\0\0\0\0\0\0\0\0\0\0\0\0\0\0\0\0\0\0\0\0\0\0\0\0\0\0\0\0\0\0\0\0\0\0\0\0\0\0\0\0\0\0\0\0\0\0\0\0\0\0\0\0\0\0\0\0\0\0\0\0\0\0\0\0\0\0\0\0\0\0\0\0\0\0\0\0\0\0\0\0\0\0\0\0\0\0\0\0\0\0\0\0\0\0\0\0\0\0\0\0\0\0\0\0\0\0\0\0\0\0\0\0\0\0\0\0\0\0\0\0\0\0\0\0\0\0\0\0\0\0\0\0\0\0\0\0\0\0\0\0\0\0\0\0\0\0\0\0\0\0\0\0\0\0\0\0\0\0\0\0\0\0\0\0\0\0\0\0\0\0\0\0\0\0\0\0\0\0\0\0\0\0\0\0\0\0\0\0\0\0\0\0\0\0\0\0\0\0\0\0\0\0\0\0\0\0\0\0\0\0\0\0\0','1020774495.JPG','2016-10-13 18:39:39','2016-12-21 16:29:57'),(70,'edgar','eduardo','rueda','esparza',2,'91480542',NULL,2,NULL,'1975-10-08','carrera 1f numero 21-36','paseo del pueste 2','6783903','3162660245','egare1975@hotmail.com',NULL,'\0*s\\A7	q0U^	|>=a`PK=Ibz<99a7Ťw$lUEuqysIu\0;-y~Cgz6bplxgx4$=imB6>!? =+Įx|&#eQ7:B	 űr4h nk#鹰Z`#_EZxckVtTe촁x~\rT}? EM{_TY纐aNS{aVX\Zv^;5hjWѭ&@kT.o\0n.UrhGGK.TןLaD0d	\"o\0*s\\A7	qUCUr3 .jV7$oM>ҸA=pir;/QK$cR8\nC񟊕~q쩽qbnSP\rihG)_}A]g3<3	ٛ[Y\'O`]!KPBp|\'eiw%`qKio\\	8uJ-٭a@\\M	~(+\nT\"VK3-9fr:bL?q?!}%ia3LQ1\rb(CgqGzyc!Y\"At<qםQ}#AQ=$7atťsG=GASo\0*s\\A7	qU@a*J̡I0USX\rfbs\\,as\0{.W<sf?TJXwUM<EsHGPxE7xK54MҿI9\\m_2J~L\"J3hkO@r(tV!܄dJ:P;ebˬT|*[fkI7~:=X-\\(,=#>hh)ƅW|HR,o/.G,sJFTc<C uFȘƄ*p`cPB^o5lCgFG,񸤫N\\JWրLkno\0~*s\\A7	qULsj2m.z\Zqӥzny\Zn[^+!\nu>D#@&=99A{d9ʆ!HNnS*߇81zJkDpZ=۽uu<PV$3heN\"F\naa:Èe\0,\np{\r2ˏGv[Ij\\`!eˢ&jSDǑL=\\\"	E>4r&;\'|U6VfY4i/j˕f\0=>lX=ThTBsS\ndQ8§Vx5/MpVE璋Da_n]ҝcc.<N7_ŻaĒuDu=(T\\qIo\0\0\0\0\0\0\0\0\0\0\0\0\0\0\0\0\0\0\0\0\0\0\0\0\0\0\0\0\0\0\0\0\0\0\0\0\0\0\0\0\0\0\0\0\0\0\0\0\0\0\0\0\0\0\0\0\0\0\0\0\0\0\0\0\0\0\0\0\0\0\0\0\0\0\0\0\0','91480542.JPG','2016-10-14 17:18:38','2016-10-14 17:18:38'),(71,'yerson','ivan','niño','villamizar',2,'1098716761',NULL,2,NULL,'1991-11-28','call4 numero 9-68','villa nueva','','3013513488','yeivnivi@gmail.com',NULL,'\0*s\\A7	q0U dޱk$6*kJM{8S?1a19%OIoqR_t)\0nJU*X3ExIcVCzn*s\0LqSsc)! Ǩw;GҨ\r+&ykpa\0\0\rMPPxαzJ&<I3l9p.N	*ٖ/«h}>g~Y5r^\"_̜PQroo\0\0*s\\A7	qUC\0J\\dΟ|X+?99Y+T	3Oj~>T{[#ޖnOP{q㉄V>DLMDV-%lTm	mrFrH#\0+N,K]t\\pr4z{T!~ρ;\\fpEhlx.HKk)jH&&k2\n!s<\nj^P08>A-W0&RXрo\0*s\\A7	qU6g:jXĸ;7Vދ%Cg<Em]:賀[X	M`$VG\nZKcࢁOш^&Jo\0u@J#|64/$\\ڴPc2U*EQ/:Ŕ6p[IG%ș,!1!׿m\\ӄ>;\n%((Y\rtxIkKX.Ʒ7\\CiG{Ovʚ4Mٶvqo\0\0*s\\A7	q0Ui$G1-r9kiS6\rǁp0bRP=iLn1iuNP|6qgpЄ\Z[ip+Or\"+d̒*ۣ\0R\r䞬.ݸnnֶRvFݿY!3K?ڒM8`fvp\n)ޢ =SucL,xRED\ZȒ?/|a}Bo\0\0\0\0\0\0\0\0\0\0\0\0\0\0\0\0\0\0\0\0\0\0\0\0\0\0\0\0\0\0\0\0\0\0\0\0\0\0\0\0\0\0\0\0\0\0\0\0\0\0\0\0\0\0\0\0\0\0\0\0\0\0\0\0\0\0\0\0\0\0\0\0\0\0\0\0\0\0\0\0\0\0\0\0\0\0\0\0\0\0\0\0\0\0\0\0\0\0\0\0\0\0\0\0\0\0\0\0\0\0\0\0\0\0\0\0\0\0\0\0\0\0\0\0\0\0\0\0\0\0\0\0\0\0\0\0\0\0\0\0\0\0\0\0\0\0\0\0\0\0\0\0\0\0\0\0\0\0\0\0\0\0\0\0\0\0\0\0\0\0\0\0\0\0\0\0\0\0\0\0\0\0\0\0\0\0\0\0\0\0\0\0\0\0\0\0\0\0\0\0\0\0\0\0\0\0\0\0\0\0\0\0\0\0\0\0\0\0\0\0\0\0\0\0\0\0\0\0\0\0\0\0\0\0\0\0\0\0\0\0\0\0\0\0\0\0\0\0\0\0\0\0\0\0\0\0\0\0\0\0\0\0\0\0\0\0\0\0\0\0\0\0\0\0\0\0\0\0\0\0\0\0\0\0\0\0\0\0\0\0\0\0\0\0\0\0\0\0\0\0\0\0\0\0\0\0\0\0\0\0\0\0\0\0\0\0\0\0\0\0\0\0\0\0\0\0\0\0\0\0\0\0\0\0\0\0\0\0\0\0\0\0\0\0\0\0\0\0\0\0\0\0\0\0\0\0\0\0\0\0\0\0\0\0\0\0\0\0\0\0\0\0\0\0\0\0\0\0\0\0\0\0\0\0\0\0\0\0\0\0\0\0\0\0\0\0\0\0\0\0\0\0\0\0\0\0\0\0\0\0\0\0\0\0\0\0\0\0\0\0\0\0\0\0\0\0\0\0\0\0\0\0\0\0\0\0\0\0\0\0\0\0\0\0\0\0\0\0\0\0\0\0\0\0\0\0\0\0\0\0\0\0\0\0\0\0\0\0\0\0\0\0\0\0\0\0\0\0\0\0\0\0\0\0\0\0\0\0\0\0\0\0\0\0\0\0\0\0\0\0\0\0\0\0\0\0\0\0\0\0\0\0\0\0\0\0\0\0\0\0\0\0\0\0\0\0\0\0\0\0\0\0\0\0\0\0\0\0\0\0\0\0\0\0\0\0\0\0\0\0\0\0\0\0\0\0\0\0\0\0\0\0\0\0\0\0\0\0\0\0\0\0\0\0\0\0\0\0\0\0\0\0','1098716761.JPG','2016-10-15 08:02:52','2016-10-15 08:02:52'),(72,'nataly','andrea','duarte','quintero',2,'1098707014',NULL,1,NULL,'1991-03-29','calle 7 numero 7-46','quintas de guativara','','3167566319','natalyduartequintero@gmail.com',NULL,'\0~*s\\A7	qpU%Ijtb\0)F؄@R8!\"qbbi:шs%Q0wZ.$[\ZyU5qW4Nw!\Zgxso.uN(Q1__痜Vr|%ZxK,ρ*Apsp*o:.%}jg\\<VL9	R%H\\\Z\\(C\0pqȘ!(Th}ǟ\nQ;>$ p&_l*\r=fssȸ;Y7{`T\rCFNDto7	ؔ+~y&yraC3\n\ZK\"em3o\0*s\\A7	qpUihՐu=3_ӿ@-cטLjnM,fOn*0scmdu+r)EGG`{2Ϸq_e~3-QO\n}H0):ou`	Db\"r4q\0}՝F7~ih+eo6uļupAlhM3L$Й:nd$Պ{YMWf=v,;$ƾc3Ҹ\rlcΚlUFɿ#lVP ~f9ԵTr8\0/06Tf$\"TsOBJ8zſ\ZO/ַ\rA2; O;ou	;Qk><>G.ޣPzNo\0c*s\\A7	qU5@%&K\0<Pdcux \0R(>K=KZŵM,eaRQ\rLuy;~ҧ\ZbyX+?<?\rLifY2FlNcP6Q:7SQI\rE+.ۜ\Z)[ {!rUDVѕEʛMӫ%;7e#?pr}[oT\ZU?T#X57Qh9:]PPxւl2B\'լں8lsF3\"g/BPɿ\rtkQ8ݪ\Z÷W,~>tmxo\0~*s\\A7	qpU\rE\'}j.b7f\\a1]>Y=B@;UfG.!+!0YG4T\\-v$DY+V܌ߠa*:vz!l͛bE\"ZeֵO,B|KC0/{~(b2XZ$\'%ГοFکpJq	gL*ԷKf@L&R!a|عb\rƁdy(D{J\">>/^LWJF\\Tf>\\\Z7wQ[r16@\rn#wY!H,U+W{ D,Yrr(9\\9\"t!\nQۜr\nHplro~zo\0\0\0\0\0\0\0\0\0\0\0\0\0\0\0\0\0\0\0\0\0\0\0\0\0\0\0\0\0\0\0\0\0\0\0\0\0\0\0\0\0\0\0\0\0\0\0\0\0\0\0\0\0\0\0\0\0\0\0\0\0\0\0\0\0\0\0\0\0\0\0\0\0\0\0\0\0\0\0\0\0\0\0\0\0\0\0\0\0\0\0\0\0\0\0\0\0\0\0\0\0\0\0\0\0\0\0\0\0','1098707014.JPG','2016-10-15 08:16:04','2016-10-15 08:16:04'),(73,'diego','armando','botero','mendoza',2,'91356840',NULL,2,NULL,'1985-04-15','carrera 19a numero 3a-35 quinta etapa','san cristobal','6559657','3174585542','pzn85@hotmail.com',NULL,'\0*s\\A7	qUߚ<JӨ/\\\'޹\ry6\0w<&\r*dao,eLr&Qm/e1kՄL%pϏ\Z&oC[4_w@s[Sy&WXx4YZzZINidӠ6Lﺥ]\"?%&P+UJ9xGN\ZE1/4uhzH[$,ᑐMJl>5DZNá1[ٵo\0*s\\A7	qU%X(Vjpƕ%-7˨D1~~;Ԇz9*U+}_#B\nn3ϳ0)ךr㕬@if r}F\\^N0gf+2aiP߹9\\W#0{fe{֢lҰ}Y\Z6|Ͼ s_9\n\n}m!Z=\Z`ׯbFga^f4zo\0*s\\A7	qUU,J!^.⪇5oY>k28LWY%k݃K;~Ygk٨9ϣk87{{LZv(lxJ2Dy\0Զb\r0֣<䥞\\l\re5]Vk\"o7-\Z%gFHքWB}~q9wjTY6+ڗCony,ud_8-nz	@.5J\'h씯	Hf^7IO\\mIt|:|R0aV\'/*B?no\0*s\\A7	q0UJNݢ\\apǥ76xVd\'G|ycry{:6XPEt36)S?ιfB=ω\0M:fo.M(w9F}	0iuR`A5խ,xಬ))VwwȰ?zFY׮[/pz +sE+S*j\n	7_zm*`Dـg.G(X)\rk&ur:U\0lo\0\0\0\0\0\0\0\0\0\0\0\0\0\0\0\0\0\0\0\0\0\0\0\0\0\0\0\0\0\0\0\0\0\0\0\0\0\0\0\0\0\0\0\0\0\0\0\0\0\0\0\0\0\0\0\0\0\0\0\0\0\0\0\0\0\0\0\0\0\0\0\0\0\0\0\0\0\0\0\0\0\0\0\0\0\0\0\0\0\0\0\0\0\0\0\0\0\0\0\0\0\0\0\0\0\0\0\0\0\0\0\0\0\0\0\0\0\0\0\0\0\0\0\0\0\0\0\0\0\0\0\0\0\0\0\0\0\0\0\0\0\0\0\0\0\0\0\0\0\0\0\0\0\0\0\0\0\0\0\0\0\0\0\0\0\0\0\0\0\0\0\0\0\0\0\0\0\0\0\0\0\0\0\0\0\0\0\0\0\0\0\0\0\0\0\0\0\0\0\0\0\0\0\0\0\0\0\0\0\0\0\0\0\0\0\0\0\0\0\0\0\0\0\0\0\0\0\0\0\0\0\0\0\0\0\0\0\0\0\0\0\0\0\0\0\0\0\0\0\0\0\0\0\0\0\0\0\0\0\0\0\0\0\0\0\0\0\0\0\0\0\0\0\0\0\0\0\0\0\0\0\0\0\0\0\0\0\0\0\0\0\0\0\0\0\0\0\0\0\0\0\0\0\0\0\0\0\0\0\0\0\0\0\0\0\0\0\0\0\0\0\0\0\0\0\0\0\0\0\0\0\0\0\0\0\0\0\0\0\0\0\0\0\0\0\0\0\0\0\0\0\0\0\0\0\0\0\0\0\0\0\0\0\0\0\0\0\0\0\0\0\0\0\0\0\0\0\0\0\0\0\0\0\0\0\0\0\0\0\0\0\0\0\0\0\0\0\0\0\0\0\0\0\0\0\0\0\0\0\0\0\0\0\0\0\0\0\0\0\0\0\0\0\0\0\0\0\0\0\0\0\0\0\0\0\0\0\0\0\0\0\0\0\0\0\0\0\0\0\0\0\0\0\0\0\0\0\0\0\0\0\0\0\0\0\0\0\0\0\0\0\0\0\0\0\0\0\0\0\0\0\0\0','91356840.JPG','2016-10-19 16:56:11','2016-10-19 16:56:11'),(74,'rosibel','','quintero','geres',2,'28295744',NULL,1,NULL,'1958-08-22','calle 7 numero 7-46','centro','6556672','3167566319','',NULL,'\0*s\\A7	qUYrώ~T⩜	*//QRB<%y\0\06C.5\Zy05:[3}9D\'jFm؆;\0t%;s敉JnWG`J3\Z[g^\'灛!{?n{N?և?l`f3gmYj	0ELʽ/[^c\rٵʠ!YT.ݚ_2@ys0>⾙L\']G\\.Ѭ&Y8*|A½H	3$.Q(~rUlN}9[WAFs|1,bZ$=\\衈Ӣ)ˮz|QYqdpo\0*s\\A7	qpUBb	#8!:: W>Y`>R톇5ߴCҏh+>$%銽 \'F2J\"Qh9%\n{5-\Zڒktgl堈ِ\0\"4\'q<bu}V3t62N~yJIŹh܅#	%=!ˋs_@auJΊaCfh$[CU~X[PQ)W%ʋ]GXl.13\r;qO\'wc^1Aӽ65ԯ\"X[~qqsriK7.00pԾ_[\rW,d>\"My3Q1m4oʑo\0g*s\\A7	qUOs.3\nߟ=W1@25|D$iH2\\ݹN3F.l\\ #x\nA`۹3c\r\rt_i0CC5YN$V\n!_+Epu}m!k삷QD\n=HrbHJmVT&<m@Gm͑Iv:a%gL 1pD-[+hĪؗ;%Ax2T	*ϒSCL~ĂPqU4۲MXYiSҟ2CgQq,[:̋D-/&5[G*o\0*s\\A7	qpU{B%Œ@%NYFH;PD]D$OU;&T.}H&$iDPj)Rnnt=\0%<L6Ѳi<*ŊeЙ@j$.؝\nxydz.L7SVyv޾@aq`)\'7{fM!ۭaC8Rҷ5	JGAWM(9(\"X?\"Oe`OiZ)\rf@rTM١\\{XGIŞ䳂;4O-;z3A\0.ŸƄx)pUNdKN*^O7Y,1Gp&\nT\'m]o\0\0\0\0\0\0\0\0\0\0\0\0\0\0\0\0\0\0\0\0\0\0\0\0\0\0\0\0\0\0\0\0\0\0\0\0\0\0\0\0\0\0\0\0\0\0\0\0\0\0\0\0\0\0\0\0\0\0\0\0\0\0\0\0\0\0\0\0\0\0\0\0\0\0\0\0\0\0\0\0\0\0\0\0\0\0\0\0\0\0\0\0\0\0\0\0\0\0\0','28295744.JPG','2016-10-20 05:54:45','2016-10-20 05:54:45'),(75,'nathalia','paola','muñoz','ramirez',2,'1102379604',NULL,1,NULL,'1996-02-10','manzana b2 casa 13','la rioja','','3167693534','pm2c13@gmail.com',NULL,'\0s*s\\A7	qU,( pcYHDreͨ!\Zs3bv_GaJPͣh\Z>{-<&c*WPtyS\rRբYȾf:OJ\n?q톫^pTYd#7IXh>;_7R]ĥJ%*e2?͹DBH\'\\)d=7hwT̝1~Cz|ȧ,w+w}gA2&xԀG\Zmd9-jpgtc_|^\':BiI7\'a8b\"6+7\n\n_OAaXת!å0iPjuP$o\0m*s\\A7	q0Us,FXdF\Z789\nG\nD$[.x.B՗N(J}m0%ZKW8I<\07fgi?DQ\">A\'97ʦ6o+U.?AV`f#b\rϭl\0&EAHPRMcKUajGy\'rs؋Nۺ8ÎH\\l^YJ¹D	.-lC-(!+;/NXd$fsoߏ$Ĕ隰\'Զ=.TYo\"C,q#A+PMg+wE!qZ-Z t-Nۍ	e+ΗQo\0X*s\\A7	qUo#{ݽab76}h\Z)ć6\"DNnoVugvlW\n,%&YqP~/H&*Ⱦo *YRd)*1;!mtŲs	Bup ĝGRE~?==	Xwۏ0!6\"\ri	q[DeZ#J\'{35h{:8$M-]TR*q0\'	M4Ay^$\n^+􄽂OQ}G;RB*^#=r :L``w>GϜyo\0*s\\A7	qU\rmp#DQW88\rV;jڅkn\'P)@5,woQ2pI%S\n)G鹡}^6su	L˯?(򈔶rW%HA?7uA2$aaB_{Y$;E,oie]ՃBQPYI]7>p+OfC2*w쀍$e=Jkk\r=+>\\ L.־mt=0ghq*(ZNRo(٤\'Xlk,D\'(pbdwsCץF/Aiq J|-(Qr0,?nzo+X5Fo\0\0\0\0\0\0\0\0\0\0\0\0\0\0\0\0\0\0\0\0\0\0\0\0\0\0\0\0\0\0\0\0\0\0\0\0\0\0\0\0\0\0\0\0\0\0\0\0\0\0\0\0\0\0\0\0\0\0\0\0\0\0\0\0\0\0\0\0\0\0\0\0\0\0\0\0\0\0\0\0\0\0\0\0\0\0\0\0\0\0\0\0\0\0\0\0\0\0\0\0\0\0\0\0\0\0\0\0\0\0\0\0\0\0\0\0\0\0\0\0\0\0\0\0\0\0\0\0\0\0\0\0\0\0\0\0\0\0\0\0\0\0\0\0\0\0\0\0','1102379604.JPG','2016-10-21 15:36:31','2016-10-21 15:36:31'),(76,'katherine','','garcia','mendoza',2,'1102367635',NULL,1,NULL,'1991-09-18','bosques de normandia casa dos','seminario san alfonso','6561548','3156714539','',NULL,'\0*s\\A7	qU$`jtYp<D!wW]&m88ʦG}%qaղك#S⭕qeHO^Nq\07hn/X3ªI@q}\0(+#fdmvDDPOAǲ~j*\'`e/66{c1SgPx(U#zogω9ddňޱwyoքP#DdV/;ȑ!%lLQ4zx[ߣ<JБml6n}YG[i=с}V,YMtK!m]<\n&\0b窟\"Xd٢3Gro\0*s\\A7	qpU}}/X~QxY]jH0a9n.tt	tY@i\"{$D#}azdqrxG2DXY`%cbRW)6clÚkfAW\Zɜ)08дFwR5VW[\\ۄ@}ǽ\0dG,\nxk!z4n!,fKK,XRpR8wK-U7Y\\B,M%\'B}}Y%}`\0݇%4CмZGmf-\0[r6r[?d.=RR-È\\x^$:A\nSTkQP~:~i|˼3l4\Zo\0*s\\A7	qUԯ$4­|SJ	?ɥzYRhNS\'f|J2s|btRIpLUFgk[,o+qsfZTF_70l\Z7 iY9|;:A}Tm2ly,\'ݬD!2Uɼ߇-2Y/|<L=J{ٚ۝W|n|jοLfywpϓȸ>eI!̠YUOSfvqi]:!C(HNTn[\nzRQCt:b(i)^\0sǼZ[y+|0;D]r١Nӽϵ|j\0Un)IF1EOo\0*s\\A7	qpUE[]\nF:\"cXӶxWKoU6SϘ	툱t^7%Ð;1O%K<U޶Qe]ňwj<G#|37qP$:ο6niBlxٱ4(\0+(\0P:XcIW\'qd׸HC6^Κ/i^Ul@^A%pJ}P\r;(qXo=<]K)0בB~7y.s	PnT&L\"E2~`_먗ѿgYZ[bIc)9CUhik:\Z|a]uH4Q	 QP\'	W\\l}>p_(o\0\0\0\0\0\0\0\0\0\0\0\0\0\0\0\0\0\0\0\0\0\0\0\0\0\0\0\0\0\0\0\0\0\0\0\0\0\0\0\0\0\0\0\0\0\0\0\0\0\0\0\0\0\0\0\0\0\0\0\0\0\0\0\0\0\0\0\0\0\0\0\0\0\0\0\0','1102367635.JPG','2016-10-24 16:21:22','2016-10-24 16:21:22'),(77,'xiomara','','jaimes','rodriguez',2,'1095795117',NULL,1,NULL,'1988-03-13','calle 7 numero 10-16','san rafael','6540511','3154557542','xiomarajaimesr@hotmail.com',NULL,'\0*s\\A7	q0UU>6y:M5v޳_\Z @Uc}lVWg_#QߎԿB\nQDRT^;ok|Fq-ۆ8~ca3@ЂL/?itQ9U`F`v?\ZX=\\_-_ FTfRR:z8{2u$zOFRxKNIpز	-}o_/\0;z|#q2Ŕbj}GJ8	<1\";*g-YDAV~MyhBւċ{(kʈ>|ir\n$,@7EaNW2ؓo\0V*s\\A7	qpUO8N<@\"˗,t`\r̘-Go6;b6Ywl\n^HJA7Jt$8u>zS㈉3ե_G&Kc_X5~r6w7|8/@\\@i,42IP3dV\0dhvW~=\\}cXY+({}cM]u;2$T0Eכ0aYW\r\"V0z~U#|x]\"a[a:G/pɎ\\FrP|ɸb\nq0ktwJY\"no\0L*s\\A7	qUᕊAc$UZ^Ez[9s\n=YL~m0rOkoMj?Շ,Nm47px1y(pߠvi\\!WBqi?G5Uu?XL!j\0򥘯ׅձH4QVwwӘ\'	h\Z+,D!@ԅMv_$IpG;VSօEor8¥P4eO^/R\nl	\\!=)-4@d,:2&^S!ֺ=)7.X*6߭/קKS1Te7DvMo\0*s\\A7	q0Udk=pCF+m!<|OUrn.g\0PH+ƽCRJ\'K\Z7q6WN@1/5\\)ݪ{	,+Fh/gpuyu/niш:k+ϼ6)-Ya[{B~p5k.Djgz\0![ iv.{,FVn0\0AW\"ڲ(̯;C#?trV\"	/o;ݪ&qOWƞ ]ks<]Vb#/z\Z+W9Pf`:ivx0Hcр/@FĮ=a?S~3YLצm;WՎËlifDwǲo\0\0\0\0\0\0\0\0\0\0\0\0\0\0\0\0\0\0\0\0\0\0\0\0\0\0\0\0\0\0\0\0\0\0\0\0\0\0\0\0\0\0\0\0\0\0\0\0\0\0\0\0\0\0\0\0\0\0\0\0\0\0\0\0\0\0\0\0\0\0\0\0\0\0\0\0\0\0\0\0\0\0\0\0\0\0\0\0\0\0\0\0\0\0\0\0\0\0\0\0\0\0\0\0\0\0\0\0\0\0\0\0\0\0\0\0\0\0\0\0\0\0\0\0\0\0\0\0\0\0\0\0\0\0\0\0\0\0\0\0\0\0\0\0\0\0\0\0\0\0\0\0\0\0\0\0\0\0\0\0\0\0\0\0\0\0\0\0\0\0\0\0','1095795117.JPG','2016-10-25 19:27:38','2016-10-25 19:27:38'),(78,'yaneth','','jaimes','niño',2,'63447706',NULL,1,NULL,'1973-11-24','conjunto villa sofia casa 10 manzada d','divino niño','6652629','3173729760','yanette55@hotmail.com',NULL,'\0+*s\\A7	q0Ur TIO_ڝyRIFcxv5x˘KmC@5k\'<?l߼OVD73	wtFR)4t	qi2%О\0E,bӠ:~]qFNi-Y:fekum@eA`uv@SbhƮ=<6\\\ZUwVTl[WMFICN0RP;D޽n̛1Jη?_u:5?UrڿOx\rۻ\r*O;;D2	3U漾0Cwo\0#*s\\A7	qUԬM8+*`scV,첖w(<t#gsbd{>Tk~򭨺M*l$i[w/gl%rR]?YH{Bb//KA\rQdﬡNPnK&byfxLIr^xO>9	YQ}Yɝcg/㝽73K|Q$$Aઐ7查eWLmt`\Z]H[ĢJӷ\\鱈>Y8%xğo\0*s\\A7	qpU~^e@\Zuz͇E7}-K.ȡAߝ5T^[6 W~_`Bs_.w&y᝗nYrzebv57Yak-`)\0[8l%-{EqAfw,j-pݣs!zVӇpIy~pgufD-\"6\\yNDE׽3S @\"geo\0%*s\\A7	qUbčå	)9Y9ё/ֶ\'#3ՓΊKGX[%M`e0A%	;Ҩ\n`sK}i^#(鹚Pr܂t[9t\rgxpzOwR(9yf{mvZ2=-5KU Eq+Vh@?{ݗԋp쏕/ئX9V\'OzJsLg蕘=E_qY`PcV@¼`R+&n/;\0.o\0\0\0\0\0\0\0\0\0\0\0\0\0\0\0\0\0\0\0\0\0\0\0\0\0\0\0\0\0\0\0\0\0\0\0\0\0\0\0\0\0\0\0\0\0\0\0\0\0\0\0\0\0\0\0\0\0\0\0\0\0\0\0\0\0\0\0\0\0\0\0\0\0\0\0\0\0\0\0\0\0\0\0\0\0\0\0\0\0\0\0\0\0\0\0\0\0\0\0\0\0\0\0\0\0\0\0\0\0\0\0\0\0\0\0\0\0\0\0\0\0\0\0\0\0\0\0\0\0\0\0\0\0\0\0\0\0\0\0\0\0\0\0\0\0\0\0\0\0\0\0\0\0\0\0\0\0\0\0\0\0\0\0\0\0\0\0\0\0\0\0\0\0\0\0\0\0\0\0\0\0\0\0\0\0\0\0\0\0\0\0\0\0\0\0\0\0\0\0\0\0\0\0\0\0\0\0\0\0\0\0\0\0\0\0\0\0\0\0\0\0\0\0\0\0\0\0\0\0\0\0\0\0\0\0\0\0\0\0\0\0\0\0\0\0\0\0\0\0\0\0\0\0\0\0\0\0\0\0\0\0\0\0\0\0\0\0\0\0\0\0\0\0\0\0\0\0\0\0\0\0\0\0\0\0\0\0\0\0\0\0\0\0\0\0\0\0\0\0\0\0\0\0\0\0\0\0\0\0\0\0\0\0\0\0\0\0\0\0\0\0\0\0\0\0\0\0\0\0\0\0\0\0\0\0\0\0\0\0\0\0\0\0\0\0\0\0\0\0\0\0\0\0\0\0\0\0\0\0\0\0\0\0\0\0\0\0\0\0\0\0\0\0\0\0\0\0\0\0\0\0\0\0\0\0\0\0\0\0\0\0\0\0\0\0\0\0\0\0\0\0\0\0\0\0\0\0\0\0\0\0\0\0\0\0\0\0\0\0\0\0\0\0\0\0\0\0\0\0\0\0\0\0\0\0\0\0\0\0\0\0\0\0\0\0\0\0\0\0\0\0\0\0\0\0','63447706.JPG','2016-10-31 19:25:53','2016-10-31 19:25:53'),(79,'carlos','alberto','rueda','acela',2,'91157505',NULL,2,NULL,'1977-02-03','calle 19a numero 8-63','la colina','6653289','3113735736','carlozrueda@gmail.com',NULL,'\0*s\\A7	qU\0G`%Rnt޺01\'sV?̔9yH0	-$Am.oO2ؒDg>owA|m/vTd\"K䟮&/:G\r<ɗcHŝ\0P-brC76_W?kΫ3h_.KC\0VP0N*󜣥L:eLƔ|bs *obF﵂l6\0cX#!\"\0j҄d:דfُv4*%9,()\\\nX`T\r룫ڠjcfAH&el1)\0@%Pb쿚<`٥]#o\0~*s\\A7	qU9^/%YCVPg\"@k\r}=!8q=wp܆=Ar3#2d\"]ȭ\0DcAb`N+o+3PoºM#9N)Oxg}òahfӳ HSDdi7&K- \05vNh|P;)nF:^S\\틗uJL<KW\"R<4W FGrZ~$Mb(/_^T\"uth(G3h&Ucl2\r\Z	DJS[fv|GHܵQ\0b.U-Kw{	@%m,gފ\'Zxo\0*s\\A7	qUw:et>0 }#)ߑIÎ?!y]GR(2p]en0*WaO8o0Xx_蜅v~-QL%t|b.]|ޢ?DCh\ri=|U-Đ;|.\0=u(gƚν>}~JЭgž$\06Rƛ*~Ov{w1Ib\'/m~uMZtl<Kk{珋|DQpU<!Ck1ȰmVHl.6YĐn~\n0tb֏O^a`pg7E3g&3bܠKsB=\rK\Z@3OJ44o\0*s\\A7	qU܍$<YeC\n,ʩݨ:bPY|RGM2B먌Ceܦ}BP@\"dz7YB\rV)Fx/el}2&e1FbGsׁk(Y{UL> RpO5qIF~h`	HVYewHWX^[(CTT\\w՗0V޿Ն5CwIBq\Z(%\0NPcRvo\ZTвдE(A6EaNR~/QC|+ $Xb/DE)+_Ce5\Z΃uo|5Y*G9$+\r,xJ0a!g(5_!beIo\0\0\0\0\0\0\0\0\0\0\0\0\0\0\0\0\0\0\0\0\0\0\0\0\0\0\0\0\0\0\0\0\0\0\0\0\0\0\0\0\0\0\0\0\0\0\0\0\0\0\0\0\0\0\0\0\0\0\0\0\0\0\0\0\0\0\0\0\0\0\0\0\0\0\0\0\0','91157505.JPG','2016-11-01 05:06:11','2016-11-14 11:25:54'),(80,'edwin','mauricio','riatiga','sanchez',2,'1098781582',NULL,2,NULL,'1996-02-04','calle 1n numero 1w-28','el refujio','6653515','3165780203','edwinmaors@gmail.com',NULL,'\03*s\\A7	qUxTZs\rSAI#;($Um:?^I3L3tPq\'WHWO!=\\r{tΨԚ+B9\'>+{(V[$@TU|@hHEd^B¡ZXeUATb%quPݶ-#;r(Z7P2X72{ewY MG>ʠH^	+wU\0}AώzU$Es`*/L|a^_ 5us3w\nV\rX&w̅o\0**s\\A7	qpUa\nB#FJ\rP7|{Ŏ(vY(!R\rU,،,BÃAZJ΄~#3a-1Yj%16=( *\"8\rB4z`,Ƣ)4?P|@\0Xi&o;LQ4#C]^TgUvYddDIEtXb֨7idCa{3#Տ+aAk	aXnN67r\'M\"Ũ޲6Y6Io\04*s\\A7	q0U`C/gw9[|u|]㶮W5ՀKW8]pՒ5t;6 ڂ\"_jbQQ\r9,3_o2Md[pQxسQw~A!N/^@ilO$fTb5޽4qmU}P9:07(wC굃6<0^N@yoC8\n6Τc&hPLЁfʸJzB1LzfZ$Xq&g4>;3 Wդ:x(~!ب+|m7٤@o\0D*s\\A7	q0UeI:@S{c	́%U7	/fo&qۃoXj<C_̔OoAPMZ7f8|7qkBʹZ5}k7R1\'I\r-Ӫ`;i!p3B!]0PY8*{qW򀖺:fyJN96MT˄ \\\Z$HTs\'Mn,$.Rv8vM.l@+دd\"{H	,gGZ[Z(ġq](* ۅ\Z\'AXAo\0\0\0\0\0\0\0\0\0\0\0\0\0\0\0\0\0\0\0\0\0\0\0\0\0\0\0\0\0\0\0\0\0\0\0\0\0\0\0\0\0\0\0\0\0\0\0\0\0\0\0\0\0\0\0\0\0\0\0\0\0\0\0\0\0\0\0\0\0\0\0\0\0\0\0\0\0\0\0\0\0\0\0\0\0\0\0\0\0\0\0\0\0\0\0\0\0\0\0\0\0\0\0\0\0\0\0\0\0\0\0\0\0\0\0\0\0\0\0\0\0\0\0\0\0\0\0\0\0\0\0\0\0\0\0\0\0\0\0\0\0\0\0\0\0\0\0\0\0\0\0\0\0\0\0\0\0\0\0\0\0\0\0\0\0\0\0\0\0\0\0\0\0\0\0\0\0\0\0\0\0\0\0\0\0\0\0\0\0\0\0\0\0\0\0\0\0\0\0\0\0\0\0\0\0\0\0\0\0\0\0\0\0\0\0\0\0\0\0\0\0\0\0\0\0\0\0\0\0\0\0\0\0\0\0\0\0\0\0\0\0\0\0\0\0\0\0\0\0\0\0\0\0\0\0\0\0\0\0\0\0\0\0\0\0\0\0\0\0\0\0\0\0\0\0\0\0\0\0\0\0\0\0\0\0\0\0\0\0\0\0\0\0\0\0\0\0\0\0\0\0\0\0\0\0\0\0\0\0\0\0\0\0\0\0\0\0\0\0\0\0\0\0\0\0\0\0\0\0\0\0\0\0\0\0\0\0\0\0\0\0\0\0\0\0\0\0\0\0\0\0\0\0\0\0\0\0\0\0\0\0\0\0\0\0\0\0\0\0\0\0\0\0\0\0','1098781582.JPG','2016-11-01 06:50:27','2016-12-01 19:00:31'),(81,'paola','','ortiz','ramirez',2,'1102374212',NULL,1,NULL,'1994-06-24','call1 manzana y casa 510','cataluña','','3125274585','',NULL,'\0|*s\\A7	qpUꍋܝ𛄴<0\".6L;HW$٩z SMS\n׋lK^`TyA=TP`W.Vn:=įI2d7עh)\'p݆+2^+22o-xp$E:s-tkypXsY|ڬ.M;=QSX:-N9WZ5AmB)Uhh14~t\0D0}jm7\0C靫CsXlCұ<\'WuR\'_)\nxD`qULطy|Xw\0^2;2mwذBىSzBoͺHho\0*s\\A7	qUQ܏ѯ$`r3i\Zm0e˃s>3Aew,UA	pt(y%o\n>Fލ5r¿&LrtJbSi=B{U.,f&	mab;]:92qFԢEIA$ZSun,q*\nFtFn0\nXAl=C~#Ƹ0\r8J<͙&G3wE+:\"y^r#:sO=/ę*nׯ9)QqJ]>Dq/\'8\r^L|{:yLzjwsWd=FKb[{ºQ}E\no\0~*s\\A7	q0Uexc,p`9X)SW1㞎4N4j0EV_Z4΄0ב;u\nzG7Ej\r(rpk?*@올	z;rL9=\'FoR?Ge,ލ)[UY1?ڑ*N\ZLH3ypu+}A!qVk͊L	@1b,JHLwoyKIQX+%A@T~<y\'9a7mn\'p-I\"MEd\\djbC@q4M̆2bSsyi|r#_bRh853iJ#۬o\0*s\\A7	q0UNfsC7 Xvp\r>=Bsu\rt>oǧMŊ\'P_ $`}^t>>:*uɳ`lsѫgnz%ƫ%?lF><]A]ϖڞGr}au\Z66a]eکfY\rBo,kby[%Mr.iprYuD_U^%>1339Xp~/\0\Z0^e*9id=Glyd3[[Ew L[K=ua?=MR+\\sH}XW	>q\0f$Ae\rv۞[M\"cҪ\nT$o\0\0\0\0\0\0\0\0\0\0\0\0\0\0\0\0\0\0\0\0\0\0\0\0\0\0\0\0\0\0\0\0\0\0\0\0\0\0\0\0\0\0\0\0\0\0\0\0\0\0\0\0\0\0\0\0\0\0\0\0\0\0\0\0\0\0\0\0\0\0\0\0\0\0\0\0\0\0\0\0\0\0','1102374212.JPG','2016-11-01 16:33:17','2016-11-01 16:33:17'),(82,'maria','alejandra','rueda','acela',1,'99062004599',NULL,1,NULL,'1999-06-20','carrera 19a numero 8-16','la colina','6653289','3','alejax_234@hotmail.com',NULL,'\0X*s\\A7	qpU^M[٨AvrJK0Ӟ( nFd& f`7yU,z	gDXn0 }kJ~Ղ<qW_R~*H*8poj}+ߴ?ec^5tj{*fG<w4<k72(a1\'TGC.ĽᜟNJQo|K;*T-lB#,>!ӟ@GAE⒪K)\n;V#`F)T<Bl)*0v[\'o[U<\n\r-\\%\\3zNyE%bm[o\0{*s\\A7	q0U^PFpm:SF?66ӡ+\n;jWmh\Z2v)od4OesY%+XG3Xn9&1wJث(\0c\0P=IoT]LV8⯭pvئ6!ޠXrc\"i%X\'=Kn{{xV!S`.fW]|1.&ulxSM?ImJtbpȺp\nmz:8g`B/Ф%vVPgƦvEڐڕ\ria7^ |&U=a*?vܯNX11@ܜ\n/1)ŖY%[sfo\0~*s\\A7	qpU}ⁿ[)wK=;̰kѲ	c|-u\rAk 6$p$:S-\\i>>K.OS6e19~n7f3(Z\ZiPz\0w0`>Gb~R;\rzp}{Z~>UR!!\Z_!*l~QzXhJp(%RzL9^.\\^@8\Z)\rz6mV^>qk@\nzx1t\0Tˈy1hx!-\ny=vL+*Oq2y+GJ( I=jBjZo\00*s\\A7	qUk#9\'R3\\l%EGF_8$if4w+iTQFcg욞uyٚk}[#k=	5o !ieI&n$<MT9Űp#|yC,6<|o˯~cεD&WE[i18xvNh1OR>k<0?#j4BI6@\n<Fx8ːmMGtNgM)Onbg1}ۮo\0\0\0\0\0\0\0\0\0\0\0\0\0\0\0\0\0\0\0\0\0\0\0\0\0\0\0\0\0\0\0\0\0\0\0\0\0\0\0\0\0\0\0\0\0\0\0\0\0\0\0\0\0\0\0\0\0\0\0\0\0\0\0\0\0\0\0\0\0\0\0\0\0\0\0\0\0\0\0\0\0\0\0\0\0\0\0\0\0\0\0\0\0\0\0\0\0\0\0\0\0\0\0\0\0\0\0\0\0\0\0\0\0\0\0\0\0\0\0\0\0\0\0\0\0\0\0\0\0\0\0\0\0\0\0\0\0\0\0\0\0\0\0\0\0\0\0\0\0\0\0\0\0\0\0\0\0\0\0\0\0\0\0\0\0\0\0\0\0\0\0\0\0\0\0\0\0\0\0\0\0\0\0\0\0\0\0\0\0\0\0\0\0\0\0\0\0\0\0\0\0\0\0','99062004599.JPG','2016-11-07 08:59:38','2016-12-15 21:15:14'),(83,'yedinson','martin','marin','tirado',2,'1102358199',NULL,2,NULL,'1987-08-12','manzana 7 casa 1','portal de santillana','','3005754747','yedinsonmmt@gmail.com',NULL,'\0*s\\A7	qUeЦV	/hfF4),	n澕H&=H8)lhR٨u@ѨILzҎZA9\nTnmY0-O$!_Nde?\'.)S!o4,b*b|\nn:V_+xZNEv&$}Mz$\"aeaA$z/&ΩJC{wug\rwJm^gciPP8R-~V\\;?>&`Ki2GOX(n4@?1Ұyo]Pp]M̚_=1(î *gPߊ!9E	vZ3o\0*s\\A7	q0U!Oy\\Eg9jxǯ;[LE+R,,/o Se89=\"C&ʌ	r#)L^iol\ZmD]o&[/4vgg)2fB\'Eg[>	Lt+[btcoJ^\'84ZS\\u\"\"\"MȞ,ʫfT5kE#<툜tgڀB\n!G\0QўxkjbV\'iFG_w;LE?o4\r=c77hAL-pO!o\ZﭜkFal$tUM{}Yo\0*s\\A7	qU.p`@ƭ*v_gDP^.n.DPHt\rnpHo[y,s@>tF7dYA꫊ǯC\'ʪ*\0/\0fg\"w<O%K=fP7<>cxf\\$\\:X=Ш+7t	*..$RS\nf	*BP#5ozE.E\",0Mn6WUsP`Ƕ\\WQ[j\r8!aF\n;ⴖI#z\r*1gu.ZBf_O95W;s/nFu\Z^!`6V@^rG&i)g2o\0*s\\A7	q0U	9DfC[<ث݁y,L99.C4\n\0C(~g)Bvژ}q$O)yJ|̍]6L`vMӼ6:vL\"\0j2Ї	e܋SB\rX^VύqlNܹۮUJӪH_@sTcl\Z\0?`)fpy\0]q5d\'ss-G?K/:u?W+R$csKDǩ3xwBJ˹Kkh7P?N%\"٩Y1eC99(v`tZ#yLqm\Z|f~5Day?whucf_GbLbZh8Qtՙ|bo\0\0\0\0\0\0\0\0\0\0\0\0\0\0\0\0\0\0\0\0\0\0\0\0\0\0\0\0\0\0\0\0\0\0\0\0\0\0\0\0\0\0\0\0\0\0\0\0\0\0\0\0\0\0\0\0\0\0\0\0\0\0\0\0\0\0\0\0\0\0\0\0\0\0\0\0','1102358199.JPG','2016-11-07 09:54:06','2016-11-15 15:42:35'),(84,'yuly','andrea','ferreira','almeida',2,'1102349323',NULL,1,NULL,'1986-04-23','carrera 2 numero 20-50 torre 14 apto 1055','paseo real 2','6652116','3208325123','andry66_04@hotmail.com',NULL,'\09*s\\A7	q0Uнo;$6k*C\riYdS^nQ7Eӻbf^\Z#+[%ir~܆A/Mk<Ij)JW`x6bhKX5ۂz[P?W8uu4<4\"Ǜv<Y1Ӛy|jY#s;ΔGj\r+ňM P8T\"yT:o3PR(\'L8AD\\ɵn\rtV<e_bszc- xo\0U*s\\A7	q0U:t\"ȍ\r骲UbC(<\0m\"l/q0}̣?Cm,hsp\Z7as?G[fdyG}$Z#PנSSY,&R@JTtwBd黷CeG&6_Vc$̲tɚ_&dIC[mI{?K`AF@5pkӁKd&}^ک%8|?]~6>˞\\Zbt.$MW/\"7ꅔ(w.o\0:*s\\A7	qUj,mF;g\'𪞑qcكL**lVGCl>fȼϩoa4\rqy2*.95.ª*SB-*PghP~@y-NJfDnU?%o8FI\ZY܅>JR4\"Ҙx=F1yY#,)m0Ām\nEلNBF\'\ZW^\nVƬ\'L\"S3_A\\I?\Zu(CG*X})<PvbGBJT\'o\01*s\\A7	qUVgj씦a~#Sll^8idybJ\r8?r|ȴr9TDݮX		\n[f[9DeCE,&YaBkHWh\n^WGR%\Zն=f8t5J/U%H;;/U]\"!GlľT~j ua}:ٸ^Orh;_݄ϳ}mbe%7-Vm6%]MZa@6øqo\0\0\0\0\0\0\0\0\0\0\0\0\0\0\0\0\0\0\0\0\0\0\0\0\0\0\0\0\0\0\0\0\0\0\0\0\0\0\0\0\0\0\0\0\0\0\0\0\0\0\0\0\0\0\0\0\0\0\0\0\0\0\0\0\0\0\0\0\0\0\0\0\0\0\0\0\0\0\0\0\0\0\0\0\0\0\0\0\0\0\0\0\0\0\0\0\0\0\0\0\0\0\0\0\0\0\0\0\0\0\0\0\0\0\0\0\0\0\0\0\0\0\0\0\0\0\0\0\0\0\0\0\0\0\0\0\0\0\0\0\0\0\0\0\0\0\0\0\0\0\0\0\0\0\0\0\0\0\0\0\0\0\0\0\0\0\0\0\0\0\0\0\0\0\0\0\0\0\0\0\0\0\0\0\0\0\0\0\0\0\0\0\0\0\0\0\0\0\0\0\0\0\0\0\0\0\0\0\0\0\0\0\0\0\0\0\0\0\0\0\0\0\0\0\0\0\0\0\0\0\0\0\0\0\0\0\0\0\0\0\0\0\0\0\0\0\0\0\0\0\0\0\0\0\0\0\0\0\0\0\0\0\0\0\0\0\0\0\0\0\0\0\0\0\0\0\0\0\0\0\0\0\0\0\0\0\0\0\0\0\0\0\0\0\0\0\0\0\0\0\0\0\0\0\0\0\0\0\0\0\0\0\0\0\0\0\0\0\0\0\0\0\0\0\0\0\0\0\0\0\0\0\0\0\0\0\0\0\0','1102349323.JPG','2016-11-08 19:26:54','2017-01-21 07:25:36'),(85,'diane','','malagon','pavon',2,'63537784',NULL,1,NULL,'1983-01-30','carrera 29-155 84','floridablanca','','3164939233','dianemalagon@hotmail.com',NULL,'\0~*s\\A7	qpUO`SG}*8^(LqToRWf*$ŕ$I\'V&0Qj-P9bl>q2*?\"h.b\Z.ތ%;E`D$ϒncKEQ)m6XNs\0gg4jETC8gTOzmlX`h\\P`	Fv\\a^vq{pay|l8q)!k*|4v\0K\rѸ{D}ǣu(JP@\nW,ia+\nZj~q0C`<;3c\"$ugg;S+9o\0*s\\A7	qUM0˝6\\0 ؃T^9	D࿰.[KFWe0ߙņ\Z>s?lfw5K	u=XhTF> {n̍|+\'\'.E`/\nD0wWק$_ /RBqFWE!2XfwTSa>J˖Xyʪ\nzzǨ7(U~E@Ŗao?2<@/fwvcOKn#Q}:r\\[ua*:>½V+hS\"AB|k6պY$P4ssԋBܑ}8tDe=y4\nz=\rvYFRCn{\0y8\ZQio\0~*s\\A7	qpUw\nRb.f\\aAKŌO`!\\+F!e,\\Is5{(QtK6ێoEk2Ϗb\Z=2( Ґ.ֻ#რO\"t~{ci!b9ˠĂXRaiCcvb6<yZ7߬ɠ?HVG椲\0+a\0iVrrV-0.\ZnuVP}987arv܉l*]R_\"4`Lٳ\"w+w\Za׽ryP/S,҂(~db_P,LemYQn\"Af0\"K_;В<` %2&$[VW^\0o\0*s\\A7	qpUа4%)PhwNY~<yGArhfz7F\rvFR0?iX@;;(M2#!T}vQ_?U72`cn~:5Ir;h8\"OAo] N3X<\n\0W45rgR\n!/oJ\r\0^\nGT$YUI-HlV!EoApo\01B:Cq~4H]ª;e`܊c#@\0a%_:Ja~.Y||_SۄPP_آ!{2ݛ\Z[B|8xe,ā)jYOdxQ(o\0\0\0\0\0\0\0\0\0\0\0\0\0\0\0\0\0\0\0\0\0\0\0\0\0\0\0\0\0\0\0\0\0\0\0\0\0\0\0\0\0\0\0\0\0\0\0\0\0\0\0\0\0\0\0\0\0\0\0\0\0\0\0\0\0\0\0\0\0\0\0\0\0\0\0\0\0\0\0\0','63537784.JPG','2016-11-10 18:19:06','2016-11-17 17:37:08'),(86,'jorge','','duarte','pavon',2,'91352050',NULL,2,NULL,'1980-05-30','transversal 11 numero 12-17','nueva candelaria','6559728','3173454887','',NULL,'\0*s\\A7	q0Uxί06	#7$WEњ\\V& Z\0=s[6F}1金2L-y!GlmيVEl鰟QOWdrLfJ@j5\0W~4@hBaxgzϬDQ$u#BO籤2s2vf>\nc\nȕb%Q!R3~%L}^޼>%43 lv@wa.PNba5Oql6$\0SAv<ѹ$o!.ko?px]\0!QA.dPSCs&H\\0%C+N͑r\\Le#	py#c&`5&je\0leo\0*s\\A7	qpU<R=}_UwP\nVlZN<}\"-{r_|[ʾO7^m_,%:視<\'؍rtYuBD?Yi0FCeE2aSY\"|9r#V\0SC!\\RP<bO^vKn+8Ic9i?x{S.%p&+N+D\"P|_Br;W =L{TM\'%#2D\\gì??՛$d	\ra$@|?*J\naѹIRJOSūm^FWg&o2.LpXjGo\0*s\\A7	q0U\"ׯ]nDFgBr\Zӄ9J4ckYdDՐsnfr\\51ot^L|\Zd q?`PxҨY֡K)J\0f^Y õq	C\rKƦ$i_\Z^]?@ˆm4#_GdH(u;Py(O\r@LcMt)H903\"T8A27No9l`XYB3t\r{ُ3iDen@E:h\'\"J0!lbjXP<V <]7\\QO{T)!||йLb+Ɓ	&F\"5j^0}IQ6i]?Lo\0*s\\A7	qUR\'iߪ\0qzJVZUm&\'\\oJ=hsoDKtΧ#!Mآ,Eo\nFM%?nnaU\rJR\\\\#\ZE{T#BZQYl.ekT)mLwӔ__DF8ΤTtwrz0wTM*5Qmtw۳(W F8\"ƾ_Ϛ`8@hc;8\Z%!0!YBu<@u[\Z,LPeeķl+\\C[ZJ\"O+$v6Q3;l!9UR?vyWe!ܧnПܿ˼xo\0\0\0\0\0\0\0\0\0\0\0\0\0\0\0\0\0\0\0\0\0\0\0\0\0\0\0\0\0\0\0\0\0\0\0\0\0\0\0\0\0\0\0\0\0\0\0\0\0\0\0\0\0\0\0\0\0\0\0\0\0\0\0\0\0\0\0\0\0\0\0\0\0\0\0\0\0\0\0','91352050.JPG','2016-11-10 18:21:11','2016-11-17 17:37:47'),(87,'jhon','edinson','lopez','sierra',2,'1098784223',NULL,2,NULL,'1996-04-18','carrera 11 numero 6-83','san rafael','6540283','3107633707','jhone_40@hotmail.com',NULL,'\0*s\\A7	qU3\\+s\"N5i<墄H7OIt~(3^cHc:oy{5+5N5bAnk@s2|3$O9vԼ\nRۅ9.sca_Yu#;\0 d̷YhAtxeV%=kwU5``(`lJN\'\"b1AT4ϪH\Z2$K{1L2_KrqDJ>hMAc-}XFtjAK $~Y\\fo=AiaQ$[d _Oވ\\s)E;.[úcc -}[Z-<o|fDf$7 1=@o\0*s\\A7	qUoouӷrn\'T2_/kiC7RGèbKPiWX|Ӡ⹶(}	6C9$GRrvQp4?Q{VX>~]Ӊ?b\Z5XKg͹{VPD!cs;4>FG/l)*>uv]Vb@0Bq	Șc\0΁\r{͂nrZ.àќARj9\n⒍DucNhLn5Ro_\r|ET2Ut,sdݾ*Uj1A[vJP!\Z3O\nx;L)B_$\Z#r\rJo\0*s\\A7	qpU:;G(L+&Iѽtn͑Ը|79 1_v9r.PEۈO>J똬\' \ZS!	u\'MQ\"8+߫M´jg\":}\\<;\nU{C\nj+Ѕ_ciU`K^0ـ\"Vԩe_	\\R#S+/*{\":@z}o{rg\"l*=>񸞉]x.j7Ss:!q+mhDZnK{ԧt\rӥe&gNc3ANVoZz0R\ZJV4o\0*s\\A7	q0UoKѶڔ\ZM֨]%veN\\?j@2ݚԓ$ei4a-ƭhFn1IBBGUgj4FmBjc@:Or^43.BH4pB}\nߎ3TzB0 	ԿdE+d\r`<-EeS)MGj~GIO$)\0|1ӡNϱñXuFNz@[RoynRmrê!/3`ȷuJs!B%n\'v+RpZP+(Rz7A[nI}|IHEAG.H\\.B#52eMe;:o\0\0\0\0\0\0\0\0\0\0\0\0\0\0\0\0\0\0\0\0\0\0\0\0\0\0\0\0\0\0\0\0\0\0\0\0\0\0\0\0\0\0\0\0\0\0\0\0\0\0\0\0\0\0\0\0\0\0\0\0\0\0\0\0\0\0\0\0\0\0\0\0\0\0\0\0','1098784223.JPG','2016-11-11 20:21:52','2016-11-11 20:21:52'),(88,'omar ','alberto','serrano','camacho',1,'99092118564',NULL,2,NULL,'1999-09-21','carrera 6a numero 12-80','la candelaria','6650671','3115045416','omarserranocamacho@gmail.com',NULL,'\0B*s\\A7	qpUeY.`ȂUynh\\ݤcրӘCiu-9PMw՞SX)-Mެn:Yukng&H&zJefM	H`6䘮q\\Tto,罹;yfOf<8D\rp߂,3-yJ4ӗ{/(7/p\nXCmnrloY#w@J\\/=䶀;t[ds_#yLj\"K׭UQGf/t8A0wۻk#*W*RBo\0*s\\A7	qU_[;ȣݵQ1*@@+HVgXDګecұA`1$`E4\"|-S&ÙvObYOʇ<{k6y9\nuϬM_.aֿ\0ML/m6V_7ʶ6\\fCt><$IhOǂo@gGкMYmXu	z0\n/>GCX>מd% -K5#	WQILMfTY(;W|\':`G@:_Iv>\'Z	xuĦEag?-C>sޠ\no<Ǔz5\\\\i˗GlՉneZz\\JmYbXo\0E*s\\A7	qUk2E0Uv&;wd*G8#2Mi#5[VףXdBY	i22S$[P.;S)%\ny冔yx%!PhEX~4Ҵ㆞w$B\'`m|QT*kdd\0xь-\'5+&{-3yз9Q\'x{׋osv>)2;e\roZD)\ZZqXBE+t4vtkӴotTwDNjo<|Wcm}d`\nK*ز|]o\0*s\\A:6y\r\05)4:a驉ta>sW%LQ	#:Y۹a6G\"WJ:équK1i%[1ivmI)M/0L(&DlCkH,$Buo5FJb&;SS3޶&CkW8gPe\\MjH~PC!a,-yy4:`;B b=`lz(lclA$gKlكt7Ym֨,ĸE<_t^dK%pa+.ǵ64\'X8e.(qI]tt0QAhNj2>>U2!\0Go\0\0\0\0\0\0\0\0\0\0\0\0\0\0\0\0\0\0\0\0\0\0\0\0\0\0\0\0\0\0\0\0\0\0\0\0\0\0\0\0\0\0\0\0\0\0\0\0\0\0\0\0\0\0\0\0\0\0\0\0\0\0\0\0\0\0\0\0\0\0\0\0\0\0\0\0\0\0\0\0\0\0\0\0\0\0\0\0\0\0\0\0\0\0\0\0\0\0\0\0\0\0\0\0\0\0\0\0\0\0\0\0\0\0\0\0\0\0\0\0\0\0\0\0\0\0\0\0\0\0\0\0\0\0\0\0\0\0\0\0\0\0\0\0\0\0\0\0\0\0\0\0\0\0\0\0\0\0\0\0\0\0\0\0\0\0\0\0\0\0\0\0\0\0\0\0\0\0\0\0\0\0\0\0\0\0\0\0\0\0\0\0\0\0\0\0\0\0\0','99092118564.JPG','2016-11-15 19:04:33','2016-11-15 19:04:33'),(89,'amparo','','correa','mejia',2,'28297700',NULL,1,NULL,'1954-09-04','calle 7 numero 11-08 piso 3','barrio san rafael','6552862','3107982168','',NULL,'\0*s\\A7	qUYI19\nqx8Z֯ {B9ڧ]݀<unOSP\r\nNҌT45GU\0\"Q/) R\r\r[{I-LLCt(ۘ\r\0@g$݆ǵ<#)k_y\Ze\\kQ0I7i:M^,.v,61\\\r|P<lNSʥ\0bU71@!h.Т[cPSchǍalKcSD9Ꞛ\0Fv	9+	u8-Lz5=amj/sFߝy~x*!ɀ9gPrmM;K·No\0*s\\A7	qU@{_2;\Zii*{[Ipt.K\ZeoT$\rvXp\rej8g/Ϧo^T`YuF<#_*o\rqHxF-,ʲ0)cu}2Ϭv6FPy:xg#<\0Kqչݳy8ЮpYq^,RDH:DMxo|^OB*\nēf0[(adYP/?)ϻނ8[s\" v5o`Ek\\ҿ(5Xc-p)aһLL<LUE[F^VS^w@^eH/Oi{⨬}ȩ벣o\0*s\\A7	qpUtLPv\ZKD/2M~y12-?\\yߨhe\n@J5{9lR<4?d,+<L\n,C.Tf<$1/1ޘ?%)9X}50dtDO;\rX\'h!8PzY\Z{kTEQ.50gfZufoMPHШ딱YO;|m6#fJB =Xrrt~X{&pZZFy~Y*2Ѡdt\"r!W00%Vi2f_\"XĆsk\0adHq-*{9ڟCϡ?@I\"KE$n#u\"e/!YT9Qo\0~*s\\A7	qpUtL1wE\nx`B\0fQB>\'Hp\nWj-H?Y/Y)\"v&Aj)3֔sy\0(IbQX\Z1V0_Mo\'CI\rFnN!P֒!\0hUY*9q[8\'R`l-8;c\'BbA!qiԠQ8.#(\ZRTn3W=Y:v?j%=ĕ)ԏݵAJHlM%YId2qO.Bez%?;ֳ߅WVg6m%P(*Q3%w;[p1KPNo\0\0\0\0\0\0\0\0\0\0\0\0\0\0\0\0\0\0\0\0\0\0\0\0\0\0\0\0\0\0\0\0\0\0\0\0\0\0\0\0\0\0\0\0\0\0\0\0\0\0\0\0\0\0\0\0\0\0\0\0\0\0\0\0\0\0\0\0\0\0\0\0\0\0\0\0\0\0\0\0','28297700.JPG','2016-11-16 07:47:24','2016-12-02 07:43:23'),(90,'luz','estela','serrano','silva',2,'63444194',NULL,1,NULL,'1970-10-13','calle 1g numero 4b-48','campo verde','','3124803802','',NULL,'\0~*s\\A7	qU24YkQ\nݲ)+#Ӗ:]a?9r!rI6§rU R.Q;mhdlylΌFSo/+Gbc)@0rT`aa\r!I!\\\r-7fXt=$z䥀<j|}=TLa7Fba{\Z%}?w\'!YJ/\\ġXgkh*Iۻtِ~\Z^`wH\Zo&U0>)`4exTՙszQFf\niH|YL浺IͮjÐ	o\0*s\\A7	q0U.\n>9[ըt)k72CV.%Y^RݧJ,RBD1 Gt)a*(@$G[#=\Z8|ʞF}KOŤ;ɤ|^aVr.LЉմ8rs+(s-W|avHD?lr%qLgBÝ>zdIpJ:\n*Kz.7[ff&rƆ΄A#,,@$JV+c#=voW~d0/Uˢv+)8Xl*\\+0W<&r^3=:MзT%uhW_sNxİo\0~*s\\A7	qU$,LqRBHIʋ[nũg\nRLYZaN|m?$ǖۆP;{	J0.e\\}U4.gǼAT/Ln;jq\09F;+Ar944ZM3z\r\Z@[Bzwc]W\ZyhWQ\"Db`Ǝ&\\6Џ	OY?w_{MOdK`[j\nn\nT/:cb1.|HRZvB?݉\r+]eyJ58\\\Z¨i%wFLHϺ	 US3o\0~*s\\A7	qpUyr9\ny7))r*>hod3]E).N\n_F0\'r\n(;G2n8ݠ	7Y%*)4DY-|Qy{D?UܩSHAb9M\'KG8=h4͓#v>dhLaݧ΢9=,y@2OT̡0!~Fɶ^93H`ph3w*GPC\\I.⪍\"\\I]J%QYGOJ؏\Z!*\01n!|Ha SVzFޕ^73\"۶5:ou.`hz=c3ce%l=i#ѷo\0\0\0\0\0\0\0\0\0\0\0\0\0\0\0\0\0\0\0\0\0\0\0\0\0\0\0\0\0\0\0\0\0\0\0\0\0\0\0\0\0\0\0\0\0\0\0\0\0\0\0\0\0\0\0\0\0\0\0\0\0\0\0\0\0\0\0\0\0\0\0\0\0\0\0\0\0\0\0\0\0\0','63444194.JPG','2016-11-16 21:15:09','2016-11-16 21:15:09'),(91,'yurley ','','ortiz','serrano',2,'1102360620',NULL,1,NULL,'1989-05-07','calle 1e numero 4b-48','campo verde','','3202479268','',NULL,'\0c*s\\A7	q0UXG8_z-z*zqƍ\\+~o/UkZySA~Ee܁Sԟq,3t%6bgTβK.{83==\"(Sן),/Qapqo94z>z+=j4S^1{* LW=niuCxh TsNwpO%hoA$` ѐ5P)/[kQYf+N(Ox\0(ܳbm)x%Ge$ɗ@RM߽D݇.-`Dhh&Nŕ?گǒ^hΚF22@o\0`*s\\A7	q0U0~.U:AShZCk$_XM}|#6F =8`\Z7>,swW6>м(#گ<6-?5klL\"\roG\0y\0ޓpwW^dO03n@IWX1UE2d{!_Ԍt\0%gM+GFִRG#.>@yC)}<ۆY_`	õ%J1ˠa;),)V%Uʌ2(pD,:}399X_P)+Y]/h6~w\"+9d8Qo\0i*s\\A7	qUv0 \r_kو~C?kKzMS䏟W&!;Μw\r,t-W^\r#d6^h\rz:&=Ќ	|F5ClpW>דI6GZZka[k\"	q6Hdq7ozKu)06\'m 1a,190dҫ\Z!݆K}^2Ci#OdlxVp+\0g_VʬW~9t99yՂ5JвG-\'|yy;\r^;\"s46V.vmC&)A )gݦ<ϩ\nVWyo\0^*s\\A7	q0U	mEQx4r#Ed}KpR^eY^vack+oi+]G+cZݚj!:. zn餗$2o;6.YɁ}Bs}ᯤ5}CQ[D5ϒ:T	\nş\09-CsD!9̗?>-b&j\"+Բ@rXۚ4j`d\0|tbwPԭp.@()<+f\"h1TW0x	2\\p8x	G\r`[T/v/OJaPZ^NcN\rJh\" I9,%;o\0\0\0\0\0\0\0\0\0\0\0\0\0\0\0\0\0\0\0\0\0\0\0\0\0\0\0\0\0\0\0\0\0\0\0\0\0\0\0\0\0\0\0\0\0\0\0\0\0\0\0\0\0\0\0\0\0\0\0\0\0\0\0\0\0\0\0\0\0\0\0\0\0\0\0\0\0\0\0\0\0\0\0\0\0\0\0\0\0\0\0\0\0\0\0\0\0\0\0\0\0\0\0\0\0\0\0\0\0\0\0\0\0\0\0\0\0\0\0\0\0\0\0\0\0\0\0\0\0\0\0\0\0\0\0\0\0\0\0\0\0\0\0\0\0\0\0\0\0\0\0\0\0\0\0\0\0\0\0\0\0\0\0\0\0\0\0\0\0\0\0\0\0\0\0\0\0\0\0\0\0\0\0\0\0\0\0\0\0\0\0\0\0\0','1102360620.JPG','2016-11-17 21:17:57','2016-11-17 21:17:57'),(92,'jenifer','yuliet','bernal','larota',2,'1102351594',NULL,1,NULL,'1986-09-09','junin 2 manzana Ñ casa 1','centro comercial','6545762','3173790619','julneny_095@hotmail.com',NULL,'\0*s\\A7	q0UVD\0q)\'P\ZyEV=I	\0ߙ>i $+9\"RG}dDPKoN-_=smBܤkɨ2V15^x`*v@6kM-Nl7v,:^YtH9IGFF̇Z7.w;LHKdpеL |)k[Neķ%1O&Z-њ̈́J_&ӝ	Dً$$y1+1:c/\'rl}B	:{TTy+:}XC_SZhG`lCuk\0#	U6=?xNu5{A.Co\0*s\\A7	qU%8mvh|9,Z9J.\Z>Nֆ@͗:8A\rhp)i\"`ӖD!3u(:kqwGs?\rt/\\hrHAx9xe-!)+򡦷/Yo\"!2M+ū-\"p\nqO>ڦ^䶶W2agI\\=\Z>ygKȞ	,F<jOgn9ApP,=\'6U[ICKweΒwvB[`S^n_\Z\Zk/UADSYx94Y*s\'eu7<\"H+e([Q[;o\0*s\\A)@uP1~@4QB(g3\r*`ғ%P7+neL,5qr|n$jLZqD[\ZkY_2\ZkI@~45;_lʕ3,PŬn;Zr	tSrDFj@\0o!σi@su$Vyh 	&\'cfRh$0_;n6\nTb\re@]Po&~b00WI\\(;`q7vj\0Oۣ kb4\'8)XNp.{~Igո )4}~~lu	Uqp7`)jK\0#EaJlU \r\Zo\0*s\\A7	qUTDM*Y ϶n/P\rt_`d|.l}j)M2˺q@93|_@Hw:+@<QVzU`\0ty\ZRrx(̯&֓<}\\]zIrGfq:	=\"IR:fZDdbzl2Yw0ۆ:U@sb 諅M.aq,E3<3xRK`oƝv`G䩯wMB^rwf$LZ%/Fl2M8;bݭ:L)KÌxAh 4<|;C+p OJ@qCOiT`o\0\0\0\0\0\0\0\0\0\0\0\0\0\0\0\0\0\0\0\0\0\0\0\0\0\0\0\0\0\0\0\0\0\0\0\0\0\0\0\0\0\0\0\0\0\0\0\0\0\0\0\0\0\0\0\0\0\0\0\0\0\0\0\0\0\0\0\0\0\0\0\0\0\0\0','1102351594.JPG','2016-11-21 07:59:19','2016-11-21 07:59:19'),(93,'robinson','','pavon','ortiz',2,'1101682637',NULL,2,NULL,'1986-05-02','junin 2 manzana ñ casa 1','centro comercial','6545762','3156164664','julneny_095@hotmail.com',NULL,'\0\0*s\\A7	qU!Uc\Z<\ZnFGRvj#_Gz4q%S^MX O$ЏX\n i&࡟HY߄5bσ5\0̃q`$J3H<\0혇z{Ug4V?{zrLȄ\0\09P.^}j!3vdv*$2ZQKd]Ox	k2fkλQ>%zo\0*s\\A7	qUԷH1VHܧgJZ!8co>lش	dR*M8Nbwfnf\\mё=7v=)Fi^1Kwo߸%:ąV~}?XPRpt\'ݒ~A[n.[~l/QgWDx?vwo%6ڱ_V˹+h^ԍSeW\n\'^\'3R@蠼5[\r<>2(SER:g\\},?%Hm[2o\0*s\\A7	qpUd;\r2*FW\r[o0EEUӶD!_Ac>9ҜD+EzHxH3aލ@}qL\Z*Rfǧ!Ij6t|	\\MK\",P]	~TPƄ}pqڴ;mpذP71̡wMK3u4c_F+(aXIyN$\nS{쑋*5`oEo\0*s\\A7	q0UuRETw\"SَQť惀VU*,\\}h8j10p7XKƵdVC(os2=(ƄHg_az<O,@4+oYn*2T-u7=m+3<e#Uі_f6//چvבNgD/\Zcr?|%}>E~i\r7=/\'&^b,t:*~Io`@\Z:\"wgo\0\0\0\0\0\0\0\0\0\0\0\0\0\0\0\0\0\0\0\0\0\0\0\0\0\0\0\0\0\0\0\0\0\0\0\0\0\0\0\0\0\0\0\0\0\0\0\0\0\0\0\0\0\0\0\0\0\0\0\0\0\0\0\0\0\0\0\0\0\0\0\0\0\0\0\0\0\0\0\0\0\0\0\0\0\0\0\0\0\0\0\0\0\0\0\0\0\0\0\0\0\0\0\0\0\0\0\0\0\0\0\0\0\0\0\0\0\0\0\0\0\0\0\0\0\0\0\0\0\0\0\0\0\0\0\0\0\0\0\0\0\0\0\0\0\0\0\0\0\0\0\0\0\0\0\0\0\0\0\0\0\0\0\0\0\0\0\0\0\0\0\0\0\0\0\0\0\0\0\0\0\0\0\0\0\0\0\0\0\0\0\0\0\0\0\0\0\0\0\0\0\0\0\0\0\0\0\0\0\0\0\0\0\0\0\0\0\0\0\0\0\0\0\0\0\0\0\0\0\0\0\0\0\0\0\0\0\0\0\0\0\0\0\0\0\0\0\0\0\0\0\0\0\0\0\0\0\0\0\0\0\0\0\0\0\0\0\0\0\0\0\0\0\0\0\0\0\0\0\0\0\0\0\0\0\0\0\0\0\0\0\0\0\0\0\0\0\0\0\0\0\0\0\0\0\0\0\0\0\0\0\0\0\0\0\0\0\0\0\0\0\0\0\0\0\0\0\0\0\0\0\0\0\0\0\0\0\0\0\0\0\0\0\0\0\0\0\0\0\0\0\0\0\0\0\0\0\0\0\0\0\0\0\0\0\0\0\0\0\0\0\0\0\0\0\0\0\0\0\0\0\0\0\0\0\0\0\0\0\0\0\0\0\0\0\0\0\0\0\0\0\0\0\0\0\0\0\0\0\0\0\0\0\0\0\0\0\0\0\0\0\0\0\0\0\0\0\0\0\0\0\0\0\0\0\0\0\0\0\0\0\0\0\0\0\0\0\0\0\0\0\0\0\0\0\0\0\0\0\0\0\0\0\0\0\0\0\0\0\0\0\0\0\0\0\0\0\0\0\0\0\0\0\0\0\0\0\0\0\0\0\0\0\0\0\0\0\0\0\0\0\0\0\0\0\0\0\0\0\0\0\0\0\0\0\0\0\0\0\0\0\0\0\0\0\0\0\0\0\0\0\0\0\0\0\0\0\0\0\0\0\0\0\0','1101682637.JPG','2016-11-21 08:02:05','2016-11-21 08:02:05'),(94,'paola','alexandra','diaz','camacho',2,'1098676412',NULL,1,NULL,'1989-09-06','calle 4 numero 16a-69 bloque 5 apartamento 202','san cristobal','','3166233779','',NULL,'\0V*s\\A7	qpUߟˡڣmQ:Sy^izfx	j5R%/cqXօWj0vMBd^4oѿg_T${籤jו\n׃#1Y!o8p|?)SE*MtTT!ƈv;W\\(@o<X45Ja\"+]:Z:a	6\Z/~,7d,%1m\rF_~49!i+`M7aHsh\r5WQwIMA[\'x?0\Z8\0eB.̵ĶN}ʾ͇[ٵv5\"åCL|(o\0?*s\\A7	qULi\'bZrc}-nW((Tjbŕ~G(4%ؓml3<!%ο:bL\\7.J9ۓ\Z3\'r_v+D?aW	j%ك5ܧ@{fogʻ̉45&)r׈E@\n)\'ePK`,D}UB(ϑrP#-%0#?qdci70	5oc~Āw ͛<hqгWFc _`=b|?ego\0>*s\\A7	qU^9]>8U/~OTm\0j鮗\"Uͺ$fWGWR|yhQN2E 23K1V1cPφxz@ZCt\"-ǵu5j9py7{+ڐ_~,qī6KL/4YBYOh-DoD:-kAJc\r74nȁxTxAz%8[ژ|Il^v2+PHm1IU\n8xo\0I*s\\A7	qU;AះB\rS=HEmؐ\nnC,3\\t_fs[~U3rD,ru3Vji5DzIL}W[̵(ƻ%7u}d7yqK6ܗV>٤		M\rVkԥĈ#?@j\rSbDOtsVglw[Mxpϴ28lpNMm&CCGoHn97>NNqmr,cXFX	SX?snׯޞv\r_wiOC+ӆ].6dv%0o\0\0\0\0\0\0\0\0\0\0\0\0\0\0\0\0\0\0\0\0\0\0\0\0\0\0\0\0\0\0\0\0\0\0\0\0\0\0\0\0\0\0\0\0\0\0\0\0\0\0\0\0\0\0\0\0\0\0\0\0\0\0\0\0\0\0\0\0\0\0\0\0\0\0\0\0\0\0\0\0\0\0\0\0\0\0\0\0\0\0\0\0\0\0\0\0\0\0\0\0\0\0\0\0\0\0\0\0\0\0\0\0\0\0\0\0\0\0\0\0\0\0\0\0\0\0\0\0\0\0\0\0\0\0\0\0\0\0\0\0\0\0\0\0\0\0\0\0\0\0\0\0\0\0\0\0\0\0\0\0\0\0\0\0\0\0\0\0\0\0\0\0\0\0\0\0\0\0\0\0\0\0\0\0\0\0\0\0\0\0\0\0\0\0\0\0\0\0\0\0\0\0\0\0\0\0\0\0\0\0\0\0\0\0\0\0\0\0\0\0\0\0\0\0\0\0\0\0\0\0\0\0\0\0\0\0\0\0\0\0\0\0\0\0\0\0\0\0\0\0\0\0\0\0\0\0\0\0\0\0\0\0\0\0\0\0\0\0\0\0\0\0\0\0\0\0\0\0\0\0\0\0\0\0\0\0\0\0\0\0\0\0\0\0\0\0\0\0\0\0\0\0\0\0','1098676412.JPG','2016-11-22 09:00:13','2016-12-02 17:27:16'),(95,'daniel','sebastian','solano','rueda',2,'1102375398',NULL,2,NULL,'1994-11-12','calle 5e 16-04','san marcos','6552884','3','danyso_13@hotmail.com',NULL,'\0G*s\\A7	qU}$:lᾗVd\\3ūCýmC\n\\h\\Bn^ɖ\'3sif5Hq4ƹ Ib\nh0Oe\Z.Z:j7χV{6zݝ}ҩqTn\",ǬΣq):,ϝH@r_M6IC>N)#wwa\n@lGN(\r\0\0jщ:C)ǝW)~n\ng1N۰`VU|U/&`mNaΎ~u%ϋL{zTϹ᜙{\"%Dc{oõn@]Ë\0o\03*s\\A7	qUoG\\1w	\rx֊&{W\nAcɼ\"U8˖3;\rŖے=D4\n7Ug;Hي4)O_g*O}4hUT|Wyn	֓(Gݓ\n$ZC7&eŐU܆|ʮȱLZ%WL~jEճ53lh_Hiw?KxdrQ@v&ׄxs*.+}D	M o\0@*s\\A7	q0U)ZsBiP[@lG\ZPxԷF=O8ӪUYqU#Gιɞ;jAtM5d0k&!	cWKf<H}pV`ۘЬג[U\0G(01I,Nxn[|LQҎJ~6YbstZ<%n/Il7ݛQMжumlC8zP7;\02Y\r->,i\"AV^yOK;yiY^zgH}qvz_LYVCJXoډb=o\0>*s\\A7	qUG;wDV1ewgSʀәE)F\rznS@[tpfN^YW\'[ıCm$)w\'.gB\n;LbS)u~:c@ӄZ9h-G\\yXEBj1Zk-Wa!EHw:b\'lq\'s@DI<9	tmd&_`S7Lܾ#jcm5X9j-hA]DBMV뛠ܴ|~1`[}itƆVho\0\0\0\0\0\0\0\0\0\0\0\0\0\0\0\0\0\0\0\0\0\0\0\0\0\0\0\0\0\0\0\0\0\0\0\0\0\0\0\0\0\0\0\0\0\0\0\0\0\0\0\0\0\0\0\0\0\0\0\0\0\0\0\0\0\0\0\0\0\0\0\0\0\0\0\0\0\0\0\0\0\0\0\0\0\0\0\0\0\0\0\0\0\0\0\0\0\0\0\0\0\0\0\0\0\0\0\0\0\0\0\0\0\0\0\0\0\0\0\0\0\0\0\0\0\0\0\0\0\0\0\0\0\0\0\0\0\0\0\0\0\0\0\0\0\0\0\0\0\0\0\0\0\0\0\0\0\0\0\0\0\0\0\0\0\0\0\0\0\0\0\0\0\0\0\0\0\0\0\0\0\0\0\0\0\0\0\0\0\0\0\0\0\0\0\0\0\0\0\0\0\0\0\0\0\0\0\0\0\0\0\0\0\0\0\0\0\0\0\0\0\0\0\0\0\0\0\0\0\0\0\0\0\0\0\0\0\0\0\0\0\0\0\0\0\0\0\0\0\0\0\0\0\0\0\0\0\0\0\0\0\0\0\0\0\0\0\0\0\0\0\0\0\0\0\0\0\0\0\0\0\0\0\0\0\0\0\0\0\0\0\0\0\0\0\0\0\0\0\0\0\0\0\0\0\0\0\0\0\0\0\0\0\0\0\0\0\0\0\0\0\0\0\0\0\0\0\0\0\0\0\0\0\0\0\0\0\0\0\0','1102375398.JPG','2016-11-22 10:02:36','2016-11-22 10:02:36'),(96,'naida','slendy','ortiz','serrano',2,'1102370802',NULL,1,NULL,'1993-03-02','calle 1b numero 1b-48','campo verde','','3222199316','',NULL,'\0W*s\\A7	qU*\r[hFTZ+9!+ƅ9E\"GCL8>v=z~GZ5v䷂^an}ig̃>ޯ\r|L>pyM_N=>e@7	d`r+z@*vv-ϼ\ZwӞ~\nNIcJ	<rP<ݿh\\̙<7*&}3%k>:$\"\rUAwU5A\'3\nr\rQB4\nUMW(y9)?JÌ95=:e1):lm\ZN!o\0Z*s\\A7	qU,Olϑ<?Bi\\\n}Wn-J݋*=}9-;RXn9VWz1l\"Y.SCaA\"haDK5\nd}[bBBoD}LW/繹m:V掅t&5ae;{H/PyB5\0X-aMr		s.awn<x$&ZRXmV\'qM3љ.Ԙa_*+%\"9ƁɋYᮂ**1Viv8Cv`g:;c5l@/`F6tPJ7+1>ݤ47d:$ޝaEBشo\0^*s\\A7	qUn[.QV\0psǦ3]li`?Ɗ	!$.lwmCcuVleſ>oÆ}#1AqmVVW3Ck^w!4J|GSfюZrGXbCBJ3MC\Z\r++A\'>>3W\rL}Iݠ!O8\'~TB=$Ѥ}N=|ŢvgA׆&Q1WX~nLezV=\n먣`Ks5xVmY\"-^>:B-+\rn\r>$o\0e*s\\A7	qUp}eZl)/9 PQPX>e4?!\nWAV6y_/i7t\\t[?PJv\Zf̽|\'5 3)\\U&h3\Z??.dD\rlM5M+}nzzU˪%*i Y]bں=ѓdXԹ]tfj[InH_>\ns/$-FL$[1O88#0ltG8DdOk1A7\nzuK<6z氶4y\Zha\\n*Fo\0\0\0\0\0\0\0\0\0\0\0\0\0\0\0\0\0\0\0\0\0\0\0\0\0\0\0\0\0\0\0\0\0\0\0\0\0\0\0\0\0\0\0\0\0\0\0\0\0\0\0\0\0\0\0\0\0\0\0\0\0\0\0\0\0\0\0\0\0\0\0\0\0\0\0\0\0\0\0\0\0\0\0\0\0\0\0\0\0\0\0\0\0\0\0\0\0\0\0\0\0\0\0\0\0\0\0\0\0\0\0\0\0\0\0\0\0\0\0\0\0\0\0\0\0\0\0\0\0\0\0\0\0\0\0\0\0\0\0\0\0\0\0\0\0\0\0\0\0\0\0\0\0\0\0\0\0\0\0\0\0\0\0\0\0\0\0\0\0\0\0\0\0\0\0\0\0\0\0\0\0\0\0\0\0\0\0\0\0\0\0\0\0\0\0\0\0\0\0\0\0\0\0\0\0\0\0\0\0\0\0\0\0\0\0\0','1102370802.JPG','2016-11-22 20:31:54','2016-11-22 20:31:54'),(97,'maira','natalia','garnica','gelvez',2,'1098640652',NULL,1,NULL,'1987-02-07','calle 4a numero 16-55 apto 202','san cristobal 2 etapa','','3017778414','natagarnica1507@hotmail.com',NULL,'\0*s\\A7	q0UpѾ#+R;$m ?rDv߾#K#?5\r>c,GuPߑ<L [G[;#<WBVtK)U&P\n>v-T\'s$\"I>֢g\"+l_H\"8LNJx>RN,X 3\'HIP 1JK,n^LDN싪QdBP՜(̻5BoJa`sAy &aB\'o\Z]\"˾zs3L:]mTwe[Q\rf\05	5N\"ޭ}ԦOZZeO=yd	^-\'H4Ghbl`o\0*s\\A7	qpUwUzw^Yhnm:GEA1 jMĊ,\0lZÅ왇ۊr6X썥JӂY粜~n	}z36[xĢB.˴[o	q\r5Xi()p4hOS1RRdv{-b3:[颅Z;Ovݒ*#@M)68ڨ/ԍ:v&4NO2VɂXqxpZ3jyCSIh~hk$[&v	Lug8] uMs.Ex$*ԄgDw詜H3E5boR븮y7\"qضȊUp.E|Jl\0no\0*s\\A7	qU@d}rl`fSjJq(=a&H@˄4=1Ng`uvGscE-\r6fG!1(\Z\0<<\n%|\\jhg?\rLRg?H}4nd:#vPKIɛVW\0[C`:7!u\\f>Y-#uL<:;øʝraBR4ka<-OjwHxpV`k;VR큦/v!JLfwa wc|J˥\\u獰9$&{D8p0/dE{-#k>,U\\@Z>5-\rrrdd/a-dL\n@\\o\0*s\\A7	q0Ur\r\'c\n{6ݟBmoA`Ȋ\n[Dvﺚ+C)R͸CE\Z\'qi<\"^.YlUdֺэ\ZW[h;CD7,mm\n4YBbihBZ,`Y\'g_`W$+m57)#\n+zNvv7>\\3r+*#q\'tk\n2h_g#FY\n]\Z-il٥:m%\0aQ2بds=fTi{e~.Lks\ZJi\"hB2ExͅbaZ=-\ZakQMt〚7lV\"A؈S2!9Jo\0\0\0\0\0\0\0\0\0\0\0\0\0\0\0\0\0\0\0\0\0\0\0\0\0\0\0\0\0\0\0\0\0\0\0\0\0\0\0\0\0\0\0\0\0\0\0\0\0\0\0\0\0\0\0\0\0\0\0\0\0\0\0\0\0\0\0\0\0\0\0\0\0\0\0\0\0\0','1098640652.JPG','2016-11-23 08:11:03','2016-11-23 08:11:03'),(98,'paola ','andrea','solano','solano',2,'1102365260',NULL,1,NULL,'1990-08-19','calle 15 a numero 4w-05','wuaira','','3228499504','polita-1990@hotmail.com',NULL,'\0*s\\A7	q0U\r\\ٚSd~i_s\0gɿ:_,G-BH5{K$,&[	dG3{6Uz]MuX14q	C@\"KAyrqۍn?3Xk>bfRIB?DaF1<gv{wJ~GD\nIuyt)}O21$/wHOd%rG.3eU~1z0Bcy@{l¹eIjձFگE[rI/_G(faV=KxF6>=Z!ǈ%@InSAFo\0~*s\\A7	q0U律yzai9LTMؐp58,b}ɵ\"rL+yYq|J}enw.\'>ZoAS<fߒV0bݍ$Q]fwQl?wh(gGЈ,zZF\n?D/2e~Gh\'y+hSYYgܑW?/:DR~BwC_@&<%fmn@\'W$tv\'.h+G~6y%r\0J%6A!|DK\0|o6p8o{UCɺ>)jNNG܀dqyk!? `Vj9`bK!bQ=o\0~*s\\A7	qULQt+-Ɓb \nw\ZSSOuVq[nC\Z.m\"n1W`MʽJD#y^]2\n\Z#\0>e^D,OT6S:\rK&v2Wh\\,46brD͸ݙmL7x~83ס梧\Z\\s>\rǍi:Yr<A㠗b4jDly5\0Wؘ#hE3[ǁF2PnBl}0<\\2og\r^|Ȓi *YNTf[9^6YųZy40@![8zz7>1d)mX\\uj;\n%T\0Tso\0*s\\A7	qpUtLrIcs,n$({Rcqa{z؞dO|Xu]!F{\0[ϓnbC@@@5EAlMsovf}0-N-19VDѬ]pr.u%J5Un☏,ݩrs	AvvjRD~X6>cѷR6{4ϙOov;~+.ɭ={d_^8r;sZ\Z%3JL^~sbqlf?4vni0r6Sw2}sF hbY4L2>KySv$<zMD}}lTAfmy:S=D7\\llio\0\0\0\0\0\0\0\0\0\0\0\0\0\0\0\0\0\0\0\0\0\0\0\0\0\0\0\0\0\0\0\0\0\0\0\0\0\0\0\0\0\0\0\0\0\0\0\0\0\0\0\0\0\0\0\0\0\0\0\0\0\0\0\0\0\0\0\0\0\0\0\0\0\0\0\0\0\0\0\0\0','1102365260.JPG','2016-11-23 18:39:43','2016-11-23 18:39:43'),(99,'darwin','camilo','rivera','arias',2,'99101212323',NULL,2,NULL,'1999-10-12','calle 10 # 261','san antonio','6557785','3222520691','camilodarwin12@gmail.com',NULL,'\0~*s\\A7	qpUi4>Βy+e+5=T)nj#\Z9y@z8Z@dkZsX99SxF[ٯ3ǴY1.@KN\"\"Sϊ\\+\0K8&6R\r1c.˿h{93/q/L\Z{e~./?u\\M23eGJ7,\rʄtӏRqKat86\Z\Z\'F{Mu,*:]~k_oڿԝwp6@@!Mp[pwVD( _;B-8Y8{c:yHAcꂶIw0NۀvxbsNt[8mrZ]\r\'bxTD<}kX\nvJ~Z0dw\Zo\0*s\\A7	qUݛ@u(5]ҍpf4GmNy&V?>}f8䩎\0Ŵ݁%нc9N0;M 1LW/qt{HU1YJ0N\Z(S1Faˏ+D\n[csIU I&JDtpgD[`a	h~͢kJ0^5Pr,\rl)J?ns&KH|бdxͩɿY\n<htAkS5D!!\r/(@xd7X1bhP^[qhFTn#XiSP3EGK\\|i:&o\0*s\\A7	qpUy-KI74`Q\\.\\D7/d)=x0{)\Z1\Z=j/Ae)EPy]\\6t=$\02rR=bxWe\Zj{7iEEձ)#6@]q0Fi\"u!\0f&h?E_1Sm8^9ҍԢw3楐!E<bAk9tz3n7&hߡl:тE$wWB;&)hHid<2jCH(\rfz aS2T+UwnG^,Kik>؋eѴDq8}3?0b5mPK4-p:\nX=	9Ωۖk*o\0*s\\A7	qHUv4-J3d2uӳ$42cK-;+yƓ3/\"j5 rB{(.jМ;6@J\'k(WS&,cZ}rXdӴ;xR%lm;Le\ZV[}Rt@ьN5*lO@2aeϨ`HِkOcXԥV\"~~xcB	F@g*@Pvf\Z;9<zWBEwLAp,*LOM|8hGhMk%sRh;^~5u\"<+wԪd^݀dCMo\0\0\0\0\0\0\0\0\0\0\0\0\0\0\0\0\0\0\0\0\0\0\0\0\0\0\0\0\0\0\0\0\0\0\0\0\0\0\0\0\0\0\0\0\0\0\0\0\0\0\0\0\0\0\0\0\0\0\0\0\0\0\0\0\0\0\0\0\0\0\0\0\0\0\0\0\0\0\0\0','99101212323.JPG','2016-11-25 16:16:18','2016-11-25 16:16:18'),(100,'maria','fernanda','suarez','tarazona',2,'1102380310',NULL,1,NULL,'1996-05-22','carrera 15 numero 1a 12 conjunto la macarena','la macarena','6542676','3016649880','fernandasuarezt@outlook.com',NULL,'\0$*s\\A7	q0UJ8[6܄5W]B=?Od4\n\rٓ	@\"-k-Rɓǃfy	~60MwAN7`{S7v^	pQԊ4)1nȫ}eT;<-NFWv:׹}<+0\n r-.\0\Zeq\0\nq|4\n#!/#HŒA\0RF$bm72%#	Ko6>bnڭQeb~eITo\0*s\\A7	qpU`>b\'6x(&N%V!+dL03EB8k, 5-*!?!Ve|$ѻezRSW+8\ra\0`l)`^{4eܨojSuțy7ڥ(,\"qJ*>b\Z/<YwnB70:Zi&cދiv=Ji5  q>UCγV\'mLSAZw3vo\0!*s\\A7	qpU(W	p]any#o¡L8-_w_jCG\nmTQ\ZƱI{<pKW.׮sAVhj=/\\I=kJnrǟ~u}GAo$xR/(uO맏`YԚL9S]2[Za5b1-$\"vTR?Ζx3LRtkV荺2?EZaNœN{GU4RR@]\rY}o\0*s\\A7	qUMʈA:.fxx5\0|yǋ3F3Lt2i9Խs.,XV:,ױ|1R\"96XbRu\nQ&gG1,F@1[U:skl-c979s4q{;V@svc	BC7g᰿)iHP;[I&N\\	0P%ˡĲ5jh 4)\\Iٮfwܺes63ߚhE_hS4HP2So\0\0\0\0\0\0\0\0\0\0\0\0\0\0\0\0\0\0\0\0\0\0\0\0\0\0\0\0\0\0\0\0\0\0\0\0\0\0\0\0\0\0\0\0\0\0\0\0\0\0\0\0\0\0\0\0\0\0\0\0\0\0\0\0\0\0\0\0\0\0\0\0\0\0\0\0\0\0\0\0\0\0\0\0\0\0\0\0\0\0\0\0\0\0\0\0\0\0\0\0\0\0\0\0\0\0\0\0\0\0\0\0\0\0\0\0\0\0\0\0\0\0\0\0\0\0\0\0\0\0\0\0\0\0\0\0\0\0\0\0\0\0\0\0\0\0\0\0\0\0\0\0\0\0\0\0\0\0\0\0\0\0\0\0\0\0\0\0\0\0\0\0\0\0\0\0\0\0\0\0\0\0\0\0\0\0\0\0\0\0\0\0\0\0\0\0\0\0\0\0\0\0\0\0\0\0\0\0\0\0\0\0\0\0\0\0\0\0\0\0\0\0\0\0\0\0\0\0\0\0\0\0\0\0\0\0\0\0\0\0\0\0\0\0\0\0\0\0\0\0\0\0\0\0\0\0\0\0\0\0\0\0\0\0\0\0\0\0\0\0\0\0\0\0\0\0\0\0\0\0\0\0\0\0\0\0\0\0\0\0\0\0\0\0\0\0\0\0\0\0\0\0\0\0\0\0\0\0\0\0\0\0\0\0\0\0\0\0\0\0\0\0\0\0\0\0\0\0\0\0\0\0\0\0\0\0\0\0\0\0\0\0\0\0\0\0\0\0\0\0\0\0\0\0\0\0\0\0\0\0\0\0\0\0\0\0\0\0\0\0\0\0\0\0\0\0\0\0\0\0\0\0\0\0\0\0\0\0\0\0\0\0\0\0\0\0\0\0\0\0\0\0\0\0\0\0\0\0\0\0\0\0\0\0\0\0\0\0\0\0\0\0\0\0\0\0\0\0\0\0\0\0\0\0\0\0\0\0\0\0\0\0\0\0\0\0\0\0\0\0\0\0\0\0\0\0\0\0\0\0','1102380310.JPG','2016-11-28 17:20:09','2016-12-12 17:51:03'),(101,'tatiana','','bautista','mantilla',2,'1102374201',NULL,1,NULL,'1994-06-09','calle 7 numero 11-59 apto 202 torre 3','san rafael','6550408','3142310965','tatanayis_3009@hotmail.com',NULL,'\0G*s\\A7	qU6,0B*x1T} Sn\nCY(%Y{}Y7.\0b%A֟i\nms=.|KK}\n>J)\"rZ[iVEy{&3hY,8B3\\KqJ{&:ى$\r7J6-cwNbr6fC?GٽJC<RMY-G\"6y\rx	#Iwf/9u(_YQSGW-tpS#*aV@EB8i:Bxo\0*s\\A7	qUNբ3E&\08Ԇ9`0ăQ&SPQ4z7\nE]471Qf񲈌fzL۳j\n`ͪ.;2Nvd}P^aƞkZoG	)zxѶQWM9u*GD	1=l@VG3j0B͝9*dv9#$-b{|1I\'IQQ\r;W )3?䕤{?Wo\0*s\\A7	qUx\'B|\noc!vf={E!T^S @%k=jm$#vbdJl*nۼwQLC?E-1\"\\z`bS4D~!)D\rTo-B!S00ОxXce3]}zE^$\"ujQ:<:c^\ZQ>#ݹ2LM[)&opTc.xaP \\o\03*s\\A7	qUxA?lb~aSAGs*<΄LC{syeU.ᷓ+ƴA \0(ۄCRڡ[hI6i8^(v=7`Ӿ4fI -;ӫ;l;7s!\'\n\n\Z\\reZغr 5 ]X	F.gY1$1QVfaK`>#/O&Ό]\'88Y\ZF_:g+\"\nAj;Eە-Tk>h?Z(Zo\0\0\0\0\0\0\0\0\0\0\0\0\0\0\0\0\0\0\0\0\0\0\0\0\0\0\0\0\0\0\0\0\0\0\0\0\0\0\0\0\0\0\0\0\0\0\0\0\0\0\0\0\0\0\0\0\0\0\0\0\0\0\0\0\0\0\0\0\0\0\0\0\0\0\0\0\0\0\0\0\0\0\0\0\0\0\0\0\0\0\0\0\0\0\0\0\0\0\0\0\0\0\0\0\0\0\0\0\0\0\0\0\0\0\0\0\0\0\0\0\0\0\0\0\0\0\0\0\0\0\0\0\0\0\0\0\0\0\0\0\0\0\0\0\0\0\0\0\0\0\0\0\0\0\0\0\0\0\0\0\0\0\0\0\0\0\0\0\0\0\0\0\0\0\0\0\0\0\0\0\0\0\0\0\0\0\0\0\0\0\0\0\0\0\0\0\0\0\0\0\0\0\0\0\0\0\0\0\0\0\0\0\0\0\0\0\0\0\0\0\0\0\0\0\0\0\0\0\0\0\0\0\0\0\0\0\0\0\0\0\0\0\0\0\0\0\0\0\0\0\0\0\0\0\0\0\0\0\0\0\0\0\0\0\0\0\0\0\0\0\0\0\0\0\0\0\0\0\0\0\0\0\0\0\0\0\0\0\0\0\0\0\0\0\0\0\0\0\0\0\0\0\0\0\0\0\0\0\0\0\0\0\0\0\0\0\0\0\0\0\0\0\0\0\0\0\0\0\0\0\0\0\0\0\0\0\0\0\0\0\0\0\0\0\0\0\0\0\0\0\0\0\0\0\0\0\0\0\0\0\0\0\0\0\0\0\0\0\0\0\0\0\0\0\0\0\0\0\0\0\0\0\0\0\0\0\0\0\0\0\0\0\0\0\0\0\0\0\0\0\0\0\0\0\0\0\0\0\0\0\0\0\0\0\0\0\0\0','1102374201.JPG','2016-11-28 18:27:00','2017-02-22 19:43:05'),(102,'cristian','andres','castañeda','ramirez',2,'1102382843',NULL,2,NULL,'1997-02-09','calle 6a numero 12-63','la candelaria','','3114583292','ramirezcristian101@gmail.com',NULL,'\0)*s\\A7	qpUor4:>!c=,$,`%KuarohΞhy\n-TMI	\\׺O\0_n+X]Q30ք촲u_S|`>\0Bh2=g	\\H -̦Z_V:YbWiSz?F(J\0l-͎\"1gL/wЯ¿B	vؠbs3{8謓=\n2\n4N/e\0%f%W(|Ao\0*s\\A7	qUaqܨDlj*6B\0D\\(6F	f&tĝXu?sd\'L;\'$_p)#\\\0ө`|>\Z*{Y\\]>5#krk[#Pz,\\KR.2}zOJ7zoL}޼weNFe\"tEgDEhfJ[֐8|ǙmMoX\\H,pG}FQ&P5\n-p#f6X/NG;]\ZWee.|_-4.\\b1zFëL\n5g{ynb2Q\'bu跑Yo\0~*s\\A7	q0U{ XsrƎC7z+VMR1[5T7N\0$EjZPJ< MܩՂ-2HJ!{1=_R8E+MIb\ZVƃe!/ǰ\\ܖ&B8X3>-xLn_\0˟?d^,瘣re;|T_JӅxMQ<pt4&ޑ܌v̒.\rΙ)s`G(=zƷYt33POՏ^w?($Ԗqy*=VamZש]8{Llb83=oV6UXJOs|O@6Qq,;csJ	ɝ9r-o\0(*s\\A7	qUo{`ȑo?yCr]9\"I@ק\\ԃ\0{۶yx։@wH`%~$ЅH(oZ3epŝ2\nUt+#s*EK!T1%Umx B{kU\nV4<%?67푝8Dr|#SjkrQ~-R\\.]e,5T:\r*آdC\0&^pzKJ/x_<ew\rM	!VnD18t/3KfW{yUW/o\0\0\0\0\0\0\0\0\0\0\0\0\0\0\0\0\0\0\0\0\0\0\0\0\0\0\0\0\0\0\0\0\0\0\0\0\0\0\0\0\0\0\0\0\0\0\0\0\0\0\0\0\0\0\0\0\0\0\0\0\0\0\0\0\0\0\0\0\0\0\0\0\0\0\0\0\0\0\0\0\0\0\0\0\0\0\0\0\0\0\0\0\0\0\0\0\0\0\0\0\0\0\0\0\0\0\0\0\0\0\0\0\0\0\0\0\0\0\0\0\0\0\0\0\0\0\0\0\0\0\0\0\0\0\0\0\0\0\0\0\0\0\0\0\0\0\0\0\0\0\0\0\0\0\0\0\0\0\0\0\0\0\0\0\0\0\0\0\0\0\0\0\0\0\0\0\0\0\0\0\0\0\0\0\0\0\0\0\0\0\0\0\0\0\0\0\0\0\0\0\0\0\0\0\0\0\0\0\0\0\0\0\0\0\0\0\0\0\0\0\0\0\0\0\0\0\0\0\0\0\0\0\0\0\0\0\0\0\0\0\0\0\0\0\0\0\0\0\0\0\0\0','1102382843.JPG','2016-11-28 20:59:27','2016-11-28 20:59:27'),(103,'valentina','','martinez','caisedo',1,'1005338586',NULL,1,NULL,'2000-09-09','hacienda san miguel','lomas del viento','','3008544730','nanamartinez9190@gmail.com',NULL,'\0\0*s\\A7	qUo6յi\Z\'e9r\rB\'noSe}0;kEkU<,(*lܝOr\r5ܔ(O^<7Ϳ\"RBӈPB1/kXL!Pol;V\\03}ͻn[}EPl`\ZJe,ܓ߈ܿ)ХIKKq;<gm⥔1=ιXFo\0\0*s\\A7	qpUJf4`2L]4O4~nIaX/f.A\0/KEOȲ\0xF@Iwٸ)|ZOގg\r18*4&7i=?ݨɡM8!&%prGj\Z=gO/(6bn\\̰gp0MO @}+X5>|ݮaԊV;h\\Ipֈ<t;<-e|ؽo\0\0*s\\A7	qU/J#Z9Ys\0	|n4?BؓԔ*~թr%K#,2F~H-AH\"Tݪ3lmM6ZWBA2ѓ)ߦ]>tr2Ya\\笵ɹdj>B\Z{ґ\'b\'D!59ykD&TOeu_^ǙHvto\0\0*s\\A7	qU;K,$s|#<W^ ST,S_w\"ՉU2(GHOh~i18vhf	tmFG%-K2HOg2Z̊Cb\"G{ڇNwꝰy3mc;.HǇ!KO}\n94E;tWJ\"Û~	2}\rxBp篛\Z!5ID.7uZo\0\0\0\0\0\0\0\0\0\0\0\0\0\0\0\0\0\0\0\0\0\0\0\0\0\0\0\0\0\0\0\0\0\0\0\0\0\0\0\0\0\0\0\0\0\0\0\0\0\0\0\0\0\0\0\0\0\0\0\0\0\0\0\0\0\0\0\0\0\0\0\0\0\0\0\0\0\0\0\0\0\0\0\0\0\0\0\0\0\0\0\0\0\0\0\0\0\0\0\0\0\0\0\0\0\0\0\0\0\0\0\0\0\0\0\0\0\0\0\0\0\0\0\0\0\0\0\0\0\0\0\0\0\0\0\0\0\0\0\0\0\0\0\0\0\0\0\0\0\0\0\0\0\0\0\0\0\0\0\0\0\0\0\0\0\0\0\0\0\0\0\0\0\0\0\0\0\0\0\0\0\0\0\0\0\0\0\0\0\0\0\0\0\0\0\0\0\0\0\0\0\0\0\0\0\0\0\0\0\0\0\0\0\0\0\0\0\0\0\0\0\0\0\0\0\0\0\0\0\0\0\0\0\0\0\0\0\0\0\0\0\0\0\0\0\0\0\0\0\0\0\0\0\0\0\0\0\0\0\0\0\0\0\0\0\0\0\0\0\0\0\0\0\0\0\0\0\0\0\0\0\0\0\0\0\0\0\0\0\0\0\0\0\0\0\0\0\0\0\0\0\0\0\0\0\0\0\0\0\0\0\0\0\0\0\0\0\0\0\0\0\0\0\0\0\0\0\0\0\0\0\0\0\0\0\0\0\0\0\0\0\0\0\0\0\0\0\0\0\0\0\0\0\0\0\0\0\0\0\0\0\0\0\0\0\0\0\0\0\0\0\0\0\0\0\0\0\0\0\0\0\0\0\0\0\0\0\0\0\0\0\0\0\0\0\0\0\0\0\0\0\0\0\0\0\0\0\0\0\0\0\0\0\0\0\0\0\0\0\0\0\0\0\0\0\0\0\0\0\0\0\0\0\0\0\0\0\0\0\0\0\0\0\0\0\0\0\0\0\0\0\0\0\0\0\0\0\0\0\0\0\0\0\0\0\0\0\0\0\0\0\0\0\0\0\0\0\0\0\0\0\0\0\0\0\0\0\0\0\0\0\0\0\0\0\0\0\0\0\0\0\0\0\0\0\0\0\0\0\0\0\0\0\0\0\0\0\0\0\0\0\0\0\0\0\0\0\0\0\0\0\0\0\0\0\0\0\0\0\0\0\0\0\0\0\0\0\0\0\0\0\0\0\0\0\0\0\0\0\0\0\0\0\0\0\0\0\0\0\0\0\0\0\0\0\0\0\0\0\0\0\0\0\0\0\0\0\0\0\0\0\0\0\0\0\0\0\0\0\0\0\0\0\0\0\0\0\0\0\0\0\0\0\0\0\0\0\0\0\0\0\0\0\0\0\0\0\0\0\0\0\0\0\0\0\0\0\0','1005338586.JPG','2016-11-30 18:29:19','2016-11-30 18:29:19'),(104,'maria ','camila','rico','rojas',1,'1005539918',NULL,1,NULL,'2001-05-17','altos de granada casa 86','quinta granada','','3154262638','camilita0517@hotmail.com',NULL,'\0*s\\A7	q0Up\\wݼ@7yG s=h~lKw;Θ.W**>Y	A\nu+\"T$@+ْ<>?aWr|qOe<1y<Ig&p]&]`-\ne\n*{휉l!tq?R\0\\(3\r5i?6z``+!צtV=$v,)s6\r^u):kp>58rʘlC&6m9ɍDb+{>cs+BëKXXmb&Lj25cކgpU6G9p+E\rO>Tel$o\0~*s\\A7	qU߮*ws3^|.@\'osӓl|_\'\'Y12H,蓭>5.\n|7\':7Ġ`VŔ\nsH\0kP?`b߁hoڧa\"[&?BIJj,a0ɑL3;/ErIה*DoGoeti7n^䊝fWH4_5)\"E$|ɾE.LL^=g46)^X-Xhg#\"\Z:rg*D♻H4uh|u\n~Dae3\Zu=OVLw)knYFv%o\0*s\\A7	qUG2=3Æ]F:h_3#h)|)o//]4}#gPĤI\rc`E\\c2۲9u]_E6	y&l:hOXn:e/?3ߜ\r1>xc\0N$֎Ţe~yJt6mOE_Es;~CF\'δ_,`>Iµ/!+S8ʷ}XMvD06uB5ES0/c\';ϼa*A>&C^3:N5,`{+7<s63֪ӄvut4r7omqD+#%֯l3BUC:cOݨo\0*s\\A7	qUx42fbk?[ǟ)\njVW^ZWHl-|C%n|-oKM9WJO6ͷf]-FA\r̒f\0$`n䳊?\rٰ6j1wr=ŭc8J㭊`~Є30m3|{Ciˌ8<:\'8H[_NiB4k5PHtx(r\'Q@icu򆡒J6L`Sm]S)\\*F֠yf^@WhDl9h0d->u-䣄Oރwg?\Z(<LwƴXK[աo\0\0\0\0\0\0\0\0\0\0\0\0\0\0\0\0\0\0\0\0\0\0\0\0\0\0\0\0\0\0\0\0\0\0\0\0\0\0\0\0\0\0\0\0\0\0\0\0\0\0\0\0\0\0\0\0\0\0\0\0\0\0\0\0\0\0\0\0\0\0\0\0\0\0\0\0\0\0','1005539918.JPG','2016-11-30 18:33:18','2016-12-17 10:51:46'),(105,'maria','elena','lancheros','almeida',2,'37617885',NULL,1,NULL,'1982-10-17','calle 20 b numero 1-11 ','los cisnes','','3184970446','',NULL,'\0[*s\\A7	qU-Op]b;hbìXs@J!RyzAWi~z0mC6]`yrr>6^%C	B;XukR+_=l\'UQhghx\n\',dcj\n?\"i!_Z;(!	5EԞC@ۧhOmгiO%y)tڴ,hd	U ޒk8B(`k0]G]OKQnijL_?VO*934AiECqdWnuA*`4By͸F4\0X&JV5V=n\Z!jHC>Eܾo\0*s\\A7	qpU%K\'~L@7omiC\"ބVfص+a?bcypn(3I1F1A1\'#L݇Qaj訰	Ǎׂ oH;aY?\"zTgdF&xkS*Qw7\n=Κ-&!>@Xus3lՈ-xq*~Y&\r*h\0Fo;UfH@ RtnpA-)$/-ZXE3۹Lj8-ծ#=>6&F⦉ؽ2f[)m.@iGB.|X$7Zڼ^9rgBp?*?[q^o\0>*s\\A7	qpU6}U\'~f|O`A<CX &4:Fۅn>j41t^:DƉܲec6_*L9_].N͞ـ$XBFGN/\Zӹˌhaږgrmڼ .U}(<3!0%\r(7xxXC_atjn]ߨC?sB/Z1ǷR rMc\"2˖4&GKm5.9Ȇμ/Pǔo\0*s\\A7	qpU{nK\0H\"1tͤsXp*&m=!X1YNnQЖqONc$Qu\"uz<Ͷ<.\"6mJ>|_p̋|\nRh\02б6lSz%2\nw zW㬵8P㾷dWneXUM\nz5֕Ϋ.NGJ\r7!(_g&Uml*m+k!\\v\0;HiAж15g%z벏DH\ZH- .y?۷FOj,xbGȇRld7_gkE]x+Gކ7icQ(glqfFSR!18Na\'\0Uo\0\0\0\0\0\0\0\0\0\0\0\0\0\0\0\0\0\0\0\0\0\0\0\0\0\0\0\0\0\0\0\0\0\0\0\0\0\0\0\0\0\0\0\0\0\0\0\0\0\0\0\0\0\0\0\0\0\0\0\0\0\0\0\0\0\0\0\0\0\0\0\0\0\0\0\0\0\0\0\0\0\0\0\0\0\0\0\0\0\0\0\0\0\0\0\0\0\0\0\0\0\0\0\0\0\0\0\0\0\0\0\0\0\0\0\0\0\0\0\0\0\0\0\0\0\0\0\0\0\0\0\0\0\0\0\0\0\0\0\0\0\0\0\0\0\0\0\0\0\0\0\0\0\0\0\0\0\0\0\0\0\0\0\0\0\0\0\0\0\0\0\0\0\0\0\0\0\0\0','37617885.JPG','2016-12-01 10:33:06','2016-12-01 10:33:06'),(106,'angie','liseth','rodriguez','',1,'1005543377',NULL,1,NULL,'2000-05-20','carrera 11 numero 6-93','san rafael','6039024','3213591544','roxi2000pop@hotmail.com',NULL,'\0*s\\A7	qpU^4bK<sB\"gPuj|/Ϳ\0ܻ䇜v<MRf/+	΂Ïg닍i$00~.MKT|9vʕfQ[[.%;㸟2~+RwҘY^JpK:1u!^ݥ?= c\Z8qGZ9 x/:#};Jqtf2yuo\0*s\\A7	qpU`;G)5,ųY~?ϙHl]xle?gDrq(מd\\kB!j[D.^\njѤ%,UnӄM&`{ ~x\"@6n\"%!q\\f,]!bk|tUw\nۧ\\Ib.,SRٝ9e=@+S@ZcyEH<\0?į7ڿ\Z-V\"wP5g¹P\n\n\0guy\ZY5\\}i;0@0C¤So\0*s\\A7	q0U?i.{(~Qp|B	(XF7&i䫒sE>k\nQ\"Fz4CO8mT{ĵdҖv>t/I39G	܇~z]mصF,\rn`c>\ZwW ܬsZ ̮ՏMYB&2SV_d\ZT0v1VtC/nSA_xcW6xH4	Er\"mQ;;	\rbp\nȥ1ү/|k6o\0*s\\A7	qU\'\0=T>b[ 57;ݴu.ݘ/A#h(|;B!!w%wBBMQ:yBilsghcFv?Xe/2Wg|=^T.1{2 =*ǓWo7.ѳa\r|=p\ZH!\nc^V}\'\n뢳׳(&n,|S-r~Yֳde^o\0\0\0\0\0\0\0\0\0\0\0\0\0\0\0\0\0\0\0\0\0\0\0\0\0\0\0\0\0\0\0\0\0\0\0\0\0\0\0\0\0\0\0\0\0\0\0\0\0\0\0\0\0\0\0\0\0\0\0\0\0\0\0\0\0\0\0\0\0\0\0\0\0\0\0\0\0\0\0\0\0\0\0\0\0\0\0\0\0\0\0\0\0\0\0\0\0\0\0\0\0\0\0\0\0\0\0\0\0\0\0\0\0\0\0\0\0\0\0\0\0\0\0\0\0\0\0\0\0\0\0\0\0\0\0\0\0\0\0\0\0\0\0\0\0\0\0\0\0\0\0\0\0\0\0\0\0\0\0\0\0\0\0\0\0\0\0\0\0\0\0\0\0\0\0\0\0\0\0\0\0\0\0\0\0\0\0\0\0\0\0\0\0\0\0\0\0\0\0\0\0\0\0\0\0\0\0\0\0\0\0\0\0\0\0\0\0\0\0\0\0\0\0\0\0\0\0\0\0\0\0\0\0\0\0\0\0\0\0\0\0\0\0\0\0\0\0\0\0\0\0\0\0\0\0\0\0\0\0\0\0\0\0\0\0\0\0\0\0\0\0\0\0\0\0\0\0\0\0\0\0\0\0\0\0\0\0\0\0\0\0\0\0\0\0\0\0\0\0\0\0\0\0\0\0\0\0\0\0\0\0\0\0\0\0\0\0\0\0\0\0\0\0\0\0\0\0\0\0\0\0\0\0\0\0\0\0\0\0\0\0\0\0\0\0\0\0\0\0\0\0\0\0\0\0\0\0\0\0\0\0\0\0\0\0\0\0\0\0\0\0\0\0\0\0\0\0\0\0\0\0\0\0\0\0\0\0\0\0\0\0\0\0\0\0\0\0\0\0\0\0\0\0\0\0\0\0\0\0\0\0\0\0\0\0\0\0\0\0\0\0\0\0\0\0\0\0\0\0\0\0\0\0\0\0\0\0\0\0\0\0\0\0\0\0\0\0\0\0\0\0\0\0\0\0\0\0\0\0\0\0\0\0\0\0\0\0\0\0\0\0\0\0\0\0\0\0\0\0\0\0\0\0\0\0\0\0\0\0\0\0\0\0\0\0\0\0\0\0\0\0\0\0\0\0\0\0\0\0\0\0\0\0\0\0\0\0\0\0\0\0\0\0\0\0\0\0','1005543377.JPG','2016-12-01 11:30:41','2016-12-01 11:30:41'),(107,'samuel','andres','niño ','jaimes',1,'1005543532',NULL,2,NULL,'2000-11-14','carrera 6 numero 12-40','centro','6551289','3134084542','umitas14@hotmail.com',NULL,'\0j*s\\A7	qpU񕾚X+\0hX)ƽI6\Z:tSHP3\r|j8犿dN\0^|F!QӽD;n*	JGShFq7Ă@!V[2WN/Y^ VskN;s\Za6d\r0Si<O\n*[:|eJN02nPvjt~U:[^gDlƬ671lpU^?ad^k89\ZlC{O_2OOԬ\"\n/ǫ*l@\0I2m|f5a8Di=&f`BA\rv2:H`94po.zٹao\\o\0:*s\\A7	qUat4s(UN>g3/1[\Zos+7`@1oG\nE*fm\\5Oa_X~N\\>i..xhp\'g!I_؜)滖6,mOŐX#hsiuVBz:HC\'@qڸWXu?q(cv#G7hsHUY`Z>\ZPnK}R(HuÅqz|si^ㆍ/xڕs-Ba÷,_)x3Uo\0c*s\\A7	qU\\i/h*lH9Ѯ3[)e54R哽{^S׿]\'Px@LjmZf޲k12T9lZjwSq7CCGI*C{B^n6{\\Vg)mVcMw[Bi%0|r-+vqC\0)?|GPAN>hAo :Óu+_Uقds^*G풭P>AS\"n p=CSXdd^Av}<c7h\01e3ls:!\rVKQjdFXmzNHa|b&yP_\"o\02*s\\A7	qU	<UloCbncQwH̃ԍ?|Wwÿf$.uZt\nD,d*t4Yu\n85}>}H7k%fvk`>ґ)-&ᬟ\0FQ1Gc:@{Y4E\"-N_xH tyOH̉cܿ򃚮w$gw\0m\"whRC}{rGM¬՜NR(5\"5	\"K`\rq!4o\0\0\0\0\0\0\0\0\0\0\0\0\0\0\0\0\0\0\0\0\0\0\0\0\0\0\0\0\0\0\0\0\0\0\0\0\0\0\0\0\0\0\0\0\0\0\0\0\0\0\0\0\0\0\0\0\0\0\0\0\0\0\0\0\0\0\0\0\0\0\0\0\0\0\0\0\0\0\0\0\0\0\0\0\0\0\0\0\0\0\0\0\0\0\0\0\0\0\0\0\0\0\0\0\0\0\0\0\0\0\0\0\0\0\0\0\0\0\0\0\0\0\0\0\0\0\0\0\0\0\0\0\0\0\0\0\0\0\0\0\0\0\0\0\0\0\0\0\0\0\0\0\0\0\0\0\0\0\0\0\0\0\0\0\0\0\0\0\0\0\0\0\0\0\0\0\0\0\0\0\0\0\0\0\0\0\0\0\0\0\0\0\0\0\0\0\0\0\0\0\0\0\0\0\0\0\0\0\0\0\0\0\0\0\0\0\0\0\0\0\0\0\0\0\0\0\0\0\0\0\0\0\0\0\0\0\0\0\0\0\0\0\0\0\0\0\0\0\0\0\0\0\0\0\0\0\0\0\0\0\0\0\0\0\0\0\0\0\0\0\0\0\0\0\0','1005543532.JPG','2016-12-02 19:25:16','2016-12-02 19:25:16'),(108,'laura','lucia','gomes','hernandez',2,'1102386275',NULL,1,NULL,'1998-04-06','carrera 13a numero 5-23','san rafael','6652343','3125081057','',NULL,'\0*s\\A7	qpU%Se?qʍv~ђFA3ڈA.D-6<vg{[ܮ(Ax>ucw8|_;loe~1kҖܹ67*dfKp-3ƑXۣXǝ\"HLX5Nّ/\n\'%|<\'/$a*gt]lA{b`>$3œ\n45tr<+FnhQI>&\"SyD?ئC?Q?~U.\n[T)	kCf	vw}\"=^ey\n6{.cBo̗H30&+c$H\'FPQIŇɃo\0*s\\A7	qpUy;rP&gPɱNkv2KʌJñQ}f@|){%܃̎,`CPA@#ooDajn*=y@`l;_W3sy?8X܅];xiT+c6$!\"Vڦ4f?1PnHnzc}˸:HxJʠ(*Mȯ\0DYխ,3-Hz%uY,?{0g_PI\'i|B۪ołM2čg^슶0mic&xu^KP P_ /Ph~a;Yu@,Jrǒt\\L7&ÆA-{رJOSߔo\0*s\\A7	qpUG<d|ݸp^j.<!or9郲L&bo)+Hy\\]`E$0po]\0{u>4鷽+sI@w3bA}t\\2:\"++V\" 󾔉_#/<\ZoP0sKۤ͠5.E}^|25JO=2)voɈbf\rF|r2[\'l\ni?fXQ_3\"v7N @Ju}Y\Z,&g<VnrE,F\Z.zFG3FSeŶvzk(<^\n)j&o\0~*s\\A7	q0U1qNY?\"#.M/p<,HsA\"H0vaM/pN1IUuc%V.@%S,\0,dUI}\'r=@~$]}LPˏoA	jڗe\\7h&TuRʖ=wGBVKUMQ.\rS½fw:ޮ\'׷Rׅː-_G][/:HUX^70KDh!rM.~[Iq2rbdQ3\ZfsM6nm46	qSIކo\0\0\0\0\0\0\0\0\0\0\0\0\0\0\0\0\0\0\0\0\0\0\0\0\0\0\0\0\0\0\0\0\0\0\0\0\0\0\0\0\0\0\0\0\0\0\0\0\0\0\0\0\0\0\0\0\0\0\0\0\0\0\0\0\0\0\0\0\0\0\0\0\0\0\0\0\0\0\0','1102386275.JPG','2016-12-16 10:50:41','2016-12-16 10:50:41'),(109,'maria','fernanda','guerrero','rivera',2,'1098807281',NULL,1,NULL,'1998-05-22','carrera 7 numro13-31','la candelaria','6551268','3223665614','',NULL,'\0~*s\\A7	qUo8?hNe#7^oh\0cHt$2ɰ\rA ے:ƱdF=Hu]M\"]n8l!εhT;MA[uk Bhb?$S>\0Abre<z!8MV\n *cǮ ^ɐxj?} 8&iǔ<Eˡ#9fϐ 0A}CHL62ɿpVYVr^_\\1cjmQQf^dHLT\ZBgBm=(\'zoĥA#$[~hRDgUD}/Кޠo0m]c,o\0J*s\\A7	q0UAMYru]tq}к\0\'b\0Yɤ$}0\0gǮUrMo[7Ek\\?Du\n&Ѱ7\niڮ--S\0Y$Yg?+g\"/؇SyZoMF6r?K*OZ%Ot\'6l\Z\r<T<~Bl8.OSvZ;\\|k4ӐƑ{ƒ_IHfߟFt[IҎw3Vr\"g2?+.#ŧ(\Z&}P|[Z0~=<d#o\0Y*s\\A7	qU^ˤ̖]aIvGTzpR6\r@oX$!g6`gʧv\"蘸6PE(?/XE7x)GnYf,\ZMogN>u8ݔHPΔlڇ폦ɉQ\'H\0zrkȠ|oc_}Uj`9XA-a؛W%9m3v,\ncc=ZyZ~NN`;SBqY\nHn9/yS?6&W6:,* ݨac#?>p3.\nN+J\0Az9,o\0O*s\\A7	qpU0JԌ-9*R+BBx[_t$LN>ُdn-%O,߿]kEP9DxMΠU\"[K\\ <p!W6?evz*X׫C:KIk]Lubw2;D[EԯN˯^fׁ!ќSmOoPxR)gP?(jXu@ܻ?!)^P$3f%M5\nލAH#pJpE)B\'6fٴ. cŜ)o\0\0\0\0\0\0\0\0\0\0\0\0\0\0\0\0\0\0\0\0\0\0\0\0\0\0\0\0\0\0\0\0\0\0\0\0\0\0\0\0\0\0\0\0\0\0\0\0\0\0\0\0\0\0\0\0\0\0\0\0\0\0\0\0\0\0\0\0\0\0\0\0\0\0\0\0\0\0\0\0\0\0\0\0\0\0\0\0\0\0\0\0\0\0\0\0\0\0\0\0\0\0\0\0\0\0\0\0\0\0\0\0\0\0\0\0\0\0\0\0\0\0\0\0\0\0\0\0\0\0\0\0\0\0\0\0\0\0\0\0\0\0\0\0\0\0\0\0\0\0\0\0\0\0\0\0\0\0\0\0\0\0\0\0\0\0\0\0\0\0\0\0\0\0\0\0\0\0\0\0\0\0\0\0\0\0\0\0\0\0\0\0\0\0\0\0\0\0\0\0\0\0\0\0\0\0\0\0\0\0\0\0\0\0\0\0\0\0\0\0','1098807281.JPG','2016-12-16 10:54:43','2016-12-16 10:54:43'),(110,'ibis','','gordillo','buitrago',2,'37618571',NULL,1,NULL,'1983-05-01','calle-6 # 16-22 ','cabecera','6541151','3173988421','shafrivis2004@gmail.com',NULL,'\0~*s\\A7	qUdъ؍ԳS,-qۡ;_\now򥄌O\r66(İj8\n\\0\')183mgM(L\r*E?9\"Mc(ȬiN3JKA/\rqU秾W^8pR\"um=G[h$?P:45vtRHmIڹmMDhѦYҹ<Uhh]tFtGX愯j-sf$VƂhqx7nZ:\n[FK:;QAOFPq|R;qf>tEQ$*M;\r!Mg/}lA`W\0J5Y9ٝb$fʺscU=o\0*s\\A7	q0U2N\0\ZZb xH_T=\'uU+۝о/= &`ף`}.ޭFue;د4]AA2NχWC$x^d` ;=\'D8A	X3`{/\r8ps2F1\0bv𤰋q\"uU-v/^Mxr\\{B64u<r7\'a`!`kz`[si_TB\'CE~>Z1 +HwU82_\"iO~XD)Vg)\'Wl+SiR\ZaS%icq宋1V!NoXj[o\0*s\\A7	qUdi\n\'? UԘC#ukz\05ZPo #p\n1f9G7wFcAi5\\Opm1AYܽ¦BwNP}.? &NQ̕c̆̅r).A#L=Ȅ05Zvlj&+p>b-N>*̯9QTa?)6iC8ڇkta-ي\"aƶk̍ĩ\0RzI[\\)D%Jwh֧4=@yu6s~1ɵ\ZV3N=\nՌi6ΝKXB);5\0ujbE@i!+>@R4Jo\0*s\\A7	qpU=3GJupdR؂JTleE\0!$2,HnbhjNFt_qB\ZiHg)<z\'1l:8CZFo\\X\'qHmcXvrP嶻vGQ;!P&kH2)uE\':(0R\\Wj	MaoHdl<6jLBђLM=8XKĽiӰ\Zi6]פrA.o\n#iO1SC݁V&8Wd[or\ZnPa\0\0CuѶ\'?i@\"oP;b8A#տoo\0\0\0\0\0\0\0\0\0\0\0\0\0\0\0\0\0\0\0\0\0\0\0\0\0\0\0\0\0\0\0\0\0\0\0\0\0\0\0\0\0\0\0\0\0\0\0\0\0\0\0\0\0\0\0\0\0\0\0\0\0\0\0\0\0\0\0\0\0\0\0\0\0\0\0\0\0\0','37618571.JPG','2016-12-21 09:00:43','2016-12-21 09:00:43'),(111,'tania','','saenz','molina',2,'1102358737',NULL,1,NULL,'1998-01-07','calle 6 numero 9','san rafael','','3155579699','taniasaenz660@gmail.com',NULL,'\0T*s\\A7	qUZ:qȻ]qHhzcD˝zl$52!Gu*M<y]O	/n8?Y*	{Deq]ᛨo;qAXف}2;!(Z!na٩oj/z+EdL/\r;\"lk4]рX31ql\n]+S/-,l\ZLTJ:/Vp>-چ֭I0%%m\Z]k@ԫ7A-GBY[,ǞhR5e➸]+@*\'Јó.fxQdo\0\r*s\\A7	qU\0\"͓W^8X%³\rgK4i@̑ǿlo	~N \ZWq@- Cra[1bS ɣV66\ZsP&fe<0-HpS	CH˷T@=! vZcSZ^/ԁ3`Z)5qYB+&;P9JC2)dYD\'Uy.fjy_UHة.,>w5D_o\0.*s\\A7	qpUyti^\n*O\rK4#_ǻ\'qrDOx)OIv-b7֢X\":~(w89v>4pwWh/o3cwR4{Iͨ_hѿxw ?KV{̏LX[bBˈ [Y0h*\'P `!Z#ɖӽ^`f9\"y85w$倠)q8ʨk._j\nS$)Q[c/,꒝ZNT+<`Mo\0*s\\A7	q0UxfON3b\\mE51bGxϤ{%Z|Rye#Ap#d%\n2MGd\rt\Zއc2ƹ8KPzrTIT3r蘸^tr:EYDZG(N\0$\03w˾C\'S͵}ľ1<&XG3ҥ&F\\\0(5Rue)a[#yT:B5cbgudV-\ZYW6$g֍0`Cwrbz>+оPL<@[n!9Uڢ\rQe\rju@fq[ƊxU\\-S;%rlȂ0&h&%i`߮g)EJU.o\0\0\0\0\0\0\0\0\0\0\0\0\0\0\0\0\0\0\0\0\0\0\0\0\0\0\0\0\0\0\0\0\0\0\0\0\0\0\0\0\0\0\0\0\0\0\0\0\0\0\0\0\0\0\0\0\0\0\0\0\0\0\0\0\0\0\0\0\0\0\0\0\0\0\0\0\0\0\0\0\0\0\0\0\0\0\0\0\0\0\0\0\0\0\0\0\0\0\0\0\0\0\0\0\0\0\0\0\0\0\0\0\0\0\0\0\0\0\0\0\0\0\0\0\0\0\0\0\0\0\0\0\0\0\0\0\0\0\0\0\0\0\0\0\0\0\0\0\0\0\0\0\0\0\0\0\0\0\0\0\0\0\0\0\0\0\0\0\0\0\0\0\0\0\0\0\0\0\0\0\0\0\0\0\0\0\0\0\0\0\0\0\0\0\0\0\0\0\0\0\0\0\0\0\0\0\0\0\0\0\0\0\0\0\0\0\0\0\0\0\0\0\0\0\0\0\0\0\0\0\0\0\0\0\0\0\0\0\0\0\0\0\0\0\0\0\0\0\0\0\0\0\0\0\0\0\0\0\0\0\0\0\0\0\0\0\0\0\0\0\0\0\0\0\0\0\0\0\0\0\0\0\0\0\0\0\0\0\0\0\0\0\0\0\0\0\0\0\0\0\0\0\0\0\0\0\0\0\0\0\0\0\0\0\0\0\0','1102358737.JPG','2016-12-22 17:34:05','2016-12-22 17:34:05'),(112,'miguel','angel','dulcey','ruiz',2,'1102365467',NULL,2,NULL,'1990-12-20','carrera 7 numero 13-31 bloque 11 apto 202','la candelaria','6650811','3152672351','ducey3@hotmail.com',NULL,'\0*s\\A7	qpU{5*VS-\"_BMGnu፭@X_p%nbJyħn\0ɷE\\\\\r!Ocv\0ۊGxnKG.C6Rj\'W(.:$̂uI{aMm.ʥzЬNȼ9KA+Ǩb00nu-U C{ˎU\rHNݛ[U\r5kQdLp6u=]ܿHy,=gޣ#O`RN1jP(\\	zPw|:̙ʖ4o0nY*zci8	>b\rJoV퐨~QQP@~v#0P?ȳ(Cd^eo\0*s\\A7	q0UB̳ˇȔ䒅Q6ݰ~W\"R0MmK.@sk{D\n|A\rо\\	WP 0DH(	G\\2y髃\'GGLb<)`yzH,!,F3\03\\\'tB|_y6n:⹋:%>8}K\'{rbn01pJ9_%Vv6NNao2\0z즙S=xuS_2f,:\r\ni&E/aK1BKaJ*v?Lm\0aeulӜ \05r(DcO }jETsdȹVaӺo\0~*s\\A7	qU!6ueJpT	\0Hj+\rU֊A7Ly> P-:9G)s\n5ʴ$_Taϒz\"|`{\'֚aA&l:\0TC9I-D93`\rB\Znl\Z9j*y!ڧѭR;Fп^.oN-Xk72YJjdʚnCj_nfU0\\8μJtn8VzDȬqG?z{aRL3OĪ:CO%L#Ti7i~}GPT\0b\nc\0Z(Uho\0*s\\A7	qU|:SKXJ!9o2\ryp@Zfc^6o>H\r܋[DNz6OO4j1FlV\r+QXBk%@p`,(wS2~ϡ(ڝR|دr8J1j`_\nw*G7\nWF(go%8\r8#\\F.n6HO~۴+>\0d}O*9dG23AKHѫڕ&SQmhq@w7)~/<0~걆Rf/7g9+f6W|}4wz7%Q6*&;ZnW\0yQ\'u~:>h_\"q@tUÖ`\rQp֣%>V$C:8zTo\0\0\0\0\0\0\0\0\0\0\0\0\0\0\0\0\0\0\0\0\0\0\0\0\0\0\0\0\0\0\0\0\0\0\0\0\0\0\0\0\0\0\0\0\0\0\0\0\0\0\0\0\0\0\0\0\0\0\0\0\0\0\0\0\0\0\0\0\0\0\0\0\0\0\0\0\0','1102365467.JPG','2016-12-29 05:03:58','2016-12-29 05:03:58'),(113,'arley','jhoany','velazco','lizaraso',2,'91351910',NULL,2,NULL,'1980-03-26','calle-9 # 4-54','centro','','3178942819','geovannyenano@hotmail.com',NULL,'\0~*s\\A7	qU7\\UX,wyNI1aW;|	S]$t!W\0F`29-Dqj]nOA{I7\\B3@\0~F;5RFˉ\n\'|jZқ.=%1[dJqMMRY#s5YyiZuyBv\\j={LLtgç*:^̍Sc\\U+aAHRSpј[-BΡkYZO:LحLw\0}ٲF*J\"Ǫv4:ŖzijJfVÅk=z[GvES\Z|ݍ3SpKLl++|~To\0*s\\A7	q0UCf=?\n\r>\\b+QOO.tq|f=q4 QÔC0}1>Q*X820$`m&P$k{Ė2 f%1ʤ\nG,ͤY`[CS̯H@k#Nq\Zm/4z/i,`wˇH{6178Wn\r Zz}ֻJ93\r,~V\ri{fe=\"[a*2\0r܊D/q/%Fh?OǱhUƙ{ͰЛgWavx\Z9|	&NfHhŜK u-PsQPkio\0*s\\A7	qpU˞9&Gr,O4+!6o)&:9޷ELK/5Iљ0:hcdPR[yN0j:T#DS\Z mMH3\"2<L]QN^-_ۡy! 1rF\ZDVDRYjiO)kmm֕rn%5OKvຠu:k]\nb̄夲b6JAWפSϘ*m\\JhM͈NVe\0U7OiVi~oMtk8됳0Dq,sgabV(j(bw~HQ;&#7Thѣ:tD\0wwRqE|/{[=yo\0|*s\\A7	qUjYҎE;(yۚWbYL_^5w(fBSf3Hozq0B:N\0kyS8ï^fLࢯڍSUӪZQV[>4ڮewx훱}AL[nO2[rFAtwMM,9!(-C&wBkR^a+lr}3.p	ERmqvd˲OLWjN*<:KǷYEjfص\nX5ۿ\'b>(g.SJӖii>K]BAJ6m*dNܪш?!\ZXo\0\0\0\0\0\0\0\0\0\0\0\0\0\0\0\0\0\0\0\0\0\0\0\0\0\0\0\0\0\0\0\0\0\0\0\0\0\0\0\0\0\0\0\0\0\0\0\0\0\0\0\0\0\0\0\0\0\0\0\0\0\0\0\0\0\0\0\0\0\0\0\0\0\0\0\0\0\0\0\0\0\0\0','91351910.JPG','2017-01-03 05:21:47','2017-01-03 05:21:47'),(114,'carlos','alberto','gomez','garcia',2,'91356578',NULL,2,NULL,'1985-03-29','calle-5 # 16a-55','san cristobal','6542964','3223749401','crisronaldo291@hotmail.com',NULL,'\0*s\\A7	qU&	aWrh+>rU*$\Z7qk>/_;iDIƹO>F^`SƤVsb%`MJ\0/<Q=[gnDqCc|?2L@\Z?1ì]/DToI\07(ŢZ䢥 .Z.*LӜ$S0!!\'cRRU؟#.FO>Dgڨ\"X\\<Xq#}fX֯EC|\r>ܺheY{z>0xkjIF.ϲr~*-3?oՃp/Bb.!\0#Zhu\"Y!rmo\0*s\\A7	qpUJ{XE1&6G\"&FOdS|!9?[\"F\\RėOtZ\"TbhtƼ,S\0\"+8phwH-~J	&\nNyM˨wVZh9+6p0+f7O#}*~FSk^4)h$R:nnG9;/\\aDŒnv3ș?9\'e<֞GG34+?҅#x1<F.5%$Ӕ,vjb{5BiƗ<<x\ZGSdb|%\'(i_#}WH\r))Џkm߬-Y*O+;n<~F(̓VVe#Y gl~o\0*s\\A7	qU}+][`OAUTԾ!ūH~d<)F͘\ZK|/}1]T_w׺K=\Zxs-mhp`(g2h>͆C&y`2gdsuzc}ˀ\'ӨYnɺ\\@|5WXbB1c[\\IfTsP@ɇK(&\r8ok{WuiO\\	yrZ \nzXVwG7Rb7A\"q %t?TAa.<ɵ?8\0(2C2N|WK},W%ۉk=L3cB)/y o\0*s\\A7	qUYhH1Y]h|B-KwtC8`L]>S/{K[\"+Z8)G(-CiHM32[~:p畢eߙ>KVmN|g4>JEjpr]zo$B9hHHVC,CwSŶL6sLŶ\'|%YOb]G\'צ:#zC8Y(,)\0JEeC,Y	}pKlfWއfaUQ\".ajuL\n<F9\ZYN?oY]?xJ}xc2Mӿҋy:`-J#%F0*N;YRaޘ1K	_Qo\0\0\0\0\0\0\0\0\0\0\0\0\0\0\0\0\0\0\0\0\0\0\0\0\0\0\0\0\0\0\0\0\0\0\0\0\0\0\0\0\0\0\0\0\0\0\0\0\0\0\0\0\0\0\0\0\0\0\0\0\0\0\0\0\0\0\0\0\0\0\0\0\0\0\0\0\0\0\0','91356578.JPG','2017-01-03 10:52:13','2017-01-03 10:52:13'),(115,'diego ','alexander','benitez','medina',1,'99111606729',NULL,2,NULL,'1999-11-16','carrera 12 numero 3-74','villa nueva','6650953','3182857616','diegoalexanderbenitezmedinaMADARA10@hotmail.com',NULL,'\0*s\\A?/x;Vĺ{\0	Smt3rQ\ZhbVovRuJCkb\0CoiFNX?^0Г\n[d_7R4R p(_x홗\"DcKסK%d%IN7jфd񻑵Lt8;lF4	g-k~>R6x!werh%w*D	öMd#P}O+&x5LKBvfuS\0+jUθDZ%	^,48xCEI+9D߇pBmShgJ)opk``iU9zπ	c%stpYqo\0~*s\\A7	qUt	\rˈ{3&\\bcaɍe_lGFyJNmHwZzC=\'e;?o1$wŁibUb3/UdHmR(Yo1[\rmEM\rDna>~ᙸ,8W\"LȻ/CDY#u|9kԧVt-Hx6![hP{ej@5!*]Jyze2\"s!1裐w\\id eraY|ws\01z;\nP@a݆_zc\'1tVO5BPweJ;Cd!Q_o\0*s\\A7	qpUOjqkbKss%<+a|XRP><oC7럛]䓢G?@F|ztPdD5sڟ\rήUf][\'hϏЌR>NxDqnF]zgi%Z\rw&\0\'+bJhFQP3pD@)TI	Ac^n!+l\r0.oq\\ :#\r]`<p~WMX_yZK\rgB⫖>eZ4M7]@uc(iq*};t$(s]ý_OIM>~:Y=2[jEK󬘱\Zo\0*s\\A7	qU<B9E>sIASesyPbSe{ 	\'dOo+Dy\"!:bKOǥ-*JDr33?1;b6W4;IT1hgIx{ųd3N3A^Q\'e͊˝7-J%sxիP޹|cj$4G{㛿a9].w`tG/L-um ot!88٢aR\\DOUbfNcڙa+dJ<9/>7;ѽ\'Lj:.3&?ڜNY3<?¾x\Z]zf/[}(\rtg0eE5&Io\0\0\0\0\0\0\0\0\0\0\0\0\0\0\0\0\0\0\0\0\0\0\0\0\0\0\0\0\0\0\0\0\0\0\0\0\0\0\0\0\0\0\0\0\0\0\0\0\0\0\0\0\0\0\0\0\0\0\0\0\0\0\0\0\0\0\0\0\0\0\0\0\0\0\0\0\0\0','99111606729.JPG','2017-01-03 15:57:06','2017-01-03 15:57:06'),(116,'sergio','andres','caisedo','diaz',2,'1102348960',NULL,2,NULL,'1985-08-26','manzana n casa 1 ','bariloche 2','','3102824924','sergioga26@hotmail.com',NULL,'\0F*s\\A7	qU\\pvN5LiL\"¯tІl\\ϽLO듮jQ&^%cU;lcSWQʑ|:Hgظ&<t԰k>ecf3S(iB\'u:S>KNϧ;R>@~\"դY69Y^=s)EX4E\0Q\\{M75@G8嵈ꋲ9\ZCL/LaV(~|E}4#\099gf,r*Ƹ8cg:%ao\0B*s\\A+\r)@@ ܪ+l 7(X?C+ӻ`!)TM}i\n9#I(/\\R*XD#}~^*IG[>nY,I<X|{^[?7c3v5(n!jk[&DT6֌\\=Q;f[]z>	6,fݚWg^)\nOH7\ZΤ5ls%Yy\r7Ø&,ʁJ7\Z6]%,G<Ns*d9Sand>+BW/ЌO-QH&i;t\0>Rl\\4o|d뤦Qro\02*s\\A7	q0U\Zx4,>d;M:@7_zoKz.zug{`U.K;\')O[V Iv,Ѵ_TT\nIb%wRC_QNX,g\'3⛭壾gQ`_Hݳ5=ay4*T>0ɸ	\rG#@zHI3zp,I@K~dy*!?w_Wu3Гu)i+\Z|0	I傍.)懺\"רnUEGFYhgo\0M*s\\A7	q0UOAzW!Ã6U%ut朠]	z1[J\Zq͕WG߱38M&[yVӥcX׸X!}\nsRCl<<RE8cD4vC%|\n%ͥ0%U)$pW<9JN7^;gF<#y<QdW<8ZIT5*3	3*I-Ŝ9LOhCcxOj;9DFLû0ݐvZ<3Q0-j?yNo\0\0\0\0\0\0\0\0\0\0\0\0\0\0\0\0\0\0\0\0\0\0\0\0\0\0\0\0\0\0\0\0\0\0\0\0\0\0\0\0\0\0\0\0\0\0\0\0\0\0\0\0\0\0\0\0\0\0\0\0\0\0\0\0\0\0\0\0\0\0\0\0\0\0\0\0\0\0\0\0\0\0\0\0\0\0\0\0\0\0\0\0\0\0\0\0\0\0\0\0\0\0\0\0\0\0\0\0\0\0\0\0\0\0\0\0\0\0\0\0\0\0\0\0\0\0\0\0\0\0\0\0\0\0\0\0\0\0\0\0\0\0\0\0\0\0\0\0\0\0\0\0\0\0\0\0\0\0\0\0\0\0\0\0\0\0\0\0\0\0\0\0\0\0\0\0\0\0\0\0\0\0\0\0\0\0\0\0\0\0\0\0\0\0\0\0\0\0\0\0\0\0\0\0\0\0\0\0\0\0\0\0\0\0\0\0\0\0\0\0\0\0\0\0\0\0\0\0\0\0\0\0\0\0\0\0\0\0\0\0\0\0\0\0\0\0\0\0\0\0\0\0\0\0\0\0\0\0\0\0\0\0\0\0\0\0\0\0\0\0\0\0\0\0\0\0\0\0\0\0\0\0\0\0\0\0\0\0\0\0\0\0\0\0\0\0\0\0\0\0\0\0\0\0\0\0\0\0\0\0\0\0\0\0\0\0\0\0\0\0\0\0\0\0\0','1102348960.JPG','2017-01-04 20:26:02','2017-01-04 20:26:02'),(117,'giovana','','duran','garcia',2,'1102348356',NULL,1,NULL,'1985-08-18','carrera 5 numero 3-48','la tachuela','6554586','3178646008','ginnadugan@hotmail.com',NULL,'\0K*s\\A7	q0Up,Cir]΋~gpK|q2C^Փbn91Vr%vrxgF\Z,qɀϧe{V6܏&V\'\ryȸDIkt\\Ov0U\'{#	MdS|N$}g8\0*THރFA(ȝ(OcBp[;&G6 _;H	2\'vi\"82OٶJR>ߤ*@+:wǲ^	p<HΕKOlj{òޣb	:gdziVSo\0J*s\\A7	qU/ !|.-Yr_:\'\"z8[	+5]#rNԜ\rLA(Aa~zp0)gװu$lkhCLx0$r,TijRڑp**:uOst@Y<=&Ś/6޹>Itv)-`212k.b_\"\'VS\\K{M1+`S1fsf\r=vX-gQH  ]xϟ ^\nh,ӻU]\"!KFER,m㛒B-֋b*g0ү	@do\0M*s\\A7	q0UXHnw>C³}.}6!q̪cC<j|XO/9\\M`J ą\r N7Fv:QR\nk.	06tIosq<|R+5FbTL~\\:/dgT-H:H4P,Bh-##ެ2+8ZM\'|y*(wԱ	q{!f=/\"] Ō{zʈK! s˹`)rrܵ}9̥	a$&A:ѐ us@Ҏp@s.&9DaNco\0\"*s\\A7	q0UrU`N|AR}5f$*݇;ᅔUU!u0M\"I})\"g1wkbT\"\\A%K	+u%g]M՟V&wI=\Z:O\n壅t_u#p]If?I={zRjjqW$UI9 |`{8T<g0{`4Eh\rI-5\"/Yqp@\\sQAH!rŨ.?\r:ҙn\0mH%\0<lZS50[Tf݂Co\0\0\0\0\0\0\0\0\0\0\0\0\0\0\0\0\0\0\0\0\0\0\0\0\0\0\0\0\0\0\0\0\0\0\0\0\0\0\0\0\0\0\0\0\0\0\0\0\0\0\0\0\0\0\0\0\0\0\0\0\0\0\0\0\0\0\0\0\0\0\0\0\0\0\0\0\0\0\0\0\0\0\0\0\0\0\0\0\0\0\0\0\0\0\0\0\0\0\0\0\0\0\0\0\0\0\0\0\0\0\0\0\0\0\0\0\0\0\0\0\0\0\0\0\0\0\0\0\0\0\0\0\0\0\0\0\0\0\0\0\0\0\0\0\0\0\0\0\0\0\0\0\0\0\0\0\0\0\0\0\0\0\0\0\0\0\0\0\0\0\0\0\0\0\0\0\0\0\0\0\0\0\0\0\0\0\0\0\0\0\0\0\0\0\0\0\0\0\0\0\0\0\0\0\0\0\0\0\0\0\0\0\0\0\0\0\0\0\0\0\0\0\0\0\0\0\0\0\0\0\0\0\0\0\0\0\0\0\0\0\0\0\0\0\0\0\0\0\0\0\0\0\0\0\0\0\0\0\0\0\0\0\0\0\0\0\0\0\0\0\0\0\0\0\0\0\0\0\0\0\0\0\0\0\0\0\0\0\0\0\0\0\0\0\0\0\0\0\0\0\0\0\0\0\0\0\0\0\0\0\0\0\0\0\0\0\0\0\0\0\0\0\0\0\0\0\0\0','1102348356.JPG','2017-01-04 20:29:34','2017-01-04 20:29:34'),(118,'magaly','','roa','viola',2,'37713278',NULL,1,NULL,'1980-06-24','calle 3a numero 17-36 apto 202 ','san cristobal','6542200','3154556402','fama140308@hotmail.com',NULL,'\0z*s\\A7	qpUi&\"~K\nz@u*7\"_V\rGfҿ՘~!wZlSb*匩\nR\"Ƿ>{ySϹXϹ\0*]&ړwH3эaTFCnr{7e`=w\"穋w	!PQr`?\n\0fz^R~P[ĈXv?3?[7n|\n a$ #M&iQ\Z#$Z T3/)H;S=R 3\Z3.82nӉ3&z9ԜpY,\\uݙKfJJ2ODZ4v)vo\0z*s\\A7	qU}mm\\7);eJo&,rTH,g	E]\rb,:L&dUS`Ι\"1e؉p#^k\ZL\ryS%eXe=rP0\'Np¹VwE|\Z;ĿqV~zϛng60m7XYc\Z|.nssX\0w*Dy!uv5/~WKÇ(\n+am[6u哊g\n뗠Ռ\\@	;<~{M@(Y7F2ŗ]yi1ݵIuS)d	rC=oct!pqܟ!!5q<FE\']QEgo\0*s\\A7	qU=XU@ތK׎hb|YJ`FOF;Gxl1)hs#{(20낑_FsKsCGn+qK+3&#3n@U)LR{5j\Z˃?ixcU\'IJE=;9clF}/fߦh׆F۬?^CShlcL:ܼpV^lq0,D[ri		vS Ð#zK.	Hp7ʺ\'\0ӦL&p	_dEUs9$`,.yM`%gvak^9[KPװ-\\Yd]o\0=*s\\A7	qpU}=۴q7+}OZf?3xjUH4j!69Z\'*GJ0)Xna,\"t/N9^Qym縚9;WZlXј⾚y\"97,Q1L9iӒ|\"t/΍Xcxi-GZm-ZJSvhS8Ҧ%rM8^Jt%،G<b1vEAk2@ѵ~͖9{\\O1\\~}HDcH<Af!$k5pflYo\0\0\0\0\0\0\0\0\0\0\0\0\0\0\0\0\0\0\0\0\0\0\0\0\0\0\0\0\0\0\0\0\0\0\0\0\0\0\0\0\0\0\0\0\0\0\0\0\0\0\0\0\0\0\0\0\0\0\0\0\0\0\0\0\0\0\0\0\0\0\0\0\0\0\0\0\0\0\0\0\0\0\0\0\0\0\0\0\0\0\0\0\0\0\0\0\0\0\0\0\0\0\0\0\0\0\0\0\0\0\0\0\0\0\0\0\0\0\0\0\0\0\0\0\0\0\0\0\0\0\0\0\0\0\0\0\0\0\0\0\0\0\0\0\0\0\0\0\0\0\0\0\0\0\0\0','37713278.JPG','2017-01-06 10:04:26','2017-01-06 10:04:26'),(119,'nancy','marcela','melgarejo','cordero',2,'1102365866',NULL,1,NULL,'1991-01-20','manzana e casa 22 villa elena','villa elena','','3125511861','m.ximena-2007@hotmail.com',NULL,'\0*s\\A7	q0U:OY!o\n@ӏùsr	іmH*B3^1v!RLQqĞҀva|<twyJ}@I$_ `[P\" nO3<brSm=JTV	;$JH:U7<ڝ98UB5$g,6\nC$jقU_TEyDDn)q	jԧYTe W{\Z,yIDo\0*s\\A7	qU#恳M	\r@tqPɖ^stbKKFH&v֮|ԧ02Od\ZeW+Z0aC8rɥwq\\{$])\r{Q+uˬr@B2	!Ү+yo~PXj])|s􏁇؎m-atC<jZi-T*EM¿l\rE PfkZcМؚGΘK4{D4zqꖽ`WK_*Ǆj1o\0*s\\A7	qpUgOl>M?鄅1¤e!^\nLʴ\"\'cK-ÎT̈ı;ڃ?䬑fb66U})\r+	6>%/`[%uБQQ7FGՌ\0;\n\'(jQToT4KЏ@Jk9Vtit/$òrQ7wJ%WU4Nav5OFo\r9;{HpB7eb\Zo\\vhҟ\ZJ>7	o\0\0*s\\A7	qUH>b.˃+2J^M\0yB,:[QZTҊI29:Tれ$}PX+	cU\\˷Nڳφkxm__H	e+Y<2YXiźjqG8JQMТ߅o\r}7\ZTa5n[)v91gked#Hų[evt6W(5yFnXo\0\0\0\0\0\0\0\0\0\0\0\0\0\0\0\0\0\0\0\0\0\0\0\0\0\0\0\0\0\0\0\0\0\0\0\0\0\0\0\0\0\0\0\0\0\0\0\0\0\0\0\0\0\0\0\0\0\0\0\0\0\0\0\0\0\0\0\0\0\0\0\0\0\0\0\0\0\0\0\0\0\0\0\0\0\0\0\0\0\0\0\0\0\0\0\0\0\0\0\0\0\0\0\0\0\0\0\0\0\0\0\0\0\0\0\0\0\0\0\0\0\0\0\0\0\0\0\0\0\0\0\0\0\0\0\0\0\0\0\0\0\0\0\0\0\0\0\0\0\0\0\0\0\0\0\0\0\0\0\0\0\0\0\0\0\0\0\0\0\0\0\0\0\0\0\0\0\0\0\0\0\0\0\0\0\0\0\0\0\0\0\0\0\0\0\0\0\0\0\0\0\0\0\0\0\0\0\0\0\0\0\0\0\0\0\0\0\0\0\0\0\0\0\0\0\0\0\0\0\0\0\0\0\0\0\0\0\0\0\0\0\0\0\0\0\0\0\0\0\0\0\0\0\0\0\0\0\0\0\0\0\0\0\0\0\0\0\0\0\0\0\0\0\0\0\0\0\0\0\0\0\0\0\0\0\0\0\0\0\0\0\0\0\0\0\0\0\0\0\0\0\0\0\0\0\0\0\0\0\0\0\0\0\0\0\0\0\0\0\0\0\0\0\0\0\0\0\0\0\0\0\0\0\0\0\0\0\0\0\0\0\0\0\0\0\0\0\0\0\0\0\0\0\0\0\0\0\0\0\0\0\0\0\0\0\0\0\0\0\0\0\0\0\0\0\0\0\0\0\0\0\0\0\0\0\0\0\0\0\0\0\0\0\0\0\0\0\0\0\0\0\0\0\0\0\0\0\0\0\0\0\0\0\0\0\0\0\0\0\0\0\0\0\0\0\0\0\0\0\0\0\0\0\0\0\0\0\0\0\0\0\0\0\0\0\0\0\0\0\0\0\0\0\0\0\0\0\0\0\0\0\0\0\0\0\0\0\0\0\0\0\0\0\0\0\0\0\0\0\0\0\0\0\0\0\0\0\0\0\0\0\0\0\0\0\0\0\0\0\0\0\0\0\0\0\0\0\0\0\0\0\0\0\0\0\0\0\0\0\0\0\0\0\0\0\0\0\0\0','1102365866.JPG','2017-01-06 18:58:30','2017-01-17 19:20:07'),(120,'dayra','liliana','melgarejo','cordero',2,'1102362528',NULL,1,NULL,'1990-01-03','manzana e casa 22','villa elena','','3173516730','dlmelgarejo8@misena.edu.co',NULL,'\0)*s\\A7	qUB.%UB\'$R@z%E7i&Fq Xr\rqDQ7@ZEF́!\'HkUR@xàw\'H-CY+VzQNia\\=ha[2v8R\0(u]J6lEÈT:o`݊{?)i0ZmstS</G5;F{0ݧ=>DXB0Y*MP2SCPն5qlI(kWX`o\0*s\\A7	qUjrs\n\\I@Y2r\"W}&9%?:.Wd!|5f/&/9pKU#\\5.lb Тvg&Qͱ;o%A#zy2pb1s%,އsS{ǮJ\"	%`8,!R\n\n[EW(ݲ,\nCktBu\0n{-X7`e$/N	O1տΨ(o\0*s\\A7	q0Ucjg8e\0,xPA/\Z50t_|]fXo5.H\r\"	8p(=mum#ҒZ	Kl:#LI[Xb{Ee5ؓ&\'>/lq\0cڋ32LJg#<	 @u{Xn[C6 W?\nћd}IZI{0[#\0[zOf-p)ZکDMo\06*s\\A7	qUωEFR~.}FS\"yuA57k	9Ҿ{`3&0\\ G%9BY}6ʞZA߮#κnrdv\0O\0K0}41{e8Ҁ*U.uNw^Cڪy\n7iuT΋4kosFaluI\"xi(rDGY{$M[P8lfߵ~Fe>{ʙ,.%PT|vAqwFYL].la1t}TE~L^ܞo\0\0\0\0\0\0\0\0\0\0\0\0\0\0\0\0\0\0\0\0\0\0\0\0\0\0\0\0\0\0\0\0\0\0\0\0\0\0\0\0\0\0\0\0\0\0\0\0\0\0\0\0\0\0\0\0\0\0\0\0\0\0\0\0\0\0\0\0\0\0\0\0\0\0\0\0\0\0\0\0\0\0\0\0\0\0\0\0\0\0\0\0\0\0\0\0\0\0\0\0\0\0\0\0\0\0\0\0\0\0\0\0\0\0\0\0\0\0\0\0\0\0\0\0\0\0\0\0\0\0\0\0\0\0\0\0\0\0\0\0\0\0\0\0\0\0\0\0\0\0\0\0\0\0\0\0\0\0\0\0\0\0\0\0\0\0\0\0\0\0\0\0\0\0\0\0\0\0\0\0\0\0\0\0\0\0\0\0\0\0\0\0\0\0\0\0\0\0\0\0\0\0\0\0\0\0\0\0\0\0\0\0\0\0\0\0\0\0\0\0\0\0\0\0\0\0\0\0\0\0\0\0\0\0\0\0\0\0\0\0\0\0\0\0\0\0\0\0\0\0\0\0\0\0\0\0\0\0\0\0\0\0\0\0\0\0\0\0\0\0\0\0\0\0\0\0\0\0\0\0\0\0\0\0\0\0\0\0\0\0\0\0\0\0\0\0\0\0\0\0\0\0\0\0\0\0\0\0\0\0\0\0\0\0\0\0\0\0\0\0\0\0\0\0\0\0\0\0\0\0\0\0\0\0\0\0\0\0\0\0\0\0\0\0\0\0\0\0\0\0\0\0\0\0\0\0\0\0\0\0\0\0\0\0\0\0\0\0\0\0\0\0\0\0\0\0\0\0\0\0\0\0\0\0\0\0\0\0\0\0\0\0\0\0\0\0\0\0\0\0\0\0\0\0\0\0\0\0\0\0\0\0\0\0\0\0\0\0\0\0\0\0\0\0\0\0\0\0\0\0\0\0\0\0\0\0\0\0\0\0\0\0\0\0\0\0\0\0\0\0\0\0\0','1102362528.JPG','2017-01-06 19:01:14','2017-01-17 19:20:57'),(121,'yecenia','','hernandez','leal',2,'1',NULL,1,NULL,'2000-03-09','manzana e casa 22','villa elena','','3183115613','yesileal@hotmail.com',NULL,'\0*s\\A7	qU?\r~2a@v#$AM!6\ZeǭA)JܶZbMVJȞPu\nFwc]Ȩvk3]5j\rqjWL# k\"FBLШq#g4^Rطx	4kAk,hT&8XZȟ}ek]~w2\ZNƊk|1TDs`GZ2Ȧqr24_3e˯ǖ6{o\0*s\\A7	qU,]$ǩh<04?OMy/	TvTwfn	)x>]FPlDnP(	b ҟ͊䂆j\n6g4Lߊ,N*zTՑpej,Gv.\n\Z1\"!OAgXkNc^&@&냑u3Lsh\0..	-^cV}~OL<?V!IC	:&Pw<K{,CGڔR\\jfY+PdJj-o\09*s\\A7	qU Bc@\"*It&v/&vrõY>ӯm{5F\\:cBU];^Wj]ҒA[4V%q`Q75c0TFvʝ\\w䂿\0%%&|g5񜲖#V\'Y gObl7͝!@dL&<U85;Gh݇\"I*Wێ8dVE\ZޘeD!V:ϓmeG̘v<ER9=RY]\r[(R!Cq6n,/gpUN}âo\0\0*s\\A7	qUEHlS8RlW_	Lv[f-.sPJ(]Y)b.!֓X\Z}hd1A=Ymvo@W`O+eb%gT-|<z7_Σ24mĝQ>W4]y*P״7VӏVi*DpKVne\rhFL/<]·o\0\0\0\0\0\0\0\0\0\0\0\0\0\0\0\0\0\0\0\0\0\0\0\0\0\0\0\0\0\0\0\0\0\0\0\0\0\0\0\0\0\0\0\0\0\0\0\0\0\0\0\0\0\0\0\0\0\0\0\0\0\0\0\0\0\0\0\0\0\0\0\0\0\0\0\0\0\0\0\0\0\0\0\0\0\0\0\0\0\0\0\0\0\0\0\0\0\0\0\0\0\0\0\0\0\0\0\0\0\0\0\0\0\0\0\0\0\0\0\0\0\0\0\0\0\0\0\0\0\0\0\0\0\0\0\0\0\0\0\0\0\0\0\0\0\0\0\0\0\0\0\0\0\0\0\0\0\0\0\0\0\0\0\0\0\0\0\0\0\0\0\0\0\0\0\0\0\0\0\0\0\0\0\0\0\0\0\0\0\0\0\0\0\0\0\0\0\0\0\0\0\0\0\0\0\0\0\0\0\0\0\0\0\0\0\0\0\0\0\0\0\0\0\0\0\0\0\0\0\0\0\0\0\0\0\0\0\0\0\0\0\0\0\0\0\0\0\0\0\0\0\0\0\0\0\0\0\0\0\0\0\0\0\0\0\0\0\0\0\0\0\0\0\0\0\0\0\0\0\0\0\0\0\0\0\0\0\0\0\0\0\0\0\0\0\0\0\0\0\0\0\0\0\0\0\0\0\0\0\0\0\0\0\0\0\0\0\0\0\0\0\0\0\0\0\0\0\0\0\0\0\0\0\0\0\0\0\0\0\0\0\0\0\0\0\0\0\0\0\0\0\0\0\0\0\0\0\0\0\0\0\0\0\0\0\0\0\0\0\0\0\0\0\0\0\0\0\0\0\0\0\0\0\0\0\0\0\0\0\0\0\0\0\0\0\0\0\0\0\0\0\0\0\0\0\0\0\0\0\0\0\0\0\0\0\0\0\0\0\0\0\0\0\0\0\0\0\0\0\0\0\0\0\0\0\0\0\0\0\0\0\0\0\0\0\0\0\0\0\0\0\0\0\0\0\0\0\0\0\0\0\0\0\0\0\0\0\0\0\0\0\0\0\0\0\0\0\0\0\0\0\0\0\0\0\0\0\0\0\0\0\0\0\0\0\0\0\0\0\0\0\0\0\0\0\0\0\0\0\0\0\0\0\0\0\0\0\0\0\0\0\0\0\0\0\0\0\0\0\0\0\0\0\0\0','1.JPG','2017-01-06 19:03:55','2017-01-17 19:33:57'),(122,'root','tatiana','quiroga','aza',2,'1102379866',NULL,1,NULL,'1996-04-03','carrera 11 numero 1b 40','la castellana 2 etapa','6544013','3178812660','',NULL,'\0q*s\\A7	q0U4\n+fW&!&4Enir.<mCɧfklҳ-這{,TlЄ~:A)H]I9gLbmȕ$\rW^&to]{Q;p8NuES^qΪ+IǅK2\Z-\\	r]>Z)P.x(1XV֍56%˅.٣||[ر׽8mJSG!a6R# mX(\Z]\nP;ѣqHF4& 2k/.3KѮ%!\0>C2+8oB^u/A(COuX#drK=o\0P*s\\A7	q0U]d<TIqN\",b3C<̍!\ZO-pƱ܃[l4)z{fcLt\'Ig._w[^\"AHPંW.vuE Y;;rqK>[%\0?͢25hCbiK\"8sIjMceM=pU/\Z3v>}S<;f)`v}}w	N&xUeQULW.lZ4T\"uleKj(~uPm֌$)o\0T*s\\A7	qU`2]`JL6mCDfYsrQ8KT6xȆgAYl0ZyP-SGw1dfH21IkmdbA֢WZF|HC[jZ.yĕd~@z9lQPz(o](d&N8Vo\0\r}-C)Y0ĵD[~d2*\"j\Zۨ=3.[V=b#!	Dֆtg\'iovt4[j$OĠƲ]S2s9ڛsWk1ՌCAN෹=+0Sq$)Lr\nqEo\0;*s\\A7	qUvRjlfgLb6s{\n%LuLK4A qR`09@ҸۤxЩi;Mycr&ws(-TknJ&͕0nIz#>bQK`a6v\'ȁ|L|i	l6f7	*x	@ZsB/cccǔ㙿Z휎^V`\nXI_\\;4&%(&6]%V2.%(fpt\Z9%^(Fsen>f]o\0\0\0\0\0\0\0\0\0\0\0\0\0\0\0\0\0\0\0\0\0\0\0\0\0\0\0\0\0\0\0\0\0\0\0\0\0\0\0\0\0\0\0\0\0\0\0\0\0\0\0\0\0\0\0\0\0\0\0\0\0\0\0\0\0\0\0\0\0\0\0\0\0\0\0\0\0\0\0\0\0\0\0\0\0\0\0\0\0\0\0\0\0\0\0\0\0\0\0\0\0\0\0\0\0\0\0\0\0\0\0\0\0\0\0\0\0\0\0\0\0\0\0\0\0\0\0\0\0\0\0\0\0\0\0\0\0\0\0\0\0\0\0\0\0\0\0\0\0\0\0\0\0\0\0\0\0\0\0\0\0\0\0\0\0\0\0\0\0\0\0\0\0\0\0\0\0\0\0\0\0\0\0\0\0\0\0\0\0\0\0\0\0\0\0\0\0\0\0\0\0\0\0\0\0\0\0\0\0\0\0\0\0\0\0\0\0\0\0\0\0\0\0\0\0\0\0\0\0\0\0\0\0\0\0\0\0\0\0\0\0\0\0\0\0\0\0\0\0\0\0\0','1102379866.JPG','2017-01-11 20:36:14','2017-02-22 19:57:19'),(123,'brayan','yesid','gomez','gonzales',2,'1102382892',NULL,2,NULL,'1197-03-30','carrera 4 numero 17-35','barro blanco','6541981','3188766457','brayanygomez@outlook.com',NULL,'\0*s\\A7	qpU&t)&xU67OΨvCRj), \'SrzhF߅YD]#PR&OBj۝I6aPeh/\0.ؗna6X]弮Y4mI=\\x!psl+<j~ּ1mz}~u^ۼ@_{+!E?aB`^? ?يzkA!#Ȥ5n\"2c~P;ؽ{D`)/^Ek`\0+t5cuڢh?2FDwRj2.x7Cn?\r8l#--(qF1YNGo\0*s\\A7	qUIZ5*ڏ\\eFsh;	2WX2A{)G:Y㠈\'v \ZY`@\n7٫5~jtɁ\"o`	HmXva¼eCw&	{4seeӟof3t԰:\r96}b?展q\no\\:80ZCL>Y?{v]C#|0}oC]Z?LMJk\0KJ#Ŀ~\rBzj[IF(A]$$jbո\"09^9:afW8\Z{)?MN,:.%%Xʌgo\0*s\\A7	q0U	uOH%F>U<IDU<hgu4 H@`yK\r|<zwD5M>X13u7oejlDP?Yd;mgqK@Cvlr^QTH͠lﹹz^#[*@K[KwG`&{-;7~0l\n\"[6+>.\'V7rՐ\'(30	:yhqar>4XdŲWM}~C\ZM⋎щbSJR|\n\"_MMэ+~yթ?Uk{CnN2w\\Ӯ\\vpT;lo\0*s\\A7	q0Urn7]W*fX|N4w]6si]$MP/ŀ3i7\06KFB$̻7;Z\0,\'t|4a<;<$LLn}ϩ<4Ļ8=n΍ S޳Fڒ!#(a@W+\'x,b)h!ΐU^^*;6\0+#tw(O`SpՁX45= SU9aOƭ^ghҪ!\"$wadR1@0U,R(n}lj7n<˱XG!hFOb\rdS%@Sy\rs+\0\"zUSH[G5Hit+6}IVQxo\0\0\0\0\0\0\0\0\0\0\0\0\0\0\0\0\0\0\0\0\0\0\0\0\0\0\0\0\0\0\0\0\0\0\0\0\0\0\0\0\0\0\0\0\0\0\0\0\0\0\0\0\0\0\0\0\0\0\0\0\0\0\0\0\0\0\0\0\0\0\0\0\0\0\0\0\0\0','1102382892.JPG','2017-01-11 21:27:53','2017-01-11 21:27:53'),(124,'diana','patricia','paredes','hernandez',2,'1098604388',NULL,1,NULL,'1985-12-01','calle 7 numero 11-25','san rafael','','3178457060','pa.ti.co@hotmail.com',NULL,'\0H*s\\A7	qpUAK~kS}\\Yo#ʡիV\r*cG\nTbVul0.^&Al?|43a`άfxf=L&=z_\Zr4@dOvwIf&BU[{ܺ&QO#&XPzgOYÐtͤ\'uٌxl@e7	rK]4}1e\nm]yV4-+ZYf]vuE:?r#~m)W!`Y}{<o\0*s\\A7	qpUy;\0:\'6/f^W3tf .wF~WE)6UzoظA07Ij<4LSNB샢m&(Gg\n\"AKu>?7TSmȟOؖL7Vpڐg_<LA|}5mRĈN1>0_럒k\rjy2RXR%`BtZ67eA@\n]V$葹sRK2o<ЂQBMoㄵ1ukӣ_(]\r|\Z^L1uGo\'TNju͗vBo\0~*s\\A7	qUr3~VwG5@/\n+,ra#pLfa-;?\r-;gS1k>AS	iNA`)IjfN➀F.-.$ԝGqi|]o4jnu`m)nzˠ{;WA\'ܔ IyUV_#|SUp$1drTǽ]pTq,\nL\n\"œ՞^tl11vP[S	],z,|~ͺ\\r@fEr1-ڝ.6ęF՘o\0\"*s\\A7	qpUut8lZ}j\0Q+ā <~E~MNΧJvyaNU%J1\rΦ+ }̀ҭԯiHҮ&bQt%Scַ)5\\[cw+Qa\0s3t@@0q\\G-H=C>Up^\'N%ߖnfhf:Yf𴮡d0M^`^?tu.bCWHzOJ}=>^޿&;+o\0\0\0\0\0\0\0\0\0\0\0\0\0\0\0\0\0\0\0\0\0\0\0\0\0\0\0\0\0\0\0\0\0\0\0\0\0\0\0\0\0\0\0\0\0\0\0\0\0\0\0\0\0\0\0\0\0\0\0\0\0\0\0\0\0\0\0\0\0\0\0\0\0\0\0\0\0\0\0\0\0\0\0\0\0\0\0\0\0\0\0\0\0\0\0\0\0\0\0\0\0\0\0\0\0\0\0\0\0\0\0\0\0\0\0\0\0\0\0\0\0\0\0\0\0\0\0\0\0\0\0\0\0\0\0\0\0\0\0\0\0\0\0\0\0\0\0\0\0\0\0\0\0\0\0\0\0\0\0\0\0\0\0\0\0\0\0\0\0\0\0\0\0\0\0\0\0\0\0\0\0\0\0\0\0\0\0\0\0\0\0\0\0\0\0\0\0\0\0\0\0\0\0\0\0\0\0\0\0\0\0\0\0\0\0\0\0\0\0\0\0\0\0\0\0\0\0','1098604388.JPG','2017-01-12 18:01:46','2017-01-12 18:01:46'),(125,'silvia','carolina','pardo','peña',2,'63558423',NULL,1,NULL,'1985-03-18','calle 1a numero 0w-13','paisandu','','3186195508','scarpp@hotmail.com',NULL,'\0\'*s\\A7	qUsWA%\n]˼˔nL;.q;kӺV+E\'/r5~7\'4K\ZL۝D|]=`zlXRf>`GBH0W	C|Sf^m@{`BFӬ|wi\\#w @rPZ\ZT 1rX~܄h\'qL99ej}֎*Je^oRDWڠ}hbIm<9\0ro\0I*s\\A7	q0UyUad@>|d+mX<@\rǕs}(;^	lmO}\n]Zy6n$\'i&CW*Å\0-\rX\"TOPr$3WɌe<WeFAX&e>\r9䧙CfhBP*\Z+@\\*B٠PuFaoOӹi{~pb2iz}?\\38&$d(\0xLN߷>/R1T/<3eL~5$x	0;,ǯB	~]\'no=o9Ì\"\Z	rƺo\0[*s\\A7	q0Ub]ZO̅fLhU[`?x8%z`L:ߦYT50\\ͭ	\rj~l|ieN]r\rvOSv,P?·\0cz|N!^fՁf>xq!7YNHRv\Z{Zmkٿc	S1^?_إJցC\n}dckJ<aA\n*.\0\"f24fajU\\0BΈ\n&V\ZCӍ.\0?bdV	T;5K2}/=ǲjI<VmRY?GbKo\0$*s\\A7	q0U@qM΅BzjU\\8`G.B[sݶt#yxA!hefx2=y}W+xr)V*VTݮ)/	H4d\Z`#`?6;CJ/;U4Ou,SkE#:>቉{!b-}^.ҿ\r5+k,Rt_. Sy|~E^1Ou~#۸vHǯć;9G\\&do\0\0\0\0\0\0\0\0\0\0\0\0\0\0\0\0\0\0\0\0\0\0\0\0\0\0\0\0\0\0\0\0\0\0\0\0\0\0\0\0\0\0\0\0\0\0\0\0\0\0\0\0\0\0\0\0\0\0\0\0\0\0\0\0\0\0\0\0\0\0\0\0\0\0\0\0\0\0\0\0\0\0\0\0\0\0\0\0\0\0\0\0\0\0\0\0\0\0\0\0\0\0\0\0\0\0\0\0\0\0\0\0\0\0\0\0\0\0\0\0\0\0\0\0\0\0\0\0\0\0\0\0\0\0\0\0\0\0\0\0\0\0\0\0\0\0\0\0\0\0\0\0\0\0\0\0\0\0\0\0\0\0\0\0\0\0\0\0\0\0\0\0\0\0\0\0\0\0\0\0\0\0\0\0\0\0\0\0\0\0\0\0\0\0\0\0\0\0\0\0\0\0\0\0\0\0\0\0\0\0\0\0\0\0\0\0\0\0\0\0\0\0\0\0\0\0\0\0\0\0\0\0\0\0\0\0\0\0\0\0\0\0\0\0\0\0\0\0\0\0\0\0\0\0\0\0\0\0\0\0\0\0\0\0\0\0\0\0\0\0\0\0\0\0\0\0\0\0\0\0\0\0\0\0\0\0\0\0\0\0\0\0\0\0\0\0\0\0\0\0\0\0\0\0\0\0\0\0\0\0\0\0\0\0\0\0\0\0\0\0\0\0\0\0\0\0\0\0\0\0\0\0\0\0\0\0\0\0\0\0\0\0\0\0\0\0\0\0\0','63558423.JPG','2017-01-13 10:32:46','2017-01-13 10:32:46'),(126,'ivan','','guerrero','perez',2,'1102373847',NULL,2,NULL,'1994-05-09','444545454','cabecera','','3185203089','yivan_99@hotmail.com',NULL,'\0N*s\\A7	q0U4ڬ[d50\0l1戃K\Z;5OvCH畫\rzEQ_~{0Hc\\bYDTx\0.\\wlc*sK\Z\0_6	s	5צ`	JWgRX(*,o\Z [WitYuE*ͨ(`%61P&\'00_w&PMly]n<U%(ctF$ƍ~a7*zjuh8nޥ\0[<Ӡv^?K5ٻdn{T0\0d+mEnszo\0;*s\\A7	qU̾Y; ӵ99\0\n@WG 4KGz	xPLK$:ns̄+KU&z\"%~$h{{Mc3uǾؐKN׫#ʖd!&sGhC=@\Z2{)O3$a1Q+ؗ17$JJhd7?lE!}MOpC.NVKʳwfy*1cկm7?5TܵpʹVfZ@ X$\"[[T=\Z$>uYGx^pyt*zU\'o\0[*s\\A7	qpU\0rc_%FF6K?!玲9TC#w^oH^Vu:Dt[Q4ȽAn/~T,|\'9V=:L3Kvb\nLCEǍΎ`JkkR5#ٚF]|f-b[6nG/mEG	!>\Z!rV?xҭF=nd$t624!6\0أPAU%ӤeHk^)$KM)tY(1Z8zҽKtT|n2EIIz:3\'\rTt&Ȗo\0<*s\\A7	qUM6\0IkV<$#ODpZ`#}u`/UxNeJUUwPT^jd9VHt̕]9	QvZ⼾Yjj[7H*D	gS߅zn63⍍JXpW*ѹ;A:5\n7-4\0ց(gp$owl$s;{`XtZϽJ/ʒ0\r\ZHd4.Td@~Jpf!o\\\r\\.e e=mǗ:<o\0\0\0\0\0\0\0\0\0\0\0\0\0\0\0\0\0\0\0\0\0\0\0\0\0\0\0\0\0\0\0\0\0\0\0\0\0\0\0\0\0\0\0\0\0\0\0\0\0\0\0\0\0\0\0\0\0\0\0\0\0\0\0\0\0\0\0\0\0\0\0\0\0\0\0\0\0\0\0\0\0\0\0\0\0\0\0\0\0\0\0\0\0\0\0\0\0\0\0\0\0\0\0\0\0\0\0\0\0\0\0\0\0\0\0\0\0\0\0\0\0\0\0\0\0\0\0\0\0\0\0\0\0\0\0\0\0\0\0\0\0\0\0\0\0\0\0\0\0\0\0\0\0\0\0\0\0\0\0\0\0\0\0\0\0\0\0\0\0\0\0\0\0\0\0\0\0\0\0\0\0\0\0\0\0\0\0\0\0\0\0\0\0\0\0\0\0\0\0\0\0\0\0\0\0\0\0\0\0\0\0\0\0\0\0\0\0\0\0\0\0\0\0\0\0\0\0\0\0\0\0\0\0\0\0\0\0\0\0\0\0\0\0\0\0\0\0\0\0\0\0\0\0\0\0\0\0\0\0\0\0\0\0\0\0\0\0\0\0\0\0\0\0\0\0\0\0\0\0\0\0\0\0\0\0\0\0\0\0\0\0\0\0\0\0\0\0\0\0\0','1102373847.JPG','2017-01-16 07:32:26','2017-01-16 07:32:26'),(127,'oscar','javier','mantilla','mantilla',2,'1102379479',NULL,2,NULL,'1996-02-17','avenina 10 n numero 16-03','pinares campestre','','3173917453','oscarjavier1990@hotmail.com',NULL,'\0\0*s\\A7	qUt>B^dkuFξJIItC\ry[F(}2ab\\~r\\\\\"Vue9h	{\rj61IxFWb	u[	j\"в+	/\07=|dDϓ\\`$W +XZz5`;9;\Zd_22!I_L&z~S]RPDe!ðnz[m/-So\0\0*s\\A7	qUt{/*W`N9^1)\n^Dzԕ-s/$(K;\r&وB\"E8K.l/B^{RKF1\"㡯y\ZËN\Z\ZI#jkܓg/<Ia(\'y7n;;*+)(\"ӝ,:\\&\r>/+2|\r%7\r{|	ЏK\"e@yZgQWeym9Qdo\0*s\\A7	qU*dn9|4Y\r\\E}DVW\'\"cjД/^<<Һ rA%pP0 }c2%Jt0-IS0(>,RXD`tnH2q)(Fjy0z2%.,8RKy\"sbv(r_:Qn2lZ`ucZPpػ^q	L#z;I\\?go\0\0*s\\A7	qU:mD\0\rn<yʮ X\rFL_omɡ$߉wVTyj/`T*4e\'0SC8\\|mJBvgVë3eaŽ8jk:Id*oZ	1qzK+ė\\\rj֬5t˅,^{!!^ATαi;go\0\0\0\0\0\0\0\0\0\0\0\0\0\0\0\0\0\0\0\0\0\0\0\0\0\0\0\0\0\0\0\0\0\0\0\0\0\0\0\0\0\0\0\0\0\0\0\0\0\0\0\0\0\0\0\0\0\0\0\0\0\0\0\0\0\0\0\0\0\0\0\0\0\0\0\0\0\0\0\0\0\0\0\0\0\0\0\0\0\0\0\0\0\0\0\0\0\0\0\0\0\0\0\0\0\0\0\0\0\0\0\0\0\0\0\0\0\0\0\0\0\0\0\0\0\0\0\0\0\0\0\0\0\0\0\0\0\0\0\0\0\0\0\0\0\0\0\0\0\0\0\0\0\0\0\0\0\0\0\0\0\0\0\0\0\0\0\0\0\0\0\0\0\0\0\0\0\0\0\0\0\0\0\0\0\0\0\0\0\0\0\0\0\0\0\0\0\0\0\0\0\0\0\0\0\0\0\0\0\0\0\0\0\0\0\0\0\0\0\0\0\0\0\0\0\0\0\0\0\0\0\0\0\0\0\0\0\0\0\0\0\0\0\0\0\0\0\0\0\0\0\0\0\0\0\0\0\0\0\0\0\0\0\0\0\0\0\0\0\0\0\0\0\0\0\0\0\0\0\0\0\0\0\0\0\0\0\0\0\0\0\0\0\0\0\0\0\0\0\0\0\0\0\0\0\0\0\0\0\0\0\0\0\0\0\0\0\0\0\0\0\0\0\0\0\0\0\0\0\0\0\0\0\0\0\0\0\0\0\0\0\0\0\0\0\0\0\0\0\0\0\0\0\0\0\0\0\0\0\0\0\0\0\0\0\0\0\0\0\0\0\0\0\0\0\0\0\0\0\0\0\0\0\0\0\0\0\0\0\0\0\0\0\0\0\0\0\0\0\0\0\0\0\0\0\0\0\0\0\0\0\0\0\0\0\0\0\0\0\0\0\0\0\0\0\0\0\0\0\0\0\0\0\0\0\0\0\0\0\0\0\0\0\0\0\0\0\0\0\0\0\0\0\0\0\0\0\0\0\0\0\0\0\0\0\0\0\0\0\0\0\0\0\0\0\0\0\0\0\0\0\0\0\0\0\0\0\0\0\0\0\0\0\0\0\0\0\0\0\0\0\0\0\0\0\0\0\0\0\0\0\0\0\0\0\0\0\0\0\0\0\0\0\0\0\0\0\0\0\0\0\0\0\0\0\0\0\0\0\0\0\0\0\0\0\0\0\0\0\0\0\0\0\0\0\0\0\0\0\0\0\0\0\0\0\0\0\0\0\0\0\0\0\0\0\0\0\0\0\0\0\0\0\0\0\0\0\0\0\0\0\0\0\0\0\0\0\0\0\0\0\0\0\0\0\0\0','1102379479.JPG','2017-01-16 18:27:13','2017-01-16 18:27:13'),(128,'hugo','leonardo','afanador','cristancho',2,'13873537',NULL,2,NULL,'1981-10-29','calle 6 numero 16-04','la colina','','3002857060','metalicasleoafanador@hotmail.com',NULL,'\0*s\\A,Rl|[+&l<Ωued#(a?I:8h7ř\\Lj{AW\\g\\W*99M;\0ıU1?2*=jy޸ˣ{}4?82zD@KG͉]mEl!Nl#jקXhWJ=v+>tg\\<uf6$z!#$&IXcjU?Jnf}fpE|a[Ng4o\0*s\\A(Z)r&k$1#47 zFf4lToLZ_>8fq\\ iV3(q\0U9mOU6LzTjk\nE#wә)9v]ɞ^`cS1 lv>ڛZSVacuI#_y*EcQ0aMqwohO5SÉn։\0rPN4H!ybЮr;IbT4Dxq?xpY:	A0HT)o\0;*s\\A7	q0Uw[_H*8׎c`M~J\\i;ޅewPfG1fB\"C@LUAxSvTmQHD|YC~kf7^5;	\\K<\Z٭NL~Z5;ͻ:_Gcc3KMŉea&saK~<W	18ǭFl#-&c3>=:/&핍<x!\Z\ruF n]\r\01h0V9LFz\0Ǻ6`L@ْ+po\0*s\\A7	q0U4\r-	)0ߖ_!sS`-Ѳ́UIXr4`kǣ_\rƨ\\)k誻v/=\0MQ(4ă_^1(hƂZ<Fe7,\rL䧰`	~1NzYRK/\'b`]L\\tJwFMےfd#*[lnRk^\ZE%<\ru(iUIlNѓ?o\0\0\0\0\0\0\0\0\0\0\0\0\0\0\0\0\0\0\0\0\0\0\0\0\0\0\0\0\0\0\0\0\0\0\0\0\0\0\0\0\0\0\0\0\0\0\0\0\0\0\0\0\0\0\0\0\0\0\0\0\0\0\0\0\0\0\0\0\0\0\0\0\0\0\0\0\0\0\0\0\0\0\0\0\0\0\0\0\0\0\0\0\0\0\0\0\0\0\0\0\0\0\0\0\0\0\0\0\0\0\0\0\0\0\0\0\0\0\0\0\0\0\0\0\0\0\0\0\0\0\0\0\0\0\0\0\0\0\0\0\0\0\0\0\0\0\0\0\0\0\0\0\0\0\0\0\0\0\0\0\0\0\0\0\0\0\0\0\0\0\0\0\0\0\0\0\0\0\0\0\0\0\0\0\0\0\0\0\0\0\0\0\0\0\0\0\0\0\0\0\0\0\0\0\0\0\0\0\0\0\0\0\0\0\0\0\0\0\0\0\0\0\0\0\0\0\0\0\0\0\0\0\0\0\0\0\0\0\0\0\0\0\0\0\0\0\0\0\0\0\0\0\0\0\0\0\0\0\0\0\0\0\0\0\0\0\0\0\0\0\0\0\0\0\0\0\0\0\0\0\0\0\0\0\0\0\0\0\0\0\0\0\0\0\0\0\0\0\0\0\0\0\0\0\0\0\0\0\0\0\0\0\0\0\0\0\0\0\0\0\0\0\0\0\0\0\0\0\0\0\0\0\0\0\0\0\0\0\0\0\0\0\0\0\0\0\0\0\0\0\0\0\0\0\0\0\0\0\0\0\0\0\0\0\0\0\0\0\0\0\0\0\0\0\0\0\0\0\0\0\0\0\0\0\0\0\0\0\0\0\0\0\0\0\0\0\0\0\0\0\0\0\0\0\0\0\0\0\0\0\0\0\0\0\0\0\0\0\0\0\0\0\0\0\0\0\0\0\0\0\0\0\0\0\0\0\0\0\0\0\0\0\0\0\0\0\0\0\0\0\0\0\0\0\0\0\0\0\0\0\0\0\0\0\0\0\0\0\0\0','13873537.JPG','2017-01-17 21:25:52','2017-01-17 21:25:52'),(129,'nathalie','','carvajal','',2,'1102364390',NULL,1,NULL,'1990-07-29','carrera 11 numero 6-90','san rafael','','3017203790','nathalycarvajal1234@gmail.com',NULL,'\0*s\\A7	qpU;S\'9;Gv6+Fva{\n%PO<+	!L]SZJI#q%l`?H[W\\!=kYɖc9Qh5Cb!m%n\'~C_j>\'ǷkŃhh`3Aܤ2tZ8Z09쨸\"PC>!*4涫M8s7gXUy]av\ZbyM4Xu썣ʩtw.BID6KIn7u,oԾXmd~C{vS@(\00ޗ_?t4scAPk	T^)tF<E(5c)jk5W8o\0*s\\A7	qpU1_`#)39$l?:r~$=v\\=Nڂ;+,Iz Bk9OzB\0$e.b(\0%5F?\0U[~kj}#s#!ƃ\n	_i}nLٖYaj_b?X0Țg3O~	@zea[/ON!t\\mA4\ZR<QvfH=&:q	ϰZIQJ\n^^6%2mpe\",\"B\n`POA\\ƓD%c{bgkZj>/^m,U4wfw*ֹ\n@allv\r	J	o\0*s\\A7	qpUw\"GMtDQGt.ń\0ra?GgqPu$ \r^3.Cogt.xdH\"MbbB՞Í=G,vD?XvűTV~|!G1:E⟘	øeJPƎFx4.֖\'̯/@^qRF$LvsToU.-^cp	TN\n(:I8y,Ɯ;#Vw\0VYLT(3:/Z~Sv9àI>X\04nw#N̺Odlt(8Y^lD|\"-Go\0A*s\\A7	qp0U&Сa­i=/=e(\n ZR;Fla%ZSs\'UzgQ\'<Mf`rO=h^+0dZ:X0uH#[ZHʟ,&@E@N	F;5S|97j4D2c]a7f2Obz_zmuv:k*YϢGU?CkZj?th\ZY]C)bҸ].)$:yLÖv`z0VҜ:o\0\0\0\0\0\0\0\0\0\0\0\0\0\0\0\0\0\0\0\0\0\0\0\0\0\0\0\0\0\0\0\0\0\0\0\0\0\0\0\0\0\0\0\0\0\0\0\0\0\0\0\0\0\0\0\0\0\0\0\0\0\0\0\0\0\0\0\0\0\0\0\0\0\0\0\0\0\0\0\0\0\0\0\0\0\0\0\0\0\0\0\0\0\0\0\0\0\0\0\0\0\0\0\0\0\0\0\0\0\0\0\0\0\0\0\0\0\0\0\0\0\0\0\0\0\0\0\0\0\0\0\0\0\0\0\0','1102364390.JPG','2017-01-17 21:29:02','2017-01-17 21:29:02'),(130,'talia','fernanda','rojas','solano',1,'1005540425',NULL,1,NULL,'2000-12-28','pescadero','percadero','','3178625373','',NULL,'\0~*s\\A7	qpU\'w`hGy1UHn#0$n\0t~/GK~zfl\r>4Z8[.ɢgh;\'ih9D<\"\n^\'b-kG*[ERml3gE0Q*n\"xDdRFqA7UjG۫%jAZJ\0\'\n(XϞ[\n[M.ck]Mn&\"xz\0D<Z:\n#O8\nU;WoH-O`߄ISeGJ=+$},RWɨMj>G\'J+/o!S{io+zXOko\0*s\\A7	qpUw~VDOm\"yW{Q/ۏSOԓPڨGO8@TZOЇxN+3{ED3(9*kF~x:/wYKlh@Tyf?馪˕q=5Q\rIOn@iPF<dV/EMRYք5pnk^xD*v-ea㸥Q(4?3\0s} dR;lP((b)$HVvxZb`2?V\0DRupChqSs=gw8	~A)i\nT\0Sri#ޔ<!ʤAӅIg$2;,Ơ$h5gYq\\o\0~*s\\A7	qpU\'{oomAMm)bz{n=Wd\r*){LfvɮGItc{	N)+iîAd(jnչl|+}[L[\"٫td%vvc8`4qx\'>\n$b`VE\'RA?(h:Pc<m{K&ZU|n\Zk\0]tCjhP9\rZIU{xҪyF\'%mZۃ`CH)(##VlWݔBe#]Wٴv*s88O}seh\ZAԗXk[W9C.\r)#cOa >Gfo\0*s\\A7	q0U˴@=/YF$\\\nqhEd4X(\\&1$Xw!,$ђVIsZϘ4}90&HkjӜ-I<D5z\r/p9K6cVCʎxeǏ҈Qjb?87G\0m~]/ْ.kl7bO1ҷAK0y`\ru<ЍfODߩG}oNV[yƝ$RE[B@N5-KҐf9`5㳝`oHH>Y7w)Vs-[ZZ\rFr653b\r-9)cU5D5KHA (tJo\0\0\0\0\0\0\0\0\0\0\0\0\0\0\0\0\0\0\0\0\0\0\0\0\0\0\0\0\0\0\0\0\0\0\0\0\0\0\0\0\0\0\0\0\0\0\0\0\0\0\0\0\0\0\0\0\0\0\0\0\0\0\0\0\0\0\0\0\0\0\0\0\0\0\0\0\0\0','1005540425.JPG','2017-01-19 16:06:13','2017-05-22 20:12:41');

/*Table structure for table `producto_ventas` */

DROP TABLE IF EXISTS `producto_ventas`;

CREATE TABLE `producto_ventas` (
  `id` bigint(20) unsigned NOT NULL AUTO_INCREMENT,
  `productos_id` bigint(20) NOT NULL,
  `cantidad` double unsigned NOT NULL,
  `valor_total` double unsigned NOT NULL,
  `usuario_id` bigint(20) unsigned NOT NULL,
  `fecha_registro` timestamp NOT NULL DEFAULT CURRENT_TIMESTAMP,
  PRIMARY KEY (`id`),
  KEY `cafeteria_usuario_id_fk_idx` (`usuario_id`),
  KEY `cafeteria_producto_id_fk_idx` (`productos_id`),
  CONSTRAINT `cafeteria_producto_id_fk` FOREIGN KEY (`productos_id`) REFERENCES `productos` (`id`) ON DELETE NO ACTION ON UPDATE NO ACTION,
  CONSTRAINT `cafeteria_usuario_id_fk` FOREIGN KEY (`usuario_id`) REFERENCES `usuarios` (`id`) ON DELETE NO ACTION ON UPDATE NO ACTION
) ENGINE=InnoDB AUTO_INCREMENT=249 DEFAULT CHARSET=utf8 COLLATE=utf8_unicode_ci;

/*Data for the table `producto_ventas` */

insert  into `producto_ventas`(`id`,`productos_id`,`cantidad`,`valor_total`,`usuario_id`,`fecha_registro`) values (1,1,1,2500,1,'2016-09-20 18:31:06'),(2,1,4,10000,1,'2016-10-12 10:50:06'),(3,1,2,5000,1,'2016-10-12 20:40:01'),(4,1,2,5000,1,'2016-10-13 09:29:28'),(5,4,1,2500,1,'2016-10-13 15:37:03'),(6,1,2,5000,1,'2016-10-13 19:29:38'),(7,1,1,2500,1,'2016-10-13 21:25:36'),(8,2,1,1600,1,'2016-10-14 17:21:15'),(9,2,1,1600,1,'2016-10-15 07:59:50'),(10,3,2,1000,1,'2016-10-15 09:04:47'),(11,4,1,2500,1,'2016-10-15 09:05:35'),(12,1,1,2500,1,'2016-10-15 10:02:29'),(13,3,2,1000,1,'2016-10-18 09:56:52'),(14,3,2,1000,1,'2016-10-18 10:02:28'),(15,2,1,1600,1,'2016-10-18 10:43:05'),(16,3,1,500,1,'2016-10-18 10:43:13'),(17,3,1,500,1,'2016-10-18 10:47:08'),(18,1,1,2500,1,'2016-10-18 10:56:08'),(19,1,1,2500,1,'2016-10-18 21:29:32'),(20,1,1,2500,1,'2016-10-19 20:38:18'),(21,1,1,2500,1,'2016-10-19 20:39:31'),(22,1,1,2500,1,'2016-10-19 20:39:54'),(23,3,2,1000,1,'2016-10-19 21:28:59'),(24,3,2,1000,1,'2016-10-20 09:59:17'),(25,1,1,2500,1,'2016-10-20 11:06:20'),(26,3,1,500,1,'2016-10-20 11:06:25'),(27,5,1,1700,1,'2016-10-20 11:13:51'),(28,3,1,500,1,'2016-10-20 20:23:09'),(29,1,1,2500,1,'2016-10-20 20:34:12'),(30,3,1,500,1,'2016-10-21 07:49:21'),(31,2,1,1600,1,'2016-10-21 10:56:47'),(32,1,1,2500,1,'2016-10-21 17:34:20'),(33,1,1,2500,1,'2016-10-21 18:24:02'),(34,4,1,2500,1,'2016-10-21 20:05:30'),(35,1,1,2500,1,'2016-10-22 10:59:27'),(36,1,1,2500,1,'2016-10-22 11:43:52'),(37,2,1,1600,1,'2016-10-24 09:20:44'),(38,1,1,2500,1,'2016-10-25 06:10:16'),(39,3,2,1000,1,'2016-10-25 09:16:20'),(40,2,1,1600,1,'2016-10-25 10:54:17'),(41,3,1,500,1,'2016-10-25 18:05:59'),(42,3,2,1000,1,'2016-10-25 19:42:26'),(43,1,1,2500,1,'2016-10-26 16:48:22'),(44,2,2,3200,1,'2016-10-26 17:39:19'),(45,1,1,2500,1,'2016-10-27 18:51:01'),(46,1,1,2500,1,'2016-10-27 18:51:36'),(47,1,1,2500,1,'2016-10-27 21:00:47'),(48,1,1,2500,1,'2016-10-28 06:17:57'),(49,1,1,2500,1,'2016-10-28 21:13:37'),(50,4,1,2500,1,'2016-10-28 21:13:49'),(51,1,1,2500,1,'2016-10-28 21:17:04'),(52,1,1,2500,1,'2016-10-28 21:26:01'),(53,2,1,1600,1,'2016-10-28 21:26:05'),(54,1,3,7500,1,'2016-10-29 09:54:31'),(55,2,1,1600,1,'2016-10-31 17:52:13'),(56,1,1,2500,1,'2016-10-31 19:58:37'),(57,2,1,1600,1,'2016-10-31 19:58:47'),(58,5,1,1700,1,'2016-10-31 19:59:06'),(59,2,1,1600,1,'2016-11-01 05:07:32'),(60,3,1,500,1,'2016-11-01 06:53:53'),(61,4,1,2500,1,'2016-11-01 10:58:57'),(62,3,1,500,1,'2016-11-01 19:38:02'),(63,1,1,2500,1,'2016-11-01 20:32:43'),(64,5,1,1700,1,'2016-11-01 20:58:08'),(65,1,1,2500,1,'2016-11-01 21:05:22'),(66,4,1,2500,1,'2016-11-01 21:05:26'),(67,1,1,2500,1,'2016-11-02 06:04:57'),(68,1,1,2500,1,'2016-11-02 20:29:01'),(69,1,2,5000,1,'2016-11-02 20:34:56'),(70,3,2,1000,1,'2016-11-02 21:06:18'),(71,2,1,1600,1,'2016-11-03 15:38:27'),(72,1,1,2500,1,'2016-11-04 17:41:41'),(73,3,1,500,1,'2016-11-04 18:27:22'),(74,2,1,1600,1,'2016-11-05 09:12:40'),(75,3,1,500,1,'2016-11-05 09:12:48'),(76,1,2,5000,1,'2016-11-05 10:00:02'),(77,3,2,1000,1,'2016-11-05 10:00:11'),(78,4,1,2500,1,'2016-11-05 10:07:44'),(79,1,1,2500,1,'2016-11-05 10:31:34'),(80,1,2,5000,1,'2016-11-05 10:41:56'),(81,1,1,2500,1,'2016-11-07 09:50:26'),(82,1,1,2500,1,'2016-11-07 09:55:19'),(83,1,2,5000,1,'2016-11-07 11:04:58'),(84,3,3,1500,1,'2016-11-08 09:54:24'),(85,3,2,1000,1,'2016-11-08 20:42:43'),(86,2,1,1600,1,'2016-11-08 21:10:22'),(87,1,1,2500,1,'2016-11-09 07:04:54'),(88,2,1,1600,1,'2016-11-09 07:05:01'),(89,3,3,1500,1,'2016-11-09 10:41:11'),(90,4,1,2500,1,'2016-11-09 20:23:02'),(91,2,1,1600,1,'2016-11-09 20:42:47'),(92,2,1,1600,1,'2016-11-10 07:05:57'),(93,2,1,1800,1,'2016-11-10 09:22:13'),(94,3,2,1000,1,'2016-11-10 10:55:23'),(95,4,1,2500,1,'2016-11-10 15:30:15'),(96,3,1,500,1,'2016-11-10 20:25:01'),(97,1,1,2500,1,'2016-11-10 20:30:56'),(98,3,1,500,1,'2016-11-10 20:31:01'),(99,3,1,500,1,'2016-11-10 21:29:09'),(100,3,1,500,1,'2016-11-11 16:31:49'),(101,2,1,1800,1,'2016-11-11 19:07:53'),(102,1,1,2500,1,'2016-11-11 19:48:33'),(103,1,2,5000,1,'2016-11-12 07:12:15'),(104,4,1,2500,1,'2016-11-12 09:51:43'),(105,3,1,500,1,'2016-11-12 09:51:54'),(106,1,1,2500,1,'2016-11-12 11:57:44'),(107,3,1,500,1,'2016-11-12 11:57:49'),(108,2,1,1800,1,'2016-11-14 09:13:56'),(109,2,1,1800,1,'2016-11-15 06:06:57'),(110,3,2,1000,1,'2016-11-15 16:28:10'),(111,2,1,1800,1,'2016-11-16 05:52:03'),(112,2,1,1800,1,'2016-11-16 18:17:59'),(113,2,1,1800,1,'2016-11-16 18:38:07'),(114,4,1,2500,1,'2016-11-16 18:38:13'),(115,1,1,2500,1,'2016-11-16 20:37:35'),(116,3,1,500,1,'2016-11-16 21:18:24'),(117,2,1,1800,1,'2016-11-17 06:06:12'),(118,2,1,1800,1,'2016-11-18 10:37:13'),(119,3,1,500,1,'2016-11-18 17:29:03'),(120,2,1,1800,1,'2016-11-18 17:32:22'),(121,2,1,1800,1,'2016-11-18 19:57:16'),(122,2,1,1800,1,'2016-11-21 05:33:12'),(123,5,2,3400,1,'2016-11-21 05:33:37'),(124,1,1,2500,1,'2016-11-21 05:33:51'),(125,3,1,500,1,'2016-11-21 05:33:58'),(126,2,1,1800,1,'2016-11-22 19:35:53'),(127,3,1,500,1,'2016-11-23 20:42:09'),(128,3,2,1000,1,'2016-11-24 21:28:59'),(129,3,1,500,1,'2016-11-25 18:00:07'),(130,1,1,2500,1,'2016-11-25 20:32:46'),(131,3,3,1500,1,'2016-11-26 10:53:14'),(132,1,1,2500,1,'2016-11-28 07:56:23'),(133,1,1,2500,1,'2016-11-28 15:44:50'),(134,3,3,1500,1,'2016-11-29 18:36:40'),(135,2,1,1800,1,'2016-11-30 16:23:43'),(136,1,1,2500,1,'2016-11-30 20:27:32'),(137,1,1,2500,1,'2016-11-30 20:36:14'),(138,4,1,2500,1,'2016-11-30 20:36:19'),(139,1,1,2500,1,'2016-11-30 21:19:32'),(140,2,1,1800,1,'2016-12-01 08:47:04'),(141,1,2,5000,1,'2016-12-01 11:35:15'),(142,2,1,1800,1,'2016-12-01 15:52:56'),(143,3,1,500,1,'2016-12-01 21:08:25'),(144,3,2,1000,1,'2016-12-01 21:15:38'),(145,2,1,1800,1,'2016-12-02 09:09:42'),(146,3,1,500,1,'2016-12-02 19:34:57'),(147,3,1,500,1,'2016-12-02 21:12:10'),(148,3,1,500,1,'2016-12-03 12:03:50'),(149,5,1,1700,1,'2016-12-05 16:55:56'),(150,1,2,5000,1,'2016-12-05 17:00:16'),(151,2,1,1800,1,'2016-12-05 17:00:28'),(152,1,1,2500,1,'2016-12-05 20:49:31'),(153,1,1,2500,1,'2016-12-05 20:49:49'),(154,3,1,500,1,'2016-12-06 06:34:02'),(155,1,1,2500,1,'2016-12-06 10:51:18'),(156,3,3,1500,1,'2016-12-06 10:51:29'),(157,3,1,500,1,'2016-12-06 19:21:38'),(158,3,1,500,1,'2016-12-07 20:37:13'),(159,2,1,1800,1,'2016-12-08 09:00:06'),(160,1,2,5000,1,'2016-12-08 10:09:28'),(161,3,3,1500,1,'2016-12-08 12:00:29'),(162,3,1,500,1,'2016-12-09 17:20:06'),(163,1,1,2500,1,'2016-12-09 17:20:44'),(164,3,5,2500,1,'2016-12-10 08:42:12'),(165,2,1,1800,1,'2016-12-10 08:42:29'),(166,2,1,1800,1,'2016-12-10 08:43:19'),(167,3,1,500,1,'2016-12-10 08:43:40'),(168,1,1,2500,1,'2016-12-12 06:03:13'),(169,2,1,1800,1,'2016-12-12 19:31:08'),(170,3,2,1000,1,'2016-12-12 20:36:45'),(171,1,1,2500,1,'2016-12-12 21:03:51'),(172,1,1,2500,1,'2016-12-12 21:26:44'),(173,3,2,1000,1,'2016-12-12 21:26:54'),(174,3,1,500,1,'2016-12-12 21:28:58'),(175,1,2,5000,1,'2016-12-13 10:50:37'),(176,2,1,1800,1,'2016-12-13 16:37:49'),(177,1,1,2500,1,'2016-12-14 07:06:09'),(178,1,1,2500,1,'2016-12-14 20:38:21'),(179,1,1,2500,1,'2016-12-15 21:14:23'),(180,1,2,5000,1,'2016-12-16 05:46:55'),(181,1,1,2500,1,'2016-12-16 10:46:41'),(182,3,1,500,1,'2016-12-16 10:47:27'),(183,1,1,2500,1,'2016-12-16 17:15:25'),(184,1,1,2500,1,'2016-12-17 11:26:38'),(185,2,2,3600,1,'2016-12-19 06:08:09'),(186,3,1,500,1,'2016-12-19 20:30:43'),(187,1,1,2500,1,'2016-12-19 20:43:51'),(188,3,1,500,1,'2016-12-19 21:24:15'),(189,2,1,1800,1,'2016-12-20 17:23:50'),(190,1,1,2500,1,'2016-12-20 21:15:55'),(191,1,1,2500,1,'2016-12-21 17:32:37'),(192,1,1,2500,1,'2016-12-21 19:35:16'),(193,1,1,2500,1,'2016-12-21 20:32:59'),(194,1,1,2500,1,'2016-12-22 17:35:50'),(195,1,1,2500,1,'2016-12-22 17:38:17'),(196,3,1,500,1,'2016-12-23 09:44:43'),(197,2,1,1800,1,'2016-12-26 06:02:54'),(198,1,1,2500,1,'2016-12-26 16:27:53'),(199,1,1,2500,1,'2016-12-26 17:07:14'),(200,3,2,1000,1,'2016-12-27 19:42:14'),(201,1,1,2500,1,'2016-12-28 20:31:53'),(202,2,1,1800,1,'2016-12-28 20:53:08'),(203,3,1,500,1,'2016-12-29 19:20:21'),(204,1,1,2500,1,'2017-01-03 10:53:18'),(205,1,1,2500,1,'2017-01-03 21:11:09'),(206,3,1,500,1,'2017-01-03 21:17:51'),(207,1,1,2500,1,'2017-01-04 05:58:37'),(208,2,1,1800,1,'2017-01-04 17:26:54'),(209,3,6,3000,1,'2017-01-04 18:04:49'),(210,3,3,1500,1,'2017-01-04 20:22:41'),(211,1,2,5000,1,'2017-01-05 15:41:37'),(212,3,1,500,1,'2017-01-05 21:08:44'),(213,3,2,1000,1,'2017-01-06 19:30:59'),(214,1,1,2500,1,'2017-01-07 07:54:36'),(215,1,1,2500,1,'2017-01-07 11:13:17'),(216,3,1,500,1,'2017-01-11 19:17:12'),(217,1,1,2500,1,'2017-01-11 20:20:24'),(218,1,1,2500,1,'2017-01-11 21:29:28'),(219,3,1,500,1,'2017-01-11 21:29:32'),(220,1,2,5000,1,'2017-01-12 10:55:31'),(221,1,1,2500,1,'2017-01-12 21:19:22'),(222,3,1,500,1,'2017-01-12 21:19:29'),(223,3,3,1500,1,'2017-01-13 10:50:55'),(224,1,1,2500,1,'2017-01-13 17:42:55'),(225,3,1,500,1,'2017-01-13 21:35:00'),(226,1,1,2500,1,'2017-01-14 08:51:22'),(227,3,1,500,1,'2017-01-16 11:15:40'),(228,2,1,1800,1,'2017-01-16 16:50:24'),(229,2,1,1800,1,'2017-01-16 19:29:09'),(230,2,1,1800,1,'2017-01-17 09:51:40'),(231,1,2,5000,1,'2017-01-17 11:15:39'),(232,3,1,500,1,'2017-01-17 17:09:03'),(233,1,1,2500,1,'2017-01-17 18:40:46'),(234,3,1,500,1,'2017-01-17 18:40:54'),(235,2,1,1800,1,'2017-01-18 06:04:58'),(236,3,1,500,1,'2017-01-18 19:30:23'),(237,2,1,1800,1,'2017-01-18 21:22:46'),(238,3,2,1000,1,'2017-01-19 17:19:26'),(239,3,1,500,1,'2017-01-19 17:19:36'),(240,2,2,3600,1,'2017-01-19 17:21:01'),(241,3,1,500,1,'2017-01-19 17:37:23'),(242,1,1,2500,1,'2017-01-19 17:37:28'),(243,2,1,1800,1,'2017-01-19 20:32:27'),(244,1,1,2500,1,'2017-01-19 21:27:17'),(245,3,2,1000,1,'2017-01-19 21:29:08'),(246,1,2,5000,1,'2017-01-19 21:31:26'),(247,2,1,1800,1,'2017-01-20 06:09:08'),(248,3,1,500,1,'2017-01-20 19:29:08');

/*Table structure for table `productos` */

DROP TABLE IF EXISTS `productos`;

CREATE TABLE `productos` (
  `id` bigint(20) NOT NULL AUTO_INCREMENT COMMENT 'Id del producto',
  `nombre` varchar(45) COLLATE utf8_unicode_ci NOT NULL COMMENT 'Nombre del producto',
  `precio` decimal(10,2) NOT NULL COMMENT 'Precio del producto',
  PRIMARY KEY (`id`)
) ENGINE=InnoDB AUTO_INCREMENT=6 DEFAULT CHARSET=utf8 COLLATE=utf8_unicode_ci;

/*Data for the table `productos` */

insert  into `productos`(`id`,`nombre`,`precio`) values (1,'gatorade',2500.00),(2,'agua botella',1800.00),(3,'agua bolsa',500.00),(4,'H2o',2500.00),(5,'peak',1700.00);

/*Table structure for table `usuarios` */

DROP TABLE IF EXISTS `usuarios`;

CREATE TABLE `usuarios` (
  `id` bigint(20) unsigned NOT NULL AUTO_INCREMENT COMMENT 'Id del usuario',
  `tipo_usuario` smallint(1) unsigned NOT NULL COMMENT 'Tipo de usuario(1: Admin; 2: Fisioterapeuta)',
  `persona_id` bigint(20) unsigned NOT NULL COMMENT 'Id de la persona',
  `loggin` varchar(20) COLLATE utf8_unicode_ci NOT NULL COMMENT 'Loggin del usuario',
  `password` varchar(120) COLLATE utf8_unicode_ci NOT NULL COMMENT 'Contrasena del usuario',
  `yn_activo` smallint(1) unsigned NOT NULL DEFAULT '1' COMMENT 'Activo(1: Si; 2: No)',
  `fecha_registro` timestamp NOT NULL DEFAULT CURRENT_TIMESTAMP COMMENT 'Fecha de registro',
  `fecha_modificacion` timestamp NOT NULL DEFAULT CURRENT_TIMESTAMP COMMENT 'Fecha modificación',
  PRIMARY KEY (`id`),
  UNIQUE KEY `loggin_UNIQUE` (`loggin`),
  KEY `usuarios_persona_id_idx` (`persona_id`),
  CONSTRAINT `usuarios_persona_id_fk` FOREIGN KEY (`persona_id`) REFERENCES `personas` (`id`) ON DELETE NO ACTION ON UPDATE NO ACTION
) ENGINE=InnoDB AUTO_INCREMENT=2 DEFAULT CHARSET=utf8 COLLATE=utf8_unicode_ci;

/*Data for the table `usuarios` */

insert  into `usuarios`(`id`,`tipo_usuario`,`persona_id`,`loggin`,`password`,`yn_activo`,`fecha_registro`,`fecha_modificacion`) values (1,1,1,'root','81dc9bdb52d04dc20036dbd8313ed055',1,'2016-08-13 09:30:10','2016-08-13 09:30:10');

/*!40101 SET SQL_MODE=@OLD_SQL_MODE */;
/*!40014 SET FOREIGN_KEY_CHECKS=@OLD_FOREIGN_KEY_CHECKS */;
/*!40014 SET UNIQUE_CHECKS=@OLD_UNIQUE_CHECKS */;
/*!40111 SET SQL_NOTES=@OLD_SQL_NOTES */;
